primary_label,filename,rating,latitude,longitude,file_path,class_name,duration
amakin1,amakin1/XC113758.ogg,4.0,-20.8004,-42.8884,birdclef-2025/train_audio/amakin1/XC113758.ogg,Aves,8.04571875
amakin1,amakin1/XC128795.ogg,5.0,-16.7581,-56.8764,birdclef-2025/train_audio/amakin1/XC128795.ogg,Aves,13.968
amakin1,amakin1/XC128804.ogg,5.0,-16.7581,-56.8764,birdclef-2025/train_audio/amakin1/XC128804.ogg,Aves,9.816
amakin1,amakin1/XC128806.ogg,5.0,-16.7581,-56.8764,birdclef-2025/train_audio/amakin1/XC128806.ogg,Aves,13.536
amakin1,amakin1/XC129931.ogg,5.0,-9.5981,-55.932,birdclef-2025/train_audio/amakin1/XC129931.ogg,Aves,8.16
amakin1,amakin1/XC131505.ogg,5.0,-12.0478,-69.6759,birdclef-2025/train_audio/amakin1/XC131505.ogg,Aves,12.2775625
amakin1,amakin1/XC176510.ogg,4.0,-27.5218,-49.6199,birdclef-2025/train_audio/amakin1/XC176510.ogg,Aves,9.6391875
amakin1,amakin1/XC1881.ogg,4.0,-13.55,-61.01,birdclef-2025/train_audio/amakin1/XC1881.ogg,Aves,10.9191875
amakin1,amakin1/XC238129.ogg,4.0,-1.584,-77.763,birdclef-2025/train_audio/amakin1/XC238129.ogg,Aves,18.36409375
amakin1,amakin1/XC257911.ogg,4.0,-0.498,-76.373,birdclef-2025/train_audio/amakin1/XC257911.ogg,Aves,7.96734375
amakin1,amakin1/XC257913.ogg,5.0,-0.523,-76.438,birdclef-2025/train_audio/amakin1/XC257913.ogg,Aves,16.48325
amakin1,amakin1/XC257914.ogg,5.0,-0.548,-76.041,birdclef-2025/train_audio/amakin1/XC257914.ogg,Aves,11.23265625
amakin1,amakin1/XC257915.ogg,4.5,-0.523,-76.438,birdclef-2025/train_audio/amakin1/XC257915.ogg,Aves,11.4155
amakin1,amakin1/XC298938.ogg,4.0,-3.4501,-72.8801,birdclef-2025/train_audio/amakin1/XC298938.ogg,Aves,13.4530625
amakin1,amakin1/XC301610.ogg,5.0,-16.6003,-49.2802,birdclef-2025/train_audio/amakin1/XC301610.ogg,Aves,7.83675
amakin1,amakin1/XC306297.ogg,5.0,-18.9439,-46.9925,birdclef-2025/train_audio/amakin1/XC306297.ogg,Aves,6.321625
amakin1,amakin1/XC325534.ogg,4.0,-34.54,-58.4454,birdclef-2025/train_audio/amakin1/XC325534.ogg,Aves,8.3069375
amakin1,amakin1/XC332256.ogg,5.0,-23.9571,-52.1851,birdclef-2025/train_audio/amakin1/XC332256.ogg,Aves,10.08325
amakin1,amakin1/XC343339.ogg,5.0,-19.6617,-57.0195,birdclef-2025/train_audio/amakin1/XC343339.ogg,Aves,6.530625
amakin1,amakin1/XC415847.ogg,5.0,-16.5728,-49.3122,birdclef-2025/train_audio/amakin1/XC415847.ogg,Aves,5.9036875
amakin1,amakin1/XC51481.ogg,4.0,-22.1931,-63.9445,birdclef-2025/train_audio/amakin1/XC51481.ogg,Aves,6.73959375
amakin1,amakin1/XC51482.ogg,4.0,-22.1931,-63.9445,birdclef-2025/train_audio/amakin1/XC51482.ogg,Aves,14.36734375
amakin1,amakin1/XC51483.ogg,4.0,-22.1931,-63.9445,birdclef-2025/train_audio/amakin1/XC51483.ogg,Aves,15.30775
amakin1,amakin1/XC51484.ogg,4.0,-22.1931,-63.9445,birdclef-2025/train_audio/amakin1/XC51484.ogg,Aves,4.5975625
amakin1,amakin1/XC51485.ogg,4.0,-22.1931,-63.9445,birdclef-2025/train_audio/amakin1/XC51485.ogg,Aves,8.2285625
amakin1,amakin1/XC550265.ogg,4.0,-26.5723,-53.8018,birdclef-2025/train_audio/amakin1/XC550265.ogg,Aves,14.544
amakin1,amakin1/XC550401.ogg,4.0,-16.7546,-56.8859,birdclef-2025/train_audio/amakin1/XC550401.ogg,Aves,9.32571875
amakin1,amakin1/XC591955.ogg,4.0,-4.2889,-70.2948,birdclef-2025/train_audio/amakin1/XC591955.ogg,Aves,11.568
amakin1,amakin1/XC618025.ogg,4.0,18.4157,-95.1019,birdclef-2025/train_audio/amakin1/XC618025.ogg,Aves,15.216
amakin1,amakin1/XC631866.ogg,4.0,-16.6003,-49.2802,birdclef-2025/train_audio/amakin1/XC631866.ogg,Aves,8.8555
amakin1,amakin1/XC639261.ogg,5.0,1.4898,-75.6801,birdclef-2025/train_audio/amakin1/XC639261.ogg,Aves,7.0269375
amakin1,amakin1/XC639266.ogg,5.0,1.4898,-75.6801,birdclef-2025/train_audio/amakin1/XC639266.ogg,Aves,18.4424375
amakin1,amakin1/XC646803.ogg,4.0,-9.8112,-50.1683,birdclef-2025/train_audio/amakin1/XC646803.ogg,Aves,6.66121875
amakin1,amakin1/XC654346.ogg,4.0,-16.7546,-56.8813,birdclef-2025/train_audio/amakin1/XC654346.ogg,Aves,7.99346875
amakin1,amakin1/XC659549.ogg,5.0,-14.134,-47.514,birdclef-2025/train_audio/amakin1/XC659549.ogg,Aves,8.424
amakin1,amakin1/XC66012.ogg,4.0,8.9498,-68.0831,birdclef-2025/train_audio/amakin1/XC66012.ogg,Aves,9.79590625
amakin1,amakin1/XC716320.ogg,5.0,-33.069,-60.8206,birdclef-2025/train_audio/amakin1/XC716320.ogg,Aves,8.3330625
amakin1,amakin1/XC732847.ogg,4.5,-14.625,-49.0051,birdclef-2025/train_audio/amakin1/XC732847.ogg,Aves,8.933
amakin1,amakin1/XC741063.ogg,4.5,-16.0538,-49.604,birdclef-2025/train_audio/amakin1/XC741063.ogg,Aves,4.5191875
amakin1,amakin1/XC745512.ogg,4.5,-17.7396,-48.6279,birdclef-2025/train_audio/amakin1/XC745512.ogg,Aves,16.613875
amakin1,amakin1/XC769595.ogg,5.0,-6.3776,-47.4047,birdclef-2025/train_audio/amakin1/XC769595.ogg,Aves,7.7845
amakin1,amakin1/XC817237.ogg,4.5,-6.3776,-47.4047,birdclef-2025/train_audio/amakin1/XC817237.ogg,Aves,8.986
amakin1,amakin1/XC84990.ogg,4.0,-13.9267,-38.9654,birdclef-2025/train_audio/amakin1/XC84990.ogg,Aves,5.2245
amakin1,amakin1/XC85473.ogg,4.0,-23.5684,-45.3026,birdclef-2025/train_audio/amakin1/XC85473.ogg,Aves,6.87021875
amakin1,amakin1/XC934323.ogg,4.0,-16.6003,-49.2802,birdclef-2025/train_audio/amakin1/XC934323.ogg,Aves,5.537
amakin1,amakin1/XC939547.ogg,5.0,1.4022,-60.9869,birdclef-2025/train_audio/amakin1/XC939547.ogg,Aves,7.706
amekes,amekes/XC127418.ogg,4.0,-33.214,-70.9456,birdclef-2025/train_audio/amekes/XC127418.ogg,Aves,13.776
amekes,amekes/XC147272.ogg,5.0,32.6287,-116.923,birdclef-2025/train_audio/amekes/XC147272.ogg,Aves,6.24
amekes,amekes/XC16111.ogg,4.0,-16.9334,-66.8667,birdclef-2025/train_audio/amekes/XC16111.ogg,Aves,7.1053125
amekes,amekes/XC213165.ogg,4.0,19.8334,-70.7599,birdclef-2025/train_audio/amekes/XC213165.ogg,Aves,11.52
amekes,amekes/XC214257.ogg,4.0,19.8334,-70.7599,birdclef-2025/train_audio/amekes/XC214257.ogg,Aves,11.18040625
amekes,amekes/XC214259.ogg,4.0,19.8334,-70.7599,birdclef-2025/train_audio/amekes/XC214259.ogg,Aves,11.31103125
amekes,amekes/XC216657.ogg,4.0,39.1203,-108.7318,birdclef-2025/train_audio/amekes/XC216657.ogg,Aves,17.3975625
amekes,amekes/XC253328.ogg,5.0,41.2432,-111.1604,birdclef-2025/train_audio/amekes/XC253328.ogg,Aves,12.0
amekes,amekes/XC297550.ogg,4.0,29.3728,-103.4782,birdclef-2025/train_audio/amekes/XC297550.ogg,Aves,17.58040625
amekes,amekes/XC308302.ogg,5.0,13.3676,-86.9282,birdclef-2025/train_audio/amekes/XC308302.ogg,Aves,9.84815625
amekes,amekes/XC362209.ogg,4.0,36.6822,-121.2087,birdclef-2025/train_audio/amekes/XC362209.ogg,Aves,4.248
amekes,amekes/XC418891.ogg,4.0,-21.0944,-52.4465,birdclef-2025/train_audio/amekes/XC418891.ogg,Aves,17.4
amekes,amekes/XC418893.ogg,4.0,-21.0944,-52.4465,birdclef-2025/train_audio/amekes/XC418893.ogg,Aves,19.224
amekes,amekes/XC419402.ogg,5.0,-33.6876,-70.91,birdclef-2025/train_audio/amekes/XC419402.ogg,Aves,15.12490625
amekes,amekes/XC420472.ogg,5.0,39.5696,-119.6918,birdclef-2025/train_audio/amekes/XC420472.ogg,Aves,7.656
amekes,amekes/XC421160.ogg,4.0,-23.7976,-48.5928,birdclef-2025/train_audio/amekes/XC421160.ogg,Aves,3.50040625
amekes,amekes/XC426298.ogg,5.0,42.6284,-70.6479,birdclef-2025/train_audio/amekes/XC426298.ogg,Aves,6.552
amekes,amekes/XC431030.ogg,4.0,-29.0066,-50.8079,birdclef-2025/train_audio/amekes/XC431030.ogg,Aves,11.04
amekes,amekes/XC438159.ogg,4.0,-32.8346,-65.9636,birdclef-2025/train_audio/amekes/XC438159.ogg,Aves,14.23675
amekes,amekes/XC443812.ogg,4.0,33.077,-97.0066,birdclef-2025/train_audio/amekes/XC443812.ogg,Aves,15.30775
amekes,amekes/XC449552.ogg,4.0,32.5573,-117.0767,birdclef-2025/train_audio/amekes/XC449552.ogg,Aves,6.864
amekes,amekes/XC451207.ogg,5.0,32.8814,-116.4632,birdclef-2025/train_audio/amekes/XC451207.ogg,Aves,15.912
amekes,amekes/XC451253.ogg,5.0,32.5593,-117.0928,birdclef-2025/train_audio/amekes/XC451253.ogg,Aves,5.424
amekes,amekes/XC452613.ogg,4.0,29.6689,-96.2668,birdclef-2025/train_audio/amekes/XC452613.ogg,Aves,5.424
amekes,amekes/XC466164.ogg,4.0,23.0477,-109.697,birdclef-2025/train_audio/amekes/XC466164.ogg,Aves,6.73959375
amekes,amekes/XC51475.ogg,4.0,-34.2342,-58.8861,birdclef-2025/train_audio/amekes/XC51475.ogg,Aves,10.00490625
amekes,amekes/XC570888.ogg,5.0,4.351,-74.652,birdclef-2025/train_audio/amekes/XC570888.ogg,Aves,8.112
amekes,amekes/XC593310.ogg,4.0,37.9147,-122.2016,birdclef-2025/train_audio/amekes/XC593310.ogg,Aves,12.46040625
amekes,amekes/XC610529.ogg,4.0,17.0873,-96.7845,birdclef-2025/train_audio/amekes/XC610529.ogg,Aves,2.95184375
amekes,amekes/XC659917.ogg,4.0,25.3293,-100.8531,birdclef-2025/train_audio/amekes/XC659917.ogg,Aves,4.224
amekes,amekes/XC674589.ogg,4.0,-14.625,-49.0051,birdclef-2025/train_audio/amekes/XC674589.ogg,Aves,14.210625
amekes,amekes/XC681907.ogg,5.0,-41.8263,-73.5265,birdclef-2025/train_audio/amekes/XC681907.ogg,Aves,18.552
amekes,amekes/XC728900.ogg,4.0,37.4811,-117.9065,birdclef-2025/train_audio/amekes/XC728900.ogg,Aves,5.0155
amekes,amekes/XC742842.ogg,4.0,49.2959,-119.525,birdclef-2025/train_audio/amekes/XC742842.ogg,Aves,15.528
amekes,amekes/XC755382.ogg,4.0,-12.0954,-76.9947,birdclef-2025/train_audio/amekes/XC755382.ogg,Aves,19.8530625
amekes,amekes/XC757885.ogg,4.0,27.4581,-81.4497,birdclef-2025/train_audio/amekes/XC757885.ogg,Aves,18.144
amekes,amekes/XC779660.ogg,5.0,60.6096,-135.0325,birdclef-2025/train_audio/amekes/XC779660.ogg,Aves,15.3405625
amekes,amekes/XC779900.ogg,4.0,39.0073,-122.1915,birdclef-2025/train_audio/amekes/XC779900.ogg,Aves,6.96
amekes,amekes/XC860290.ogg,4.0,38.9124,-76.9404,birdclef-2025/train_audio/amekes/XC860290.ogg,Aves,9.62740625
amekes,amekes/XC877035.ogg,5.0,46.6993,-114.0433,birdclef-2025/train_audio/amekes/XC877035.ogg,Aves,19.83190625
amekes,amekes/XC879311.ogg,4.0,-19.5723,-56.2539,birdclef-2025/train_audio/amekes/XC879311.ogg,Aves,10.97846875
amekes,amekes/XC946094.ogg,4.0,3.5026,-76.3552,birdclef-2025/train_audio/amekes/XC946094.ogg,Aves,17.34103125
amekes,amekes/XC946095.ogg,4.0,3.5026,-76.3552,birdclef-2025/train_audio/amekes/XC946095.ogg,Aves,3.00315625
amekes,amekes/XC956570.ogg,4.0,-22.9048,-43.1028,birdclef-2025/train_audio/amekes/XC956570.ogg,Aves,12.024
amekes,amekes/XC957834.ogg,4.0,-27.4688,-55.7915,birdclef-2025/train_audio/amekes/XC957834.ogg,Aves,10.296
anhing,anhing/XC130395.ogg,4.0,28.1918,-82.7214,birdclef-2025/train_audio/anhing/XC130395.ogg,Aves,10.29225
anhing,anhing/XC130401.ogg,4.0,25.7551,-80.7664,birdclef-2025/train_audio/anhing/XC130401.ogg,Aves,16.97959375
anhing,anhing/XC139948.ogg,4.0,28.2267,-80.7645,birdclef-2025/train_audio/anhing/XC139948.ogg,Aves,11.28
anhing,anhing/XC150212.ogg,4.0,28.5785,-80.9961,birdclef-2025/train_audio/anhing/XC150212.ogg,Aves,12.432
anhing,anhing/XC160905.ogg,4.0,28.2267,-80.7645,birdclef-2025/train_audio/anhing/XC160905.ogg,Aves,13.056
anhing,anhing/XC166158.ogg,4.0,9.89,-83.654,birdclef-2025/train_audio/anhing/XC166158.ogg,Aves,19.40896875
anhing,anhing/XC176363.ogg,5.0,25.3864,-80.6203,birdclef-2025/train_audio/anhing/XC176363.ogg,Aves,17.8155
anhing,anhing/XC217748.ogg,4.0,25.3864,-80.6203,birdclef-2025/train_audio/anhing/XC217748.ogg,Aves,10.104
anhing,anhing/XC257260.ogg,5.0,-0.548,-76.041,birdclef-2025/train_audio/anhing/XC257260.ogg,Aves,14.91590625
anhing,anhing/XC413138.ogg,5.0,28.2267,-80.7645,birdclef-2025/train_audio/anhing/XC413138.ogg,Aves,6.456
anhing,anhing/XC438434.ogg,4.0,-9.5975,-55.9325,birdclef-2025/train_audio/anhing/XC438434.ogg,Aves,6.312
anhing,anhing/XC453045.ogg,4.0,28.5785,-80.9961,birdclef-2025/train_audio/anhing/XC453045.ogg,Aves,9.336
anhing,anhing/XC453046.ogg,4.0,28.5785,-80.9961,birdclef-2025/train_audio/anhing/XC453046.ogg,Aves,15.36
anhing,anhing/XC530669.ogg,4.0,17.5368,-101.4408,birdclef-2025/train_audio/anhing/XC530669.ogg,Aves,5.616
anhing,anhing/XC577780.ogg,4.0,27.9945,-81.8653,birdclef-2025/train_audio/anhing/XC577780.ogg,Aves,7.104
anhing,anhing/XC66138.ogg,4.0,30.462,-91.186,birdclef-2025/train_audio/anhing/XC66138.ogg,Aves,14.8114375
anhing,anhing/XC689444.ogg,4.0,1.4912,-75.6907,birdclef-2025/train_audio/anhing/XC689444.ogg,Aves,16.43103125
anhing,anhing/XC698309.ogg,5.0,26.5303,-81.8773,birdclef-2025/train_audio/anhing/XC698309.ogg,Aves,6.576
anhing,anhing/XC705558.ogg,5.0,25.9742,-81.5543,birdclef-2025/train_audio/anhing/XC705558.ogg,Aves,4.67590625
anhing,anhing/XC705559.ogg,5.0,25.9742,-81.5543,birdclef-2025/train_audio/anhing/XC705559.ogg,Aves,11.75509375
anhing,anhing/XC705561.ogg,5.0,25.9742,-81.5543,birdclef-2025/train_audio/anhing/XC705561.ogg,Aves,13.4791875
anhing,anhing/XC705562.ogg,5.0,25.9742,-81.5543,birdclef-2025/train_audio/anhing/XC705562.ogg,Aves,4.4930625
anhing,anhing/XC794838.ogg,4.0,-9.2856,-50.0142,birdclef-2025/train_audio/anhing/XC794838.ogg,Aves,11.20728125
anhing,anhing/XC898120.ogg,5.0,27.046,-82.3999,birdclef-2025/train_audio/anhing/XC898120.ogg,Aves,6.757375
anhing,anhing/XC898121.ogg,5.0,27.046,-82.3999,birdclef-2025/train_audio/anhing/XC898121.ogg,Aves,4.53515625
anhing,anhing/XC898229.ogg,5.0,27.046,-82.3999,birdclef-2025/train_audio/anhing/XC898229.ogg,Aves,5.8163125
anhing,anhing/XC898551.ogg,5.0,27.046,-82.3999,birdclef-2025/train_audio/anhing/XC898551.ogg,Aves,18.30384375
anhing,anhing/XC946024.ogg,4.0,3.5026,-76.3552,birdclef-2025/train_audio/anhing/XC946024.ogg,Aves,2.6296875
anhing,anhing/XC946025.ogg,4.0,3.5026,-76.3552,birdclef-2025/train_audio/anhing/XC946025.ogg,Aves,3.42203125
anhing,anhing/XC946304.ogg,4.0,3.5026,-76.3552,birdclef-2025/train_audio/anhing/XC946304.ogg,Aves,2.9290625
anhing,anhing/XC946305.ogg,4.0,3.5026,-76.3552,birdclef-2025/train_audio/anhing/XC946305.ogg,Aves,2.90184375
babwar,babwar/XC134742.ogg,4.0,40.8344,-75.4578,birdclef-2025/train_audio/babwar/XC134742.ogg,Aves,6.84409375
babwar,babwar/XC184372.ogg,4.0,40.098,-75.0722,birdclef-2025/train_audio/babwar/XC184372.ogg,Aves,7.44490625
babwar,babwar/XC188543.ogg,4.0,58.9758,-123.1714,birdclef-2025/train_audio/babwar/XC188543.ogg,Aves,8.15021875
babwar,babwar/XC316453.ogg,4.0,41.8217,-88.0513,birdclef-2025/train_audio/babwar/XC316453.ogg,Aves,2.481625
babwar,babwar/XC366705.ogg,5.0,36.839,-84.3452,birdclef-2025/train_audio/babwar/XC366705.ogg,Aves,8.07184375
babwar,babwar/XC454404.ogg,4.0,8.9945,-79.5461,birdclef-2025/train_audio/babwar/XC454404.ogg,Aves,6.06040625
babwar,babwar/XC473602.ogg,4.0,40.43,-79.9148,birdclef-2025/train_audio/babwar/XC473602.ogg,Aves,2.6645
babwar,babwar/XC703595.ogg,4.0,44.1347,-78.4606,birdclef-2025/train_audio/babwar/XC703595.ogg,Aves,4.048
babwar,babwar/XC703598.ogg,4.0,44.1347,-78.4606,birdclef-2025/train_audio/babwar/XC703598.ogg,Aves,3.84
babwar,babwar/XC715331.ogg,4.0,45.4804,-63.903,birdclef-2025/train_audio/babwar/XC715331.ogg,Aves,19.095
babwar,babwar/XC808425.ogg,5.0,42.0478,-82.4753,birdclef-2025/train_audio/babwar/XC808425.ogg,Aves,6.19103125
babwar,babwar/XC910169.ogg,4.0,42.0428,-79.4455,birdclef-2025/train_audio/babwar/XC910169.ogg,Aves,17.85828125
babwar,babwar/XC917327.ogg,5.0,48.4917,-81.2177,birdclef-2025/train_audio/babwar/XC917327.ogg,Aves,18.06096875
banana,banana/XC113782.ogg,4.0,-20.8004,-42.8884,birdclef-2025/train_audio/banana/XC113782.ogg,Aves,5.95590625
banana,banana/XC116489.ogg,5.0,-2.3175,-78.1207,birdclef-2025/train_audio/banana/XC116489.ogg,Aves,19.56
banana,banana/XC118590.ogg,5.0,6.1132,-67.7137,birdclef-2025/train_audio/banana/XC118590.ogg,Aves,17.00571875
banana,banana/XC120824.ogg,5.0,-0.0523,-78.7764,birdclef-2025/train_audio/banana/XC120824.ogg,Aves,15.9346875
banana,banana/XC127164.ogg,5.0,-9.7326,-37.4351,birdclef-2025/train_audio/banana/XC127164.ogg,Aves,10.68409375
banana,banana/XC131595.ogg,5.0,8.6167,-80.1167,birdclef-2025/train_audio/banana/XC131595.ogg,Aves,6.456
banana,banana/XC140241.ogg,4.0,24.187,-77.622,birdclef-2025/train_audio/banana/XC140241.ogg,Aves,17.1363125
banana,banana/XC147123.ogg,4.0,-31.2924,-51.0326,birdclef-2025/train_audio/banana/XC147123.ogg,Aves,14.7853125
banana,banana/XC147124.ogg,4.0,-31.2924,-51.0326,birdclef-2025/train_audio/banana/XC147124.ogg,Aves,9.79590625
banana,banana/XC151364.ogg,5.0,-15.355,-38.982,birdclef-2025/train_audio/banana/XC151364.ogg,Aves,2.74284375
banana,banana/XC175745.ogg,5.0,-28.9277,-49.6836,birdclef-2025/train_audio/banana/XC175745.ogg,Aves,16.5355
banana,banana/XC177791.ogg,5.0,-23.639,-46.619,birdclef-2025/train_audio/banana/XC177791.ogg,Aves,12.8
banana,banana/XC192713.ogg,5.0,-26.9862,-48.6476,birdclef-2025/train_audio/banana/XC192713.ogg,Aves,14.210625
banana,banana/XC199059.ogg,4.0,9.3484,-82.2553,birdclef-2025/train_audio/banana/XC199059.ogg,Aves,7.728
banana,banana/XC211367.ogg,4.0,18.2993,-76.8157,birdclef-2025/train_audio/banana/XC211367.ogg,Aves,1.358375
banana,banana/XC213286.ogg,5.0,19.8334,-70.7599,birdclef-2025/train_audio/banana/XC213286.ogg,Aves,10.7624375
banana,banana/XC214523.ogg,4.0,18.963,-69.692,birdclef-2025/train_audio/banana/XC214523.ogg,Aves,18.6
banana,banana/XC215533.ogg,4.0,17.6285,-63.2331,birdclef-2025/train_audio/banana/XC215533.ogg,Aves,19.2
banana,banana/XC215541.ogg,4.0,17.6301,-63.254,birdclef-2025/train_audio/banana/XC215541.ogg,Aves,6.81796875
banana,banana/XC262502.ogg,4.5,0.883,-78.8,birdclef-2025/train_audio/banana/XC262502.ogg,Aves,10.60571875
banana,banana/XC262503.ogg,4.5,0.883,-78.8,birdclef-2025/train_audio/banana/XC262503.ogg,Aves,13.5575625
banana,banana/XC262504.ogg,4.5,0.883,-78.8,birdclef-2025/train_audio/banana/XC262504.ogg,Aves,10.370625
banana,banana/XC262505.ogg,4.5,0.883,-78.8,birdclef-2025/train_audio/banana/XC262505.ogg,Aves,14.91590625
banana,banana/XC269287.ogg,4.0,-16.4456,-51.1201,birdclef-2025/train_audio/banana/XC269287.ogg,Aves,10.9191875
banana,banana/XC275597.ogg,5.0,0.75,-78.917,birdclef-2025/train_audio/banana/XC275597.ogg,Aves,16.35265625
banana,banana/XC275598.ogg,5.0,0.883,-78.8,birdclef-2025/train_audio/banana/XC275598.ogg,Aves,14.5763125
banana,banana/XC277006.ogg,4.0,25.3922,-76.5648,birdclef-2025/train_audio/banana/XC277006.ogg,Aves,15.024
banana,banana/XC28577.ogg,4.0,16.7812,-88.4587,birdclef-2025/train_audio/banana/XC28577.ogg,Aves,10.44896875
banana,banana/XC288954.ogg,5.0,-22.4508,-42.7735,birdclef-2025/train_audio/banana/XC288954.ogg,Aves,17.946125
banana,banana/XC303599.ogg,4.0,1.6996,-61.9189,birdclef-2025/train_audio/banana/XC303599.ogg,Aves,15.552
banana,banana/XC308451.ogg,4.0,18.426,-77.9419,birdclef-2025/train_audio/banana/XC308451.ogg,Aves,15.54284375
banana,banana/XC308452.ogg,5.0,18.426,-77.9419,birdclef-2025/train_audio/banana/XC308452.ogg,Aves,15.9869375
banana,banana/XC312360.ogg,4.0,11.006,-74.6834,birdclef-2025/train_audio/banana/XC312360.ogg,Aves,9.768
banana,banana/XC331386.ogg,4.0,10.4347,-84.7095,birdclef-2025/train_audio/banana/XC331386.ogg,Aves,6.0
banana,banana/XC331387.ogg,4.0,10.4347,-84.7095,birdclef-2025/train_audio/banana/XC331387.ogg,Aves,9.0
banana,banana/XC338406.ogg,4.0,9.832,-83.5639,birdclef-2025/train_audio/banana/XC338406.ogg,Aves,14.96815625
banana,banana/XC345364.ogg,4.0,-1.495,-48.308,birdclef-2025/train_audio/banana/XC345364.ogg,Aves,12.24
banana,banana/XC353176.ogg,4.0,11.006,-74.6834,birdclef-2025/train_audio/banana/XC353176.ogg,Aves,14.352
banana,banana/XC37645.ogg,5.0,-6.4847,-79.7543,birdclef-2025/train_audio/banana/XC37645.ogg,Aves,18.4946875
banana,banana/XC377218.ogg,4.0,-22.9429,-43.1784,birdclef-2025/train_audio/banana/XC377218.ogg,Aves,16.79675
banana,banana/XC387899.ogg,4.0,5.4092,-53.6773,birdclef-2025/train_audio/banana/XC387899.ogg,Aves,16.613875
banana,banana/XC411998.ogg,4.5,-16.274,-39.0353,birdclef-2025/train_audio/banana/XC411998.ogg,Aves,16.7445
banana,banana/XC417414.ogg,4.0,-9.9647,-47.5806,birdclef-2025/train_audio/banana/XC417414.ogg,Aves,16.37878125
banana,banana/XC422567.ogg,4.0,-17.7419,-39.4548,birdclef-2025/train_audio/banana/XC422567.ogg,Aves,3.528
banana,banana/XC428514.ogg,5.0,-22.8842,-48.4442,birdclef-2025/train_audio/banana/XC428514.ogg,Aves,9.9
banana,banana/XC4311.ogg,4.0,-24.0171,-47.8104,birdclef-2025/train_audio/banana/XC4311.ogg,Aves,18.12896875
banana,banana/XC466225.ogg,5.0,-23.9152,-46.321,birdclef-2025/train_audio/banana/XC466225.ogg,Aves,13.4269375
banana,banana/XC46631.ogg,5.0,18.2609,-65.7967,birdclef-2025/train_audio/banana/XC46631.ogg,Aves,10.266125
banana,banana/XC46763.ogg,4.0,9.1667,-79.4001,birdclef-2025/train_audio/banana/XC46763.ogg,Aves,6.34775
banana,banana/XC469261.ogg,5.0,-25.2401,-48.759,birdclef-2025/train_audio/banana/XC469261.ogg,Aves,12.59103125
banana,banana/XC490740.ogg,5.0,-22.8842,-48.4442,birdclef-2025/train_audio/banana/XC490740.ogg,Aves,13.9755
banana,banana/XC495667.ogg,5.0,13.072,-59.5772,birdclef-2025/train_audio/banana/XC495667.ogg,Aves,15.384
banana,banana/XC495668.ogg,5.0,13.159,-59.6373,birdclef-2025/train_audio/banana/XC495668.ogg,Aves,12.936
banana,banana/XC495669.ogg,5.0,13.1593,-59.6337,birdclef-2025/train_audio/banana/XC495669.ogg,Aves,18.84
banana,banana/XC520818.ogg,4.0,0.0742,-72.4514,birdclef-2025/train_audio/banana/XC520818.ogg,Aves,12.3036875
banana,banana/XC520820.ogg,4.0,0.0742,-72.4514,birdclef-2025/train_audio/banana/XC520820.ogg,Aves,15.9869375
banana,banana/XC520823.ogg,4.0,0.5292,-72.6306,birdclef-2025/train_audio/banana/XC520823.ogg,Aves,10.9191875
banana,banana/XC541448.ogg,5.0,4.4271,-75.2152,birdclef-2025/train_audio/banana/XC541448.ogg,Aves,17.544
banana,banana/XC561261.ogg,5.0,8.685,-83.6679,birdclef-2025/train_audio/banana/XC561261.ogg,Aves,3.526
banana,banana/XC589670.ogg,5.0,2.1869,-75.5584,birdclef-2025/train_audio/banana/XC589670.ogg,Aves,17.73715625
banana,banana/XC59515.ogg,4.0,8.9378,-79.5528,birdclef-2025/train_audio/banana/XC59515.ogg,Aves,15.8563125
banana,banana/XC622477.ogg,5.0,2.1869,-75.5584,birdclef-2025/train_audio/banana/XC622477.ogg,Aves,16.92734375
banana,banana/XC659497.ogg,4.0,-14.134,-47.514,birdclef-2025/train_audio/banana/XC659497.ogg,Aves,18.36409375
banana,banana/XC690554.ogg,4.0,10.437,-84.7093,birdclef-2025/train_audio/banana/XC690554.ogg,Aves,12.8
banana,banana/XC696962.ogg,4.0,-10.3508,-38.9426,birdclef-2025/train_audio/banana/XC696962.ogg,Aves,6.530625
banana,banana/XC700790.ogg,4.5,-16.1052,-49.5365,birdclef-2025/train_audio/banana/XC700790.ogg,Aves,3.813875
banana,banana/XC706367.ogg,5.0,-0.63,-72.4173,birdclef-2025/train_audio/banana/XC706367.ogg,Aves,7.7845
banana,banana/XC706371.ogg,5.0,-0.63,-72.4173,birdclef-2025/train_audio/banana/XC706371.ogg,Aves,18.4163125
banana,banana/XC70807.ogg,4.0,-25.3334,-48.9001,birdclef-2025/train_audio/banana/XC70807.ogg,Aves,8.51590625
banana,banana/XC708078.ogg,4.5,-16.631,-48.6674,birdclef-2025/train_audio/banana/XC708078.ogg,Aves,12.56490625
banana,banana/XC752863.ogg,4.0,-16.4456,-51.1201,birdclef-2025/train_audio/banana/XC752863.ogg,Aves,15.51675
banana,banana/XC768806.ogg,5.0,-6.561,-47.4611,birdclef-2025/train_audio/banana/XC768806.ogg,Aves,6.11265625
banana,banana/XC771681.ogg,4.0,4.7816,-75.7321,birdclef-2025/train_audio/banana/XC771681.ogg,Aves,17.65878125
banana,banana/XC775648.ogg,5.0,24.187,-77.622,birdclef-2025/train_audio/banana/XC775648.ogg,Aves,12.40815625
banana,banana/XC789043.ogg,5.0,-13.3558,-47.2809,birdclef-2025/train_audio/banana/XC789043.ogg,Aves,16.30040625
banana,banana/XC798995.ogg,5.0,-24.366,-47.0122,birdclef-2025/train_audio/banana/XC798995.ogg,Aves,16.64
banana,banana/XC799776.ogg,4.0,-23.035,-44.6214,birdclef-2025/train_audio/banana/XC799776.ogg,Aves,18.76709375
banana,banana/XC803711.ogg,4.5,-16.4727,-49.4959,birdclef-2025/train_audio/banana/XC803711.ogg,Aves,11.91184375
banana,banana/XC817205.ogg,4.5,-6.7131,-47.017,birdclef-2025/train_audio/banana/XC817205.ogg,Aves,10.24
banana,banana/XC830531.ogg,5.0,-5.9138,-49.9126,birdclef-2025/train_audio/banana/XC830531.ogg,Aves,5.825
banana,banana/XC835328.ogg,4.0,-22.2617,-44.5075,birdclef-2025/train_audio/banana/XC835328.ogg,Aves,14.33334375
banana,banana/XC837614.ogg,4.0,7.581,-72.1792,birdclef-2025/train_audio/banana/XC837614.ogg,Aves,13.08734375
banana,banana/XC838476.ogg,4.0,11.4064,-69.6675,birdclef-2025/train_audio/banana/XC838476.ogg,Aves,11.650625
banana,banana/XC84473.ogg,4.0,-14.01,-39.1834,birdclef-2025/train_audio/banana/XC84473.ogg,Aves,18.36409375
banana,banana/XC84474.ogg,4.0,-14.01,-39.1834,birdclef-2025/train_audio/banana/XC84474.ogg,Aves,4.31021875
banana,banana/XC84476.ogg,4.0,-21.1167,-44.1501,birdclef-2025/train_audio/banana/XC84476.ogg,Aves,14.99428125
banana,banana/XC863662.ogg,5.0,10.4371,-84.7102,birdclef-2025/train_audio/banana/XC863662.ogg,Aves,14.053
banana,banana/XC877054.ogg,4.0,18.1425,-66.9748,birdclef-2025/train_audio/banana/XC877054.ogg,Aves,15.4535
banana,banana/XC890924.ogg,4.0,-23.5481,-45.2976,birdclef-2025/train_audio/banana/XC890924.ogg,Aves,19.0
banana,banana/XC912389.ogg,4.0,5.123,-74.256,birdclef-2025/train_audio/banana/XC912389.ogg,Aves,4.33015625
banana,banana/XC924682.ogg,5.0,-16.4353,-49.3948,birdclef-2025/train_audio/banana/XC924682.ogg,Aves,14.837
banana,banana/XC924738.ogg,4.0,0.0346,-78.8698,birdclef-2025/train_audio/banana/XC924738.ogg,Aves,3.63103125
banana,banana/XC926995.ogg,5.0,-26.7756,-48.7144,birdclef-2025/train_audio/banana/XC926995.ogg,Aves,11.415
banana,banana/XC939044.ogg,5.0,2.8044,-60.6718,birdclef-2025/train_audio/banana/XC939044.ogg,Aves,19.513
banana,banana/XC939057.ogg,5.0,-22.9048,-43.1028,birdclef-2025/train_audio/banana/XC939057.ogg,Aves,12.024
banana,banana/XC939064.ogg,5.0,2.8044,-60.6718,birdclef-2025/train_audio/banana/XC939064.ogg,Aves,5.982
banana,banana/XC939505.ogg,5.0,1.4022,-60.9869,birdclef-2025/train_audio/banana/XC939505.ogg,Aves,5.564
banana,banana/XC939544.ogg,5.0,1.4022,-60.9869,birdclef-2025/train_audio/banana/XC939544.ogg,Aves,9.978
banana,banana/XC939908.ogg,4.5,1.8299,-61.1451,birdclef-2025/train_audio/banana/XC939908.ogg,Aves,19.617
banana,banana/XC946049.ogg,4.0,3.5026,-76.3552,birdclef-2025/train_audio/banana/XC946049.ogg,Aves,5.89978125
banana,banana/XC946050.ogg,4.0,3.5026,-76.3552,birdclef-2025/train_audio/banana/XC946050.ogg,Aves,2.90334375
banana,banana/XC956867.ogg,5.0,-22.9048,-43.1028,birdclef-2025/train_audio/banana/XC956867.ogg,Aves,10.992
banana,banana/XC957251.ogg,4.0,8.3877,-77.7629,birdclef-2025/train_audio/banana/XC957251.ogg,Aves,11.664
banana,banana/XC960423.ogg,4.0,3.5348,-76.7536,birdclef-2025/train_audio/banana/XC960423.ogg,Aves,14.3499375
baymac,baymac/XC113.ogg,5.0,-12.856,-69.362,birdclef-2025/train_audio/baymac/XC113.ogg,Aves,10.18775
baymac,baymac/XC120548.ogg,5.0,-0.4342,-76.1973,birdclef-2025/train_audio/baymac/XC120548.ogg,Aves,17.946125
baymac,baymac/XC122304.ogg,5.0,-12.7945,-71.3979,birdclef-2025/train_audio/baymac/XC122304.ogg,Aves,17.304
baymac,baymac/XC129304.ogg,4.0,-9.5981,-55.932,birdclef-2025/train_audio/baymac/XC129304.ogg,Aves,8.016
baymac,baymac/XC136186.ogg,4.0,-16.353,-55.852,birdclef-2025/train_audio/baymac/XC136186.ogg,Aves,8.829375
baymac,baymac/XC155415.ogg,4.0,-12.6938,-69.492,birdclef-2025/train_audio/baymac/XC155415.ogg,Aves,17.893875
baymac,baymac/XC167329.ogg,4.0,-8.8878,-62.2945,birdclef-2025/train_audio/baymac/XC167329.ogg,Aves,19.416
baymac,baymac/XC174023.ogg,4.0,-14.8264,-56.4241,birdclef-2025/train_audio/baymac/XC174023.ogg,Aves,3.84
baymac,baymac/XC195309.ogg,4.0,-12.0406,-71.723,birdclef-2025/train_audio/baymac/XC195309.ogg,Aves,17.52815625
baymac,baymac/XC237992.ogg,5.0,-0.526,-76.418,birdclef-2025/train_audio/baymac/XC237992.ogg,Aves,12.9045
baymac,baymac/XC274942.ogg,5.0,-0.675,-76.376,birdclef-2025/train_audio/baymac/XC274942.ogg,Aves,18.12896875
baymac,baymac/XC275733.ogg,4.0,-0.472,-76.459,birdclef-2025/train_audio/baymac/XC275733.ogg,Aves,10.71021875
baymac,baymac/XC329871.ogg,5.0,-9.6959,-65.3733,birdclef-2025/train_audio/baymac/XC329871.ogg,Aves,14.232
baymac,baymac/XC340268.ogg,5.0,-3.0329,-60.2071,birdclef-2025/train_audio/baymac/XC340268.ogg,Aves,17.064
baymac,baymac/XC377866.ogg,5.0,-4.2438,-69.9384,birdclef-2025/train_audio/baymac/XC377866.ogg,Aves,14.7330625
baymac,baymac/XC403888.ogg,4.0,-18.4058,-52.6354,birdclef-2025/train_audio/baymac/XC403888.ogg,Aves,9.7175625
baymac,baymac/XC427082.ogg,5.0,-9.598,-65.3617,birdclef-2025/train_audio/baymac/XC427082.ogg,Aves,14.232
baymac,baymac/XC429294.ogg,4.0,-9.5982,-55.9312,birdclef-2025/train_audio/baymac/XC429294.ogg,Aves,13.32
baymac,baymac/XC434123.ogg,4.0,-9.5975,-55.9325,birdclef-2025/train_audio/baymac/XC434123.ogg,Aves,19.752
baymac,baymac/XC443361.ogg,5.0,-14.625,-49.0051,birdclef-2025/train_audio/baymac/XC443361.ogg,Aves,10.44896875
baymac,baymac/XC453524.ogg,4.0,-12.5687,-70.0928,birdclef-2025/train_audio/baymac/XC453524.ogg,Aves,7.44490625
baymac,baymac/XC474805.ogg,4.0,-0.4383,-76.2791,birdclef-2025/train_audio/baymac/XC474805.ogg,Aves,12.43428125
baymac,baymac/XC482776.ogg,5.0,-9.28,-55.8315,birdclef-2025/train_audio/baymac/XC482776.ogg,Aves,12.48
baymac,baymac/XC575160.ogg,4.0,-12.4384,-70.6803,birdclef-2025/train_audio/baymac/XC575160.ogg,Aves,10.7624375
baymac,baymac/XC599212.ogg,5.0,-16.5631,-49.285,birdclef-2025/train_audio/baymac/XC599212.ogg,Aves,6.08653125
baymac,baymac/XC599213.ogg,5.0,-16.5631,-49.285,birdclef-2025/train_audio/baymac/XC599213.ogg,Aves,6.08653125
baymac,baymac/XC63125.ogg,4.0,-11.8667,-71.3667,birdclef-2025/train_audio/baymac/XC63125.ogg,Aves,3.456
baymac,baymac/XC63126.ogg,4.0,-11.8667,-71.3667,birdclef-2025/train_audio/baymac/XC63126.ogg,Aves,9.108
baymac,baymac/XC634947.ogg,4.0,5.2316,-52.7551,birdclef-2025/train_audio/baymac/XC634947.ogg,Aves,2.82121875
baymac,baymac/XC699662.ogg,5.0,-16.0538,-49.604,birdclef-2025/train_audio/baymac/XC699662.ogg,Aves,17.71103125
baymac,baymac/XC705935.ogg,5.0,-13.7656,-66.1005,birdclef-2025/train_audio/baymac/XC705935.ogg,Aves,9.576
baymac,baymac/XC705958.ogg,4.0,-15.1912,-64.7212,birdclef-2025/train_audio/baymac/XC705958.ogg,Aves,9.408
baymac,baymac/XC706545.ogg,5.0,-0.609,-72.3823,birdclef-2025/train_audio/baymac/XC706545.ogg,Aves,10.55346875
baymac,baymac/XC737372.ogg,5.0,-17.1888,-48.7335,birdclef-2025/train_audio/baymac/XC737372.ogg,Aves,11.441625
baymac,baymac/XC744968.ogg,4.0,-19.7182,-49.5534,birdclef-2025/train_audio/baymac/XC744968.ogg,Aves,15.516
baymac,baymac/XC74906.ogg,4.0,4.725,-56.206,birdclef-2025/train_audio/baymac/XC74906.ogg,Aves,14.6808125
baymac,baymac/XC754918.ogg,5.0,-11.7519,-55.638,birdclef-2025/train_audio/baymac/XC754918.ogg,Aves,7.1314375
baymac,baymac/XC755283.ogg,5.0,-11.8296,-55.2317,birdclef-2025/train_audio/baymac/XC755283.ogg,Aves,5.30284375
baymac,baymac/XC782367.ogg,4.5,-12.2755,-55.0688,birdclef-2025/train_audio/baymac/XC782367.ogg,Aves,7.157
baymac,baymac/XC788973.ogg,5.0,-13.3725,-47.327,birdclef-2025/train_audio/baymac/XC788973.ogg,Aves,3.9445
baymac,baymac/XC811923.ogg,5.0,-16.9039,-49.2218,birdclef-2025/train_audio/baymac/XC811923.ogg,Aves,2.56
baymac,baymac/XC856896.ogg,5.0,-0.4816,-75.3442,birdclef-2025/train_audio/baymac/XC856896.ogg,Aves,13.87103125
baymac,baymac/XC863830.ogg,5.0,-18.9287,-51.679,birdclef-2025/train_audio/baymac/XC863830.ogg,Aves,8.071
baymac,baymac/XC898388.ogg,4.0,-9.0215,-54.4834,birdclef-2025/train_audio/baymac/XC898388.ogg,Aves,16.38175
baymac,baymac/XC939892.ogg,5.0,1.8299,-61.1451,birdclef-2025/train_audio/baymac/XC939892.ogg,Aves,10.997
baymac,baymac/XC951324.ogg,4.0,17.1001,54.2836,birdclef-2025/train_audio/baymac/XC951324.ogg,Aves,4.26240625
baymac,baymac/XC956583.ogg,4.0,-13.6544,-56.4863,birdclef-2025/train_audio/baymac/XC956583.ogg,Aves,19.224
baymac,baymac/XC956628.ogg,5.0,-16.4353,-49.3948,birdclef-2025/train_audio/baymac/XC956628.ogg,Aves,10.187
bbwduc,bbwduc/XC118580.ogg,4.0,5.065,-75.663,birdclef-2025/train_audio/bbwduc/XC118580.ogg,Aves,9.14284375
bbwduc,bbwduc/XC118582.ogg,4.0,5.065,-75.663,birdclef-2025/train_audio/bbwduc/XC118582.ogg,Aves,13.71428125
bbwduc,bbwduc/XC123199.ogg,4.0,-22.6771,-47.9831,birdclef-2025/train_audio/bbwduc/XC123199.ogg,Aves,19.8530625
bbwduc,bbwduc/XC143610.ogg,5.0,28.5785,-80.9961,birdclef-2025/train_audio/bbwduc/XC143610.ogg,Aves,14.52
bbwduc,bbwduc/XC156276.ogg,4.0,4.4269,-75.1832,birdclef-2025/train_audio/bbwduc/XC156276.ogg,Aves,6.19103125
bbwduc,bbwduc/XC156277.ogg,4.0,4.4269,-75.1832,birdclef-2025/train_audio/bbwduc/XC156277.ogg,Aves,4.176
bbwduc,bbwduc/XC171431.ogg,4.0,-19.2204,-42.4832,birdclef-2025/train_audio/bbwduc/XC171431.ogg,Aves,11.4155
bbwduc,bbwduc/XC186233.ogg,4.0,-21.854,-47.4925,birdclef-2025/train_audio/bbwduc/XC186233.ogg,Aves,10.161625
bbwduc,bbwduc/XC186235.ogg,4.0,-21.854,-47.4925,birdclef-2025/train_audio/bbwduc/XC186235.ogg,Aves,3.1346875
bbwduc,bbwduc/XC192058.ogg,5.0,28.5785,-80.9961,birdclef-2025/train_audio/bbwduc/XC192058.ogg,Aves,19.56
bbwduc,bbwduc/XC197635.ogg,4.0,14.0752,-89.0844,birdclef-2025/train_audio/bbwduc/XC197635.ogg,Aves,7.872
bbwduc,bbwduc/XC2210.ogg,5.0,-17.1667,-62.4167,birdclef-2025/train_audio/bbwduc/XC2210.ogg,Aves,17.65878125
bbwduc,bbwduc/XC237780.ogg,4.0,29.7776,-93.2776,birdclef-2025/train_audio/bbwduc/XC237780.ogg,Aves,11.18040625
bbwduc,bbwduc/XC244905.ogg,4.0,5.3131,-71.3681,birdclef-2025/train_audio/bbwduc/XC244905.ogg,Aves,12.3036875
bbwduc,bbwduc/XC244928.ogg,4.0,5.3131,-71.3681,birdclef-2025/train_audio/bbwduc/XC244928.ogg,Aves,10.318375
bbwduc,bbwduc/XC244929.ogg,4.0,5.3131,-71.3681,birdclef-2025/train_audio/bbwduc/XC244929.ogg,Aves,11.493875
bbwduc,bbwduc/XC254904.ogg,4.0,17.9635,-94.4937,birdclef-2025/train_audio/bbwduc/XC254904.ogg,Aves,6.530625
bbwduc,bbwduc/XC257270.ogg,4.5,-4.467,-80.4,birdclef-2025/train_audio/bbwduc/XC257270.ogg,Aves,12.669375
bbwduc,bbwduc/XC257272.ogg,5.0,-2.427,-79.605,birdclef-2025/train_audio/bbwduc/XC257272.ogg,Aves,11.72896875
bbwduc,bbwduc/XC257274.ogg,5.0,-3.417,-79.95,birdclef-2025/train_audio/bbwduc/XC257274.ogg,Aves,19.9053125
bbwduc,bbwduc/XC260169.ogg,4.0,18.0024,-94.5653,birdclef-2025/train_audio/bbwduc/XC260169.ogg,Aves,9.79590625
bbwduc,bbwduc/XC264261.ogg,4.0,18.0024,-94.5653,birdclef-2025/train_audio/bbwduc/XC264261.ogg,Aves,9.5346875
bbwduc,bbwduc/XC264965.ogg,5.0,18.0024,-94.5653,birdclef-2025/train_audio/bbwduc/XC264965.ogg,Aves,14.053875
bbwduc,bbwduc/XC2751.ogg,4.0,-14.9001,-64.7167,birdclef-2025/train_audio/bbwduc/XC2751.ogg,Aves,4.5453125
bbwduc,bbwduc/XC278896.ogg,4.0,28.229,-80.813,birdclef-2025/train_audio/bbwduc/XC278896.ogg,Aves,16.992
bbwduc,bbwduc/XC286684.ogg,4.0,-22.4508,-42.7735,birdclef-2025/train_audio/bbwduc/XC286684.ogg,Aves,15.229375
bbwduc,bbwduc/XC286820.ogg,5.0,-22.4508,-42.7735,birdclef-2025/train_audio/bbwduc/XC286820.ogg,Aves,12.56490625
bbwduc,bbwduc/XC287868.ogg,4.5,-22.4508,-42.7735,birdclef-2025/train_audio/bbwduc/XC287868.ogg,Aves,19.226125
bbwduc,bbwduc/XC287872.ogg,5.0,-22.4508,-42.7735,birdclef-2025/train_audio/bbwduc/XC287872.ogg,Aves,5.40734375
bbwduc,bbwduc/XC293324.ogg,4.0,18.0024,-94.5653,birdclef-2025/train_audio/bbwduc/XC293324.ogg,Aves,8.62040625
bbwduc,bbwduc/XC316537.ogg,5.0,30.0237,-93.0578,birdclef-2025/train_audio/bbwduc/XC316537.ogg,Aves,7.128
bbwduc,bbwduc/XC331710.ogg,4.0,18.0357,-94.4722,birdclef-2025/train_audio/bbwduc/XC331710.ogg,Aves,14.7853125
bbwduc,bbwduc/XC332999.ogg,4.5,20.7413,-105.3047,birdclef-2025/train_audio/bbwduc/XC332999.ogg,Aves,18.28571875
bbwduc,bbwduc/XC351249.ogg,4.0,-20.2209,-56.5751,birdclef-2025/train_audio/bbwduc/XC351249.ogg,Aves,5.093875
bbwduc,bbwduc/XC368094.ogg,5.0,11.403,-84.9024,birdclef-2025/train_audio/bbwduc/XC368094.ogg,Aves,18.75590625
bbwduc,bbwduc/XC389419.ogg,4.0,-22.4508,-42.7735,birdclef-2025/train_audio/bbwduc/XC389419.ogg,Aves,5.76
bbwduc,bbwduc/XC391394.ogg,4.0,-31.2711,-57.8912,birdclef-2025/train_audio/bbwduc/XC391394.ogg,Aves,9.090625
bbwduc,bbwduc/XC393184.ogg,5.0,-15.6361,-56.0668,birdclef-2025/train_audio/bbwduc/XC393184.ogg,Aves,4.64978125
bbwduc,bbwduc/XC396164.ogg,4.0,-22.4508,-42.7735,birdclef-2025/train_audio/bbwduc/XC396164.ogg,Aves,5.808
bbwduc,bbwduc/XC415840.ogg,4.5,-16.6003,-49.2802,birdclef-2025/train_audio/bbwduc/XC415840.ogg,Aves,13.89715625
bbwduc,bbwduc/XC415841.ogg,5.0,-16.6003,-49.2802,birdclef-2025/train_audio/bbwduc/XC415841.ogg,Aves,14.36734375
bbwduc,bbwduc/XC440952.ogg,5.0,-11.9787,-49.8953,birdclef-2025/train_audio/bbwduc/XC440952.ogg,Aves,5.43346875
bbwduc,bbwduc/XC451244.ogg,5.0,27.7834,-109.8984,birdclef-2025/train_audio/bbwduc/XC451244.ogg,Aves,12.721625
bbwduc,bbwduc/XC451246.ogg,4.0,27.7834,-109.8984,birdclef-2025/train_audio/bbwduc/XC451246.ogg,Aves,6.9746875
bbwduc,bbwduc/XC461019.ogg,5.0,4.7978,-75.8086,birdclef-2025/train_audio/bbwduc/XC461019.ogg,Aves,14.7591875
bbwduc,bbwduc/XC466884.ogg,5.0,-22.8842,-48.4442,birdclef-2025/train_audio/bbwduc/XC466884.ogg,Aves,15.177
bbwduc,bbwduc/XC473155.ogg,4.0,-22.4528,-42.7703,birdclef-2025/train_audio/bbwduc/XC473155.ogg,Aves,9.064
bbwduc,bbwduc/XC477314.ogg,4.0,0.896,-79.626,birdclef-2025/train_audio/bbwduc/XC477314.ogg,Aves,7.26203125
bbwduc,bbwduc/XC490269.ogg,5.0,42.0274,-82.5982,birdclef-2025/train_audio/bbwduc/XC490269.ogg,Aves,9.168
bbwduc,bbwduc/XC490745.ogg,4.0,-23.0151,-48.0136,birdclef-2025/train_audio/bbwduc/XC490745.ogg,Aves,13.06121875
bbwduc,bbwduc/XC490756.ogg,4.0,25.7324,-109.0271,birdclef-2025/train_audio/bbwduc/XC490756.ogg,Aves,6.8963125
bbwduc,bbwduc/XC491995.ogg,4.0,25.7324,-109.0271,birdclef-2025/train_audio/bbwduc/XC491995.ogg,Aves,7.5755
bbwduc,bbwduc/XC492409.ogg,4.0,25.7324,-109.0271,birdclef-2025/train_audio/bbwduc/XC492409.ogg,Aves,2.61225
bbwduc,bbwduc/XC495795.ogg,5.0,13.3205,-59.6173,birdclef-2025/train_audio/bbwduc/XC495795.ogg,Aves,15.768
bbwduc,bbwduc/XC495796.ogg,5.0,13.3205,-59.6173,birdclef-2025/train_audio/bbwduc/XC495796.ogg,Aves,11.088
bbwduc,bbwduc/XC511711.ogg,4.0,-31.2706,-57.8932,birdclef-2025/train_audio/bbwduc/XC511711.ogg,Aves,13.14
bbwduc,bbwduc/XC522415.ogg,5.0,-14.625,-49.0051,birdclef-2025/train_audio/bbwduc/XC522415.ogg,Aves,16.770625
bbwduc,bbwduc/XC528706.ogg,5.0,-16.5631,-49.285,birdclef-2025/train_audio/bbwduc/XC528706.ogg,Aves,5.9036875
bbwduc,bbwduc/XC530419.ogg,5.0,-16.6003,-49.2802,birdclef-2025/train_audio/bbwduc/XC530419.ogg,Aves,4.02284375
bbwduc,bbwduc/XC533419.ogg,4.0,25.6602,-109.0033,birdclef-2025/train_audio/bbwduc/XC533419.ogg,Aves,3.888
bbwduc,bbwduc/XC552423.ogg,5.0,4.351,-74.652,birdclef-2025/train_audio/bbwduc/XC552423.ogg,Aves,2.928
bbwduc,bbwduc/XC564970.ogg,5.0,25.6036,-109.0521,birdclef-2025/train_audio/bbwduc/XC564970.ogg,Aves,2.712
bbwduc,bbwduc/XC569612.ogg,5.0,25.6036,-109.0521,birdclef-2025/train_audio/bbwduc/XC569612.ogg,Aves,4.368
bbwduc,bbwduc/XC570411.ogg,4.0,25.7324,-109.0271,birdclef-2025/train_audio/bbwduc/XC570411.ogg,Aves,15.986
bbwduc,bbwduc/XC574046.ogg,4.0,25.6602,-109.0033,birdclef-2025/train_audio/bbwduc/XC574046.ogg,Aves,12.456
bbwduc,bbwduc/XC579233.ogg,4.5,14.3572,-87.6545,birdclef-2025/train_audio/bbwduc/XC579233.ogg,Aves,15.04653125
bbwduc,bbwduc/XC614542.ogg,4.0,32.5427,-99.7084,birdclef-2025/train_audio/bbwduc/XC614542.ogg,Aves,19.37065625
bbwduc,bbwduc/XC615603.ogg,5.0,-23.1135,-59.3311,birdclef-2025/train_audio/bbwduc/XC615603.ogg,Aves,9.744
bbwduc,bbwduc/XC615604.ogg,5.0,-23.1135,-59.3311,birdclef-2025/train_audio/bbwduc/XC615604.ogg,Aves,17.4
bbwduc,bbwduc/XC618117.ogg,5.0,6.0615,-74.5028,birdclef-2025/train_audio/bbwduc/XC618117.ogg,Aves,3.336
bbwduc,bbwduc/XC619570.ogg,5.0,-31.7144,-64.6276,birdclef-2025/train_audio/bbwduc/XC619570.ogg,Aves,5.56409375
bbwduc,bbwduc/XC622463.ogg,5.0,2.2192,-75.6135,birdclef-2025/train_audio/bbwduc/XC622463.ogg,Aves,5.98203125
bbwduc,bbwduc/XC622464.ogg,5.0,2.2192,-75.6135,birdclef-2025/train_audio/bbwduc/XC622464.ogg,Aves,5.98203125
bbwduc,bbwduc/XC624709.ogg,4.0,29.6165,-82.3308,birdclef-2025/train_audio/bbwduc/XC624709.ogg,Aves,12.624
bbwduc,bbwduc/XC694095.ogg,5.0,1.5118,-75.5255,birdclef-2025/train_audio/bbwduc/XC694095.ogg,Aves,4.4146875
bbwduc,bbwduc/XC709794.ogg,4.5,-16.6122,-50.3301,birdclef-2025/train_audio/bbwduc/XC709794.ogg,Aves,13.5836875
bbwduc,bbwduc/XC709823.ogg,4.5,-16.6122,-50.3301,birdclef-2025/train_audio/bbwduc/XC709823.ogg,Aves,6.84409375
bbwduc,bbwduc/XC720946.ogg,5.0,-22.6778,-52.1924,birdclef-2025/train_audio/bbwduc/XC720946.ogg,Aves,10.05715625
bbwduc,bbwduc/XC728080.ogg,4.0,31.6136,-111.0413,birdclef-2025/train_audio/bbwduc/XC728080.ogg,Aves,19.696
bbwduc,bbwduc/XC731175.ogg,5.0,15.6816,-96.5664,birdclef-2025/train_audio/bbwduc/XC731175.ogg,Aves,7.49715625
bbwduc,bbwduc/XC761758.ogg,4.0,-16.5456,-49.1572,birdclef-2025/train_audio/bbwduc/XC761758.ogg,Aves,3.3436875
bbwduc,bbwduc/XC761759.ogg,4.0,-16.5456,-49.1572,birdclef-2025/train_audio/bbwduc/XC761759.ogg,Aves,3.2130625
bbwduc,bbwduc/XC761778.ogg,5.0,-16.5631,-49.285,birdclef-2025/train_audio/bbwduc/XC761778.ogg,Aves,3.55265625
bbwduc,bbwduc/XC772516.ogg,4.0,-16.4353,-49.3948,birdclef-2025/train_audio/bbwduc/XC772516.ogg,Aves,9.97878125
bbwduc,bbwduc/XC778346.ogg,4.0,-30.8306,-59.0519,birdclef-2025/train_audio/bbwduc/XC778346.ogg,Aves,16.848
bbwduc,bbwduc/XC799777.ogg,4.0,5.086,-74.7006,birdclef-2025/train_audio/bbwduc/XC799777.ogg,Aves,10.704375
bbwduc,bbwduc/XC817487.ogg,4.5,17.0183,-96.6126,birdclef-2025/train_audio/bbwduc/XC817487.ogg,Aves,12.68878125
bbwduc,bbwduc/XC817488.ogg,5.0,17.0183,-96.6126,birdclef-2025/train_audio/bbwduc/XC817488.ogg,Aves,8.20584375
bbwduc,bbwduc/XC817489.ogg,5.0,17.0183,-96.6126,birdclef-2025/train_audio/bbwduc/XC817489.ogg,Aves,6.41325
bbwduc,bbwduc/XC820358.ogg,4.0,9.391,-75.632,birdclef-2025/train_audio/bbwduc/XC820358.ogg,Aves,14.104875
bbwduc,bbwduc/XC839039.ogg,4.0,11.424,-69.6004,birdclef-2025/train_audio/bbwduc/XC839039.ogg,Aves,11.6245
bbwduc,bbwduc/XC842293.ogg,5.0,18.015,-92.9864,birdclef-2025/train_audio/bbwduc/XC842293.ogg,Aves,11.31565625
bbwduc,bbwduc/XC85074.ogg,4.0,3.2001,-60.5667,birdclef-2025/train_audio/bbwduc/XC85074.ogg,Aves,14.6285625
bbwduc,bbwduc/XC900109.ogg,5.0,25.9298,-97.4131,birdclef-2025/train_audio/bbwduc/XC900109.ogg,Aves,6.12
bbwduc,bbwduc/XC919173.ogg,4.0,25.6681,-100.2515,birdclef-2025/train_audio/bbwduc/XC919173.ogg,Aves,3.552
bbwduc,bbwduc/XC920149.ogg,5.0,26.1782,-99.4502,birdclef-2025/train_audio/bbwduc/XC920149.ogg,Aves,6.12
bbwduc,bbwduc/XC920621.ogg,4.5,-16.5728,-49.3122,birdclef-2025/train_audio/bbwduc/XC920621.ogg,Aves,12.0946875
bbwduc,bbwduc/XC946068.ogg,4.0,3.5026,-76.3552,birdclef-2025/train_audio/bbwduc/XC946068.ogg,Aves,1.79796875
bbwduc,bbwduc/XC946069.ogg,4.0,3.5026,-76.3552,birdclef-2025/train_audio/bbwduc/XC946069.ogg,Aves,13.39275
bbwduc,bbwduc/XC946070.ogg,4.0,3.5026,-76.3552,birdclef-2025/train_audio/bbwduc/XC946070.ogg,Aves,11.1165
bbwduc,bbwduc/XC946071.ogg,4.0,3.5026,-76.3552,birdclef-2025/train_audio/bbwduc/XC946071.ogg,Aves,2.82696875
bbwduc,bbwduc/XC946072.ogg,4.0,3.5026,-76.3552,birdclef-2025/train_audio/bbwduc/XC946072.ogg,Aves,1.7810625
bicwre1,bicwre1/XC115474.ogg,4.0,6.6339,-73.2494,birdclef-2025/train_audio/bicwre1/XC115474.ogg,Aves,17.86775
bicwre1,bicwre1/XC13084.ogg,4.0,10.4792,-71.4176,birdclef-2025/train_audio/bicwre1/XC13084.ogg,Aves,16.32653125
bicwre1,bicwre1/XC139472.ogg,5.0,6.8241,-73.212,birdclef-2025/train_audio/bicwre1/XC139472.ogg,Aves,7.86284375
bicwre1,bicwre1/XC208726.ogg,4.0,4.1894,-73.5845,birdclef-2025/train_audio/bicwre1/XC208726.ogg,Aves,10.9453125
bicwre1,bicwre1/XC246893.ogg,5.0,7.3682,-69.4407,birdclef-2025/train_audio/bicwre1/XC246893.ogg,Aves,3.44815625
bicwre1,bicwre1/XC246894.ogg,5.0,7.3682,-69.4407,birdclef-2025/train_audio/bicwre1/XC246894.ogg,Aves,14.8636875
bicwre1,bicwre1/XC246895.ogg,5.0,7.3682,-69.4407,birdclef-2025/train_audio/bicwre1/XC246895.ogg,Aves,13.11346875
bicwre1,bicwre1/XC246896.ogg,5.0,7.3682,-69.4407,birdclef-2025/train_audio/bicwre1/XC246896.ogg,Aves,10.50121875
bicwre1,bicwre1/XC246897.ogg,4.0,7.3682,-69.4407,birdclef-2025/train_audio/bicwre1/XC246897.ogg,Aves,6.08653125
bicwre1,bicwre1/XC266376.ogg,5.0,10.1479,-68.9014,birdclef-2025/train_audio/bicwre1/XC266376.ogg,Aves,8.07184375
bicwre1,bicwre1/XC312359.ogg,5.0,11.006,-74.6834,birdclef-2025/train_audio/bicwre1/XC312359.ogg,Aves,17.16
bicwre1,bicwre1/XC343234.ogg,5.0,10.9587,-72.9342,birdclef-2025/train_audio/bicwre1/XC343234.ogg,Aves,15.984
bicwre1,bicwre1/XC354868.ogg,4.0,2.7143,-60.6071,birdclef-2025/train_audio/bicwre1/XC354868.ogg,Aves,11.28
bicwre1,bicwre1/XC385607.ogg,5.0,9.987,-69.5458,birdclef-2025/train_audio/bicwre1/XC385607.ogg,Aves,12.669375
bicwre1,bicwre1/XC438188.ogg,4.0,11.2902,-73.8842,birdclef-2025/train_audio/bicwre1/XC438188.ogg,Aves,10.47509375
bicwre1,bicwre1/XC445081.ogg,5.0,11.2563,-73.7934,birdclef-2025/train_audio/bicwre1/XC445081.ogg,Aves,11.23265625
bicwre1,bicwre1/XC454491.ogg,5.0,6.3308,-75.7697,birdclef-2025/train_audio/bicwre1/XC454491.ogg,Aves,11.112
bicwre1,bicwre1/XC528766.ogg,5.0,3.4404,-59.7683,birdclef-2025/train_audio/bicwre1/XC528766.ogg,Aves,12.408
bicwre1,bicwre1/XC558248.ogg,5.0,4.351,-74.652,birdclef-2025/train_audio/bicwre1/XC558248.ogg,Aves,14.4
bicwre1,bicwre1/XC560202.ogg,5.0,4.351,-74.652,birdclef-2025/train_audio/bicwre1/XC560202.ogg,Aves,13.008
bicwre1,bicwre1/XC560204.ogg,5.0,4.351,-74.652,birdclef-2025/train_audio/bicwre1/XC560204.ogg,Aves,13.944
bicwre1,bicwre1/XC56955.ogg,4.0,10.9901,-74.7451,birdclef-2025/train_audio/bicwre1/XC56955.ogg,Aves,9.7436875
bicwre1,bicwre1/XC56957.ogg,4.0,10.9901,-74.7451,birdclef-2025/train_audio/bicwre1/XC56957.ogg,Aves,7.96734375
bicwre1,bicwre1/XC589638.ogg,5.0,2.2192,-75.6135,birdclef-2025/train_audio/bicwre1/XC589638.ogg,Aves,7.68
bicwre1,bicwre1/XC589641.ogg,4.0,2.2192,-75.6135,birdclef-2025/train_audio/bicwre1/XC589641.ogg,Aves,2.95184375
bicwre1,bicwre1/XC661028.ogg,4.0,11.4947,-69.5128,birdclef-2025/train_audio/bicwre1/XC661028.ogg,Aves,11.4
bicwre1,bicwre1/XC731341.ogg,5.0,10.7618,-75.1584,birdclef-2025/train_audio/bicwre1/XC731341.ogg,Aves,9.482
bicwre1,bicwre1/XC827682.ogg,4.0,5.9328,-74.8118,birdclef-2025/train_audio/bicwre1/XC827682.ogg,Aves,19.632
bicwre1,bicwre1/XC838882.ogg,4.0,11.4947,-69.5128,birdclef-2025/train_audio/bicwre1/XC838882.ogg,Aves,11.598375
bicwre1,bicwre1/XC9017.ogg,4.0,7.4334,-69.3167,birdclef-2025/train_audio/bicwre1/XC9017.ogg,Aves,3.892
bicwre1,bicwre1/XC918986.ogg,4.0,11.2407,-69.613,birdclef-2025/train_audio/bicwre1/XC918986.ogg,Aves,11.33334375
bicwre1,bicwre1/XC939116.ogg,5.0,2.8044,-60.6718,birdclef-2025/train_audio/bicwre1/XC939116.ogg,Aves,4.179
bkcdon,bkcdon/XC113869.ogg,4.0,-20.8004,-42.8884,birdclef-2025/train_audio/bkcdon/XC113869.ogg,Aves,16.87509375
bkcdon,bkcdon/XC113870.ogg,4.0,-20.8004,-42.8884,birdclef-2025/train_audio/bkcdon/XC113870.ogg,Aves,11.493875
bkcdon,bkcdon/XC113873.ogg,4.0,-20.8004,-42.8884,birdclef-2025/train_audio/bkcdon/XC113873.ogg,Aves,6.63509375
bkcdon,bkcdon/XC113874.ogg,4.0,-20.8004,-42.8884,birdclef-2025/train_audio/bkcdon/XC113874.ogg,Aves,9.87428125
bkcdon,bkcdon/XC131419.ogg,4.5,-22.4508,-42.7735,birdclef-2025/train_audio/bkcdon/XC131419.ogg,Aves,7.08
bkcdon,bkcdon/XC131506.ogg,5.0,-12.0478,-69.6759,birdclef-2025/train_audio/bkcdon/XC131506.ogg,Aves,14.053875
bkcdon,bkcdon/XC150595.ogg,4.0,-6.5201,-76.418,birdclef-2025/train_audio/bkcdon/XC150595.ogg,Aves,13.21796875
bkcdon,bkcdon/XC157408.ogg,4.0,8.272,-77.8023,birdclef-2025/train_audio/bkcdon/XC157408.ogg,Aves,9.43021875
bkcdon,bkcdon/XC165386.ogg,5.0,-23.8833,-46.4009,birdclef-2025/train_audio/bkcdon/XC165386.ogg,Aves,6.269375
bkcdon,bkcdon/XC186247.ogg,5.0,-21.8625,-49.643,birdclef-2025/train_audio/bkcdon/XC186247.ogg,Aves,15.62121875
bkcdon,bkcdon/XC186248.ogg,4.0,-22.6997,-47.6297,birdclef-2025/train_audio/bkcdon/XC186248.ogg,Aves,3.3175625
bkcdon,bkcdon/XC206911.ogg,5.0,-22.4508,-42.7735,birdclef-2025/train_audio/bkcdon/XC206911.ogg,Aves,15.48
bkcdon,bkcdon/XC242579.ogg,5.0,-1.583,-77.785,birdclef-2025/train_audio/bkcdon/XC242579.ogg,Aves,11.31103125
bkcdon,bkcdon/XC259280.ogg,5.0,-0.267,-75.883,birdclef-2025/train_audio/bkcdon/XC259280.ogg,Aves,16.37878125
bkcdon,bkcdon/XC259281.ogg,5.0,-0.523,-76.438,birdclef-2025/train_audio/bkcdon/XC259281.ogg,Aves,10.24
bkcdon,bkcdon/XC259283.ogg,4.5,-0.523,-76.438,birdclef-2025/train_audio/bkcdon/XC259283.ogg,Aves,14.23675
bkcdon,bkcdon/XC259285.ogg,5.0,-0.523,-76.438,birdclef-2025/train_audio/bkcdon/XC259285.ogg,Aves,17.11021875
bkcdon,bkcdon/XC259287.ogg,5.0,-0.523,-76.438,birdclef-2025/train_audio/bkcdon/XC259287.ogg,Aves,8.15021875
bkcdon,bkcdon/XC2764.ogg,4.0,-14.9001,-64.7167,birdclef-2025/train_audio/bkcdon/XC2764.ogg,Aves,8.62040625
bkcdon,bkcdon/XC287955.ogg,5.0,-22.4508,-42.7735,birdclef-2025/train_audio/bkcdon/XC287955.ogg,Aves,18.10284375
bkcdon,bkcdon/XC292360.ogg,5.0,-24.1029,-52.3171,birdclef-2025/train_audio/bkcdon/XC292360.ogg,Aves,8.04571875
bkcdon,bkcdon/XC377847.ogg,5.0,-4.2147,-69.9486,birdclef-2025/train_audio/bkcdon/XC377847.ogg,Aves,6.08653125
bkcdon,bkcdon/XC384806.ogg,5.0,9.9039,-71.1039,birdclef-2025/train_audio/bkcdon/XC384806.ogg,Aves,11.25878125
bkcdon,bkcdon/XC384926.ogg,5.0,-22.4508,-42.7735,birdclef-2025/train_audio/bkcdon/XC384926.ogg,Aves,13.2
bkcdon,bkcdon/XC384927.ogg,5.0,-22.4508,-42.7735,birdclef-2025/train_audio/bkcdon/XC384927.ogg,Aves,15.552
bkcdon,bkcdon/XC385160.ogg,5.0,9.9039,-71.1039,birdclef-2025/train_audio/bkcdon/XC385160.ogg,Aves,12.8
bkcdon,bkcdon/XC387341.ogg,4.0,-11.3784,-49.666,birdclef-2025/train_audio/bkcdon/XC387341.ogg,Aves,18.5730625
bkcdon,bkcdon/XC425968.ogg,5.0,-25.0719,-58.141,birdclef-2025/train_audio/bkcdon/XC425968.ogg,Aves,8.829375
bkcdon,bkcdon/XC443418.ogg,5.0,-14.625,-49.0051,birdclef-2025/train_audio/bkcdon/XC443418.ogg,Aves,18.39021875
bkcdon,bkcdon/XC443419.ogg,4.5,-14.625,-49.0051,birdclef-2025/train_audio/bkcdon/XC443419.ogg,Aves,6.68734375
bkcdon,bkcdon/XC443421.ogg,5.0,-14.625,-49.0051,birdclef-2025/train_audio/bkcdon/XC443421.ogg,Aves,3.78775
bkcdon,bkcdon/XC443422.ogg,5.0,-14.625,-49.0051,birdclef-2025/train_audio/bkcdon/XC443422.ogg,Aves,8.80325
bkcdon,bkcdon/XC488565.ogg,4.0,-16.5031,-56.7455,birdclef-2025/train_audio/bkcdon/XC488565.ogg,Aves,15.41225
bkcdon,bkcdon/XC583587.ogg,4.0,4.9242,-52.3328,birdclef-2025/train_audio/bkcdon/XC583587.ogg,Aves,15.67346875
bkcdon,bkcdon/XC682131.ogg,5.0,-12.83,-71.3773,birdclef-2025/train_audio/bkcdon/XC682131.ogg,Aves,12.288
bkcdon,bkcdon/XC682132.ogg,5.0,-12.83,-71.3773,birdclef-2025/train_audio/bkcdon/XC682132.ogg,Aves,10.32
bkcdon,bkcdon/XC683902.ogg,5.0,1.4886,-75.6911,birdclef-2025/train_audio/bkcdon/XC683902.ogg,Aves,7.7845
bkcdon,bkcdon/XC699650.ogg,5.0,-16.0538,-49.604,birdclef-2025/train_audio/bkcdon/XC699650.ogg,Aves,9.87428125
bkcdon,bkcdon/XC704581.ogg,5.0,-16.8082,-49.1719,birdclef-2025/train_audio/bkcdon/XC704581.ogg,Aves,9.90040625
bkcdon,bkcdon/XC709817.ogg,5.0,-16.6122,-50.3301,birdclef-2025/train_audio/bkcdon/XC709817.ogg,Aves,11.10203125
bkcdon,bkcdon/XC737043.ogg,5.0,-16.1605,-49.5395,birdclef-2025/train_audio/bkcdon/XC737043.ogg,Aves,12.98284375
bkcdon,bkcdon/XC742763.ogg,5.0,-0.4383,-76.2791,birdclef-2025/train_audio/bkcdon/XC742763.ogg,Aves,4.336
bkcdon,bkcdon/XC742765.ogg,5.0,-0.4383,-76.2791,birdclef-2025/train_audio/bkcdon/XC742765.ogg,Aves,8.724
bkcdon,bkcdon/XC780519.ogg,4.0,-16.4456,-51.1201,birdclef-2025/train_audio/bkcdon/XC780519.ogg,Aves,13.4791875
bkcdon,bkcdon/XC796779.ogg,5.0,-28.5361,-57.1735,birdclef-2025/train_audio/bkcdon/XC796779.ogg,Aves,18.5208125
bkcdon,bkcdon/XC817329.ogg,5.0,-0.4373,-76.2804,birdclef-2025/train_audio/bkcdon/XC817329.ogg,Aves,5.376
bkcdon,bkcdon/XC837993.ogg,4.5,-14.0858,-50.8244,birdclef-2025/train_audio/bkcdon/XC837993.ogg,Aves,12.59103125
bkcdon,bkcdon/XC838002.ogg,4.5,-14.0858,-50.8244,birdclef-2025/train_audio/bkcdon/XC838002.ogg,Aves,19.53959375
bkcdon,bkcdon/XC863918.ogg,4.5,-18.9287,-51.679,birdclef-2025/train_audio/bkcdon/XC863918.ogg,Aves,7.81
bkmtou1,bkmtou1/XC112965.ogg,5.0,8.6315,-83.1787,birdclef-2025/train_audio/bkmtou1/XC112965.ogg,Aves,18.4685625
bkmtou1,bkmtou1/XC131564.ogg,5.0,9.125,-79.715,birdclef-2025/train_audio/bkmtou1/XC131564.ogg,Aves,18.6
bkmtou1,bkmtou1/XC146868.ogg,5.0,0.053,-78.8431,birdclef-2025/train_audio/bkmtou1/XC146868.ogg,Aves,14.52409375
bkmtou1,bkmtou1/XC186734.ogg,4.0,0.1228,-78.9942,birdclef-2025/train_audio/bkmtou1/XC186734.ogg,Aves,16.032
bkmtou1,bkmtou1/XC189824.ogg,4.0,10.9818,-84.3358,birdclef-2025/train_audio/bkmtou1/XC189824.ogg,Aves,9.27346875
bkmtou1,bkmtou1/XC238971.ogg,5.0,0.883,-78.514,birdclef-2025/train_audio/bkmtou1/XC238971.ogg,Aves,10.55346875
bkmtou1,bkmtou1/XC244181.ogg,5.0,8.8211,-70.5013,birdclef-2025/train_audio/bkmtou1/XC244181.ogg,Aves,17.44978125
bkmtou1,bkmtou1/XC261870.ogg,5.0,0.867,-78.733,birdclef-2025/train_audio/bkmtou1/XC261870.ogg,Aves,13.19184375
bkmtou1,bkmtou1/XC333216.ogg,5.0,-0.672,-77.6047,birdclef-2025/train_audio/bkmtou1/XC333216.ogg,Aves,16.45715625
bkmtou1,bkmtou1/XC371542.ogg,5.0,14.9541,-84.5268,birdclef-2025/train_audio/bkmtou1/XC371542.ogg,Aves,15.41225
bkmtou1,bkmtou1/XC383275.ogg,4.0,9.8124,-83.0752,birdclef-2025/train_audio/bkmtou1/XC383275.ogg,Aves,14.706
bkmtou1,bkmtou1/XC420709.ogg,4.0,-0.6873,-77.5992,birdclef-2025/train_audio/bkmtou1/XC420709.ogg,Aves,17.2146875
bkmtou1,bkmtou1/XC453794.ogg,4.0,10.4295,-84.0095,birdclef-2025/train_audio/bkmtou1/XC453794.ogg,Aves,12.8
bkmtou1,bkmtou1/XC505051.ogg,4.0,-0.0501,-78.7735,birdclef-2025/train_audio/bkmtou1/XC505051.ogg,Aves,16.1175625
bkmtou1,bkmtou1/XC580305.ogg,5.0,9.1332,-79.7195,birdclef-2025/train_audio/bkmtou1/XC580305.ogg,Aves,11.65
bkmtou1,bkmtou1/XC591812.ogg,5.0,1.818,-75.6663,birdclef-2025/train_audio/bkmtou1/XC591812.ogg,Aves,18.93878125
bkmtou1,bkmtou1/XC600052.ogg,5.0,-3.6515,-79.7802,birdclef-2025/train_audio/bkmtou1/XC600052.ogg,Aves,5.250625
bkmtou1,bkmtou1/XC695659.ogg,4.0,9.1368,-79.7236,birdclef-2025/train_audio/bkmtou1/XC695659.ogg,Aves,13.848
bkmtou1,bkmtou1/XC710021.ogg,4.0,-0.667,-77.6,birdclef-2025/train_audio/bkmtou1/XC710021.ogg,Aves,10.9975625
bkmtou1,bkmtou1/XC750661.ogg,5.0,-0.6756,-77.6014,birdclef-2025/train_audio/bkmtou1/XC750661.ogg,Aves,12.355
bkmtou1,bkmtou1/XC863111.ogg,5.0,10.5513,-83.5074,birdclef-2025/train_audio/bkmtou1/XC863111.ogg,Aves,18.233
bkmtou1,bkmtou1/XC928657.ogg,5.0,0.1219,-79.138,birdclef-2025/train_audio/bkmtou1/XC928657.ogg,Aves,8.04571875
bkmtou1,bkmtou1/XC928879.ogg,4.0,-0.0487,-78.7752,birdclef-2025/train_audio/bkmtou1/XC928879.ogg,Aves,15.386125
blbgra1,blbgra1/XC158334.ogg,4.0,-0.0523,-78.7764,birdclef-2025/train_audio/blbgra1/XC158334.ogg,Aves,14.001625
blbgra1,blbgra1/XC199138.ogg,5.0,-23.446,-51.244,birdclef-2025/train_audio/blbgra1/XC199138.ogg,Aves,9.5346875
blbgra1,blbgra1/XC214834.ogg,4.0,-26.4895,-52.2009,birdclef-2025/train_audio/blbgra1/XC214834.ogg,Aves,10.24
blbgra1,blbgra1/XC243285.ogg,5.0,-4.003,-79.369,birdclef-2025/train_audio/blbgra1/XC243285.ogg,Aves,13.84490625
blbgra1,blbgra1/XC243289.ogg,4.0,-4.936,-79.105,birdclef-2025/train_audio/blbgra1/XC243289.ogg,Aves,18.83428125
blbgra1,blbgra1/XC251752.ogg,5.0,-3.232,-79.281,birdclef-2025/train_audio/blbgra1/XC251752.ogg,Aves,19.2
blbgra1,blbgra1/XC259824.ogg,5.0,-0.917,-77.8,birdclef-2025/train_audio/blbgra1/XC259824.ogg,Aves,17.52815625
blbgra1,blbgra1/XC259827.ogg,5.0,-0.051,-78.778,birdclef-2025/train_audio/blbgra1/XC259827.ogg,Aves,18.83428125
blbgra1,blbgra1/XC265371.ogg,5.0,18.0188,-94.4079,birdclef-2025/train_audio/blbgra1/XC265371.ogg,Aves,11.75509375
blbgra1,blbgra1/XC288278.ogg,5.0,-18.5156,-70.1812,birdclef-2025/train_audio/blbgra1/XC288278.ogg,Aves,15.177
blbgra1,blbgra1/XC32427.ogg,4.0,-23.5334,-64.5501,birdclef-2025/train_audio/blbgra1/XC32427.ogg,Aves,18.88653125
blbgra1,blbgra1/XC32428.ogg,5.0,-23.5334,-64.5501,birdclef-2025/train_audio/blbgra1/XC32428.ogg,Aves,14.6808125
blbgra1,blbgra1/XC343213.ogg,5.0,-25.6451,-48.4345,birdclef-2025/train_audio/blbgra1/XC343213.ogg,Aves,14.64
blbgra1,blbgra1/XC375831.ogg,4.0,10.471,-84.646,birdclef-2025/train_audio/blbgra1/XC375831.ogg,Aves,13.03509375
blbgra1,blbgra1/XC375832.ogg,4.0,10.471,-84.646,birdclef-2025/train_audio/blbgra1/XC375832.ogg,Aves,10.68409375
blbgra1,blbgra1/XC378059.ogg,5.0,18.2135,-94.8365,birdclef-2025/train_audio/blbgra1/XC378059.ogg,Aves,19.53959375
blbgra1,blbgra1/XC385761.ogg,5.0,15.5519,-93.2049,birdclef-2025/train_audio/blbgra1/XC385761.ogg,Aves,10.9975625
blbgra1,blbgra1/XC405865.ogg,4.0,6.8663,-75.8157,birdclef-2025/train_audio/blbgra1/XC405865.ogg,Aves,6.336
blbgra1,blbgra1/XC405866.ogg,4.0,6.8663,-75.8157,birdclef-2025/train_audio/blbgra1/XC405866.ogg,Aves,7.44
blbgra1,blbgra1/XC405907.ogg,4.0,6.8491,-73.092,birdclef-2025/train_audio/blbgra1/XC405907.ogg,Aves,17.084
blbgra1,blbgra1/XC422201.ogg,5.0,-16.5631,-49.285,birdclef-2025/train_audio/blbgra1/XC422201.ogg,Aves,8.829375
blbgra1,blbgra1/XC422204.ogg,5.0,-14.625,-49.0051,birdclef-2025/train_audio/blbgra1/XC422204.ogg,Aves,4.85878125
blbgra1,blbgra1/XC423055.ogg,4.0,-18.002,-40.381,birdclef-2025/train_audio/blbgra1/XC423055.ogg,Aves,19.008
blbgra1,blbgra1/XC424492.ogg,5.0,4.371,-75.2307,birdclef-2025/train_audio/blbgra1/XC424492.ogg,Aves,15.816
blbgra1,blbgra1/XC445140.ogg,4.0,3.4756,-67.9643,birdclef-2025/train_audio/blbgra1/XC445140.ogg,Aves,12.878375
blbgra1,blbgra1/XC51124.ogg,4.0,-30.5827,-59.9402,birdclef-2025/train_audio/blbgra1/XC51124.ogg,Aves,17.44978125
blbgra1,blbgra1/XC51125.ogg,4.0,-34.2342,-58.8861,birdclef-2025/train_audio/blbgra1/XC51125.ogg,Aves,7.49715625
blbgra1,blbgra1/XC524139.ogg,4.0,9.63,-74.9122,birdclef-2025/train_audio/blbgra1/XC524139.ogg,Aves,18.18121875
blbgra1,blbgra1/XC538041.ogg,4.0,10.0573,-84.4965,birdclef-2025/train_audio/blbgra1/XC538041.ogg,Aves,17.2669375
blbgra1,blbgra1/XC543738.ogg,5.0,1.4898,-75.6801,birdclef-2025/train_audio/blbgra1/XC543738.ogg,Aves,18.192
blbgra1,blbgra1/XC550003.ogg,5.0,1.4898,-75.6801,birdclef-2025/train_audio/blbgra1/XC550003.ogg,Aves,14.4
blbgra1,blbgra1/XC575589.ogg,5.0,8.686,-83.671,birdclef-2025/train_audio/blbgra1/XC575589.ogg,Aves,13.84490625
blbgra1,blbgra1/XC579643.ogg,4.0,18.8728,-99.2004,birdclef-2025/train_audio/blbgra1/XC579643.ogg,Aves,18.648
blbgra1,blbgra1/XC589629.ogg,5.0,2.1869,-75.5584,birdclef-2025/train_audio/blbgra1/XC589629.ogg,Aves,5.40734375
blbgra1,blbgra1/XC589630.ogg,5.0,2.1869,-75.5584,birdclef-2025/train_audio/blbgra1/XC589630.ogg,Aves,5.40734375
blbgra1,blbgra1/XC615115.ogg,4.0,-18.1884,-63.8792,birdclef-2025/train_audio/blbgra1/XC615115.ogg,Aves,7.68
blbgra1,blbgra1/XC615116.ogg,4.0,-18.1884,-63.8792,birdclef-2025/train_audio/blbgra1/XC615116.ogg,Aves,1.07603125
blbgra1,blbgra1/XC622475.ogg,5.0,2.1869,-75.5584,birdclef-2025/train_audio/blbgra1/XC622475.ogg,Aves,4.96325
blbgra1,blbgra1/XC654061.ogg,5.0,5.2486,-74.2618,birdclef-2025/train_audio/blbgra1/XC654061.ogg,Aves,12.744
blbgra1,blbgra1/XC658826.ogg,5.0,17.204,-96.8264,birdclef-2025/train_audio/blbgra1/XC658826.ogg,Aves,7.079
blbgra1,blbgra1/XC675857.ogg,4.0,16.7603,-93.1394,birdclef-2025/train_audio/blbgra1/XC675857.ogg,Aves,12.384
blbgra1,blbgra1/XC678415.ogg,5.0,18.6906,-100.3324,birdclef-2025/train_audio/blbgra1/XC678415.ogg,Aves,15.67346875
blbgra1,blbgra1/XC695903.ogg,4.5,-16.0538,-49.604,birdclef-2025/train_audio/blbgra1/XC695903.ogg,Aves,4.4146875
blbgra1,blbgra1/XC696998.ogg,5.0,-10.3508,-38.9426,birdclef-2025/train_audio/blbgra1/XC696998.ogg,Aves,2.481625
blbgra1,blbgra1/XC697374.ogg,4.0,-9.2162,-35.8741,birdclef-2025/train_audio/blbgra1/XC697374.ogg,Aves,1.72409375
blbgra1,blbgra1/XC699814.ogg,4.5,-16.6003,-49.2802,birdclef-2025/train_audio/blbgra1/XC699814.ogg,Aves,7.1314375
blbgra1,blbgra1/XC708070.ogg,4.5,-16.631,-48.6674,birdclef-2025/train_audio/blbgra1/XC708070.ogg,Aves,14.41959375
blbgra1,blbgra1/XC709835.ogg,5.0,-16.6122,-50.3301,birdclef-2025/train_audio/blbgra1/XC709835.ogg,Aves,11.04978125
blbgra1,blbgra1/XC715327.ogg,5.0,-1.6779,-80.7952,birdclef-2025/train_audio/blbgra1/XC715327.ogg,Aves,13.992
blbgra1,blbgra1/XC715503.ogg,5.0,-18.9439,-46.9925,birdclef-2025/train_audio/blbgra1/XC715503.ogg,Aves,13.87103125
blbgra1,blbgra1/XC74319.ogg,4.0,-11.0394,-65.7494,birdclef-2025/train_audio/blbgra1/XC74319.ogg,Aves,8.881625
blbgra1,blbgra1/XC743237.ogg,5.0,-16.5456,-49.1572,birdclef-2025/train_audio/blbgra1/XC743237.ogg,Aves,12.38203125
blbgra1,blbgra1/XC755565.ogg,4.0,28.1098,-109.3217,birdclef-2025/train_audio/blbgra1/XC755565.ogg,Aves,12.087
blbgra1,blbgra1/XC768803.ogg,5.0,-6.561,-47.4611,birdclef-2025/train_audio/blbgra1/XC768803.ogg,Aves,6.34775
blbgra1,blbgra1/XC769492.ogg,5.0,-6.3761,-47.1085,birdclef-2025/train_audio/blbgra1/XC769492.ogg,Aves,2.95184375
blbgra1,blbgra1/XC771679.ogg,4.0,4.7816,-75.7321,birdclef-2025/train_audio/blbgra1/XC771679.ogg,Aves,6.426125
blbgra1,blbgra1/XC782163.ogg,5.0,-11.362,-55.4185,birdclef-2025/train_audio/blbgra1/XC782163.ogg,Aves,2.324
blbgra1,blbgra1/XC800265.ogg,5.0,-16.4727,-49.4959,birdclef-2025/train_audio/blbgra1/XC800265.ogg,Aves,7.52325
blbgra1,blbgra1/XC800269.ogg,4.0,-16.4727,-49.4959,birdclef-2025/train_audio/blbgra1/XC800269.ogg,Aves,7.601625
blbgra1,blbgra1/XC800363.ogg,4.5,-16.4727,-49.4959,birdclef-2025/train_audio/blbgra1/XC800363.ogg,Aves,10.44896875
blbgra1,blbgra1/XC84806.ogg,4.0,-8.7834,-48.4001,birdclef-2025/train_audio/blbgra1/XC84806.ogg,Aves,17.841625
blbgra1,blbgra1/XC84807.ogg,4.0,-23.0501,-45.1167,birdclef-2025/train_audio/blbgra1/XC84807.ogg,Aves,11.15428125
blbgra1,blbgra1/XC84808.ogg,4.0,-9.3001,-35.9334,birdclef-2025/train_audio/blbgra1/XC84808.ogg,Aves,19.9836875
blbgra1,blbgra1/XC861549.ogg,4.5,-16.0538,-49.604,birdclef-2025/train_audio/blbgra1/XC861549.ogg,Aves,8.411
blbgra1,blbgra1/XC878608.ogg,4.0,5.019,-52.6928,birdclef-2025/train_audio/blbgra1/XC878608.ogg,Aves,17.208
blbgra1,blbgra1/XC939071.ogg,5.0,2.8044,-60.6718,birdclef-2025/train_audio/blbgra1/XC939071.ogg,Aves,19.408
blbgra1,blbgra1/XC946289.ogg,4.0,3.5026,-76.3552,birdclef-2025/train_audio/blbgra1/XC946289.ogg,Aves,10.24359375
blbgra1,blbgra1/XC946290.ogg,4.0,3.5026,-76.3552,birdclef-2025/train_audio/blbgra1/XC946290.ogg,Aves,16.831625
blbgra1,blbgra1/XC946291.ogg,4.0,3.5026,-76.3552,birdclef-2025/train_audio/blbgra1/XC946291.ogg,Aves,6.1033125
blbgra1,blbgra1/XC963351.ogg,5.0,-16.5108,-49.2939,birdclef-2025/train_audio/blbgra1/XC963351.ogg,Aves,14.367
blbwre1,blbwre1/XC10570.ogg,4.5,9.1334,-79.6501,birdclef-2025/train_audio/blbwre1/XC10570.ogg,Aves,18.755
blbwre1,blbwre1/XC112986.ogg,4.0,8.5194,-83.4071,birdclef-2025/train_audio/blbwre1/XC112986.ogg,Aves,19.43509375
blbwre1,blbwre1/XC165963.ogg,5.0,9.7751,-84.6167,birdclef-2025/train_audio/blbwre1/XC165963.ogg,Aves,3.99675
blbwre1,blbwre1/XC247693.ogg,4.0,9.1081,-79.8202,birdclef-2025/train_audio/blbwre1/XC247693.ogg,Aves,13.656
blbwre1,blbwre1/XC253545.ogg,5.0,1.887,-76.263,birdclef-2025/train_audio/blbwre1/XC253545.ogg,Aves,5.98203125
blbwre1,blbwre1/XC265200.ogg,4.0,9.4939,-84.048,birdclef-2025/train_audio/blbwre1/XC265200.ogg,Aves,15.77796875
blbwre1,blbwre1/XC267500.ogg,5.0,9.4939,-84.048,birdclef-2025/train_audio/blbwre1/XC267500.ogg,Aves,15.77796875
blbwre1,blbwre1/XC278871.ogg,4.0,8.6924,-83.6742,birdclef-2025/train_audio/blbwre1/XC278871.ogg,Aves,13.08
blbwre1,blbwre1/XC279012.ogg,4.0,6.6184,-74.6423,birdclef-2025/train_audio/blbwre1/XC279012.ogg,Aves,6.71346875
blbwre1,blbwre1/XC335112.ogg,4.0,8.6511,-83.1847,birdclef-2025/train_audio/blbwre1/XC335112.ogg,Aves,6.635
blbwre1,blbwre1/XC378365.ogg,5.0,6.05,-74.261,birdclef-2025/train_audio/blbwre1/XC378365.ogg,Aves,6.408
blbwre1,blbwre1/XC381342.ogg,5.0,5.1202,-74.6169,birdclef-2025/train_audio/blbwre1/XC381342.ogg,Aves,4.824
blbwre1,blbwre1/XC388460.ogg,4.0,5.1266,-74.5924,birdclef-2025/train_audio/blbwre1/XC388460.ogg,Aves,8.184
blbwre1,blbwre1/XC408293.ogg,5.0,9.05,-79.6342,birdclef-2025/train_audio/blbwre1/XC408293.ogg,Aves,2.904
blbwre1,blbwre1/XC541347.ogg,5.0,4.351,-74.652,birdclef-2025/train_audio/blbwre1/XC541347.ogg,Aves,11.78121875
blbwre1,blbwre1/XC542278.ogg,4.5,8.685,-83.6679,birdclef-2025/train_audio/blbwre1/XC542278.ogg,Aves,18.792
blbwre1,blbwre1/XC56907.ogg,4.0,8.1209,-78.09,birdclef-2025/train_audio/blbwre1/XC56907.ogg,Aves,6.426125
blbwre1,blbwre1/XC576865.ogg,4.0,9.796,-84.601,birdclef-2025/train_audio/blbwre1/XC576865.ogg,Aves,18.050625
blbwre1,blbwre1/XC576866.ogg,4.0,9.796,-84.601,birdclef-2025/train_audio/blbwre1/XC576866.ogg,Aves,12.43428125
blbwre1,blbwre1/XC589835.ogg,5.0,5.2437,-74.3056,birdclef-2025/train_audio/blbwre1/XC589835.ogg,Aves,8.712
blbwre1,blbwre1/XC698901.ogg,4.0,9.7881,-84.6019,birdclef-2025/train_audio/blbwre1/XC698901.ogg,Aves,3.192
blbwre1,blbwre1/XC809013.ogg,5.0,9.794,-84.601,birdclef-2025/train_audio/blbwre1/XC809013.ogg,Aves,18.648
blbwre1,blbwre1/XC928860.ogg,5.0,9.1441,-79.7274,birdclef-2025/train_audio/blbwre1/XC928860.ogg,Aves,7.21196875
blbwre1,blbwre1/XC9725.ogg,4.0,9.7751,-84.6167,birdclef-2025/train_audio/blbwre1/XC9725.ogg,Aves,3.944
blbwre1,blbwre1/XC9727.ogg,4.0,9.7751,-84.6167,birdclef-2025/train_audio/blbwre1/XC9727.ogg,Aves,3.369
blcant4,blcant4/XC139207.ogg,4.5,1.4022,-60.9869,birdclef-2025/train_audio/blcant4/XC139207.ogg,Aves,19.61796875
blcant4,blcant4/XC220982.ogg,5.0,7.5637,-69.4968,birdclef-2025/train_audio/blcant4/XC220982.ogg,Aves,14.5763125
blcant4,blcant4/XC387120.ogg,4.0,-2.5961,-60.923,birdclef-2025/train_audio/blcant4/XC387120.ogg,Aves,4.4669375
blcant4,blcant4/XC403401.ogg,4.0,4.8313,-52.2973,birdclef-2025/train_audio/blcant4/XC403401.ogg,Aves,5.95590625
blcant4,blcant4/XC438573.ogg,5.0,4.8808,-72.4653,birdclef-2025/train_audio/blcant4/XC438573.ogg,Aves,12.46
blcant4,blcant4/XC524071.ogg,4.0,9.9,-75.1167,birdclef-2025/train_audio/blcant4/XC524071.ogg,Aves,14.8636875
blcant4,blcant4/XC583117.ogg,4.0,4.7962,-52.4577,birdclef-2025/train_audio/blcant4/XC583117.ogg,Aves,11.23265625
blcant4,blcant4/XC680699.ogg,4.0,3.9598,-60.0664,birdclef-2025/train_audio/blcant4/XC680699.ogg,Aves,11.544
blcant4,blcant4/XC782003.ogg,5.0,4.9142,-52.3624,birdclef-2025/train_audio/blcant4/XC782003.ogg,Aves,7.392
blcant4,blcant4/XC782004.ogg,5.0,4.9142,-52.3624,birdclef-2025/train_audio/blcant4/XC782004.ogg,Aves,2.847
blcant4,blcant4/XC838752.ogg,4.0,10.8564,-68.3634,birdclef-2025/train_audio/blcant4/XC838752.ogg,Aves,3.7355
blchaw1,blchaw1/XC119228.ogg,4.0,-3.1268,-59.9277,birdclef-2025/train_audio/blchaw1/XC119228.ogg,Aves,12.0424375
blchaw1,blchaw1/XC176575.ogg,5.0,8.6322,-61.9684,birdclef-2025/train_audio/blchaw1/XC176575.ogg,Aves,8.088
blchaw1,blchaw1/XC257363.ogg,5.0,17.636,-89.036,birdclef-2025/train_audio/blchaw1/XC257363.ogg,Aves,15.77796875
blchaw1,blchaw1/XC296582.ogg,5.0,-4.3025,-73.2867,birdclef-2025/train_audio/blchaw1/XC296582.ogg,Aves,9.43021875
blchaw1,blchaw1/XC384124.ogg,5.0,-16.877,-56.8364,birdclef-2025/train_audio/blchaw1/XC384124.ogg,Aves,18.744
blchaw1,blchaw1/XC414804.ogg,5.0,-16.362,-56.648,birdclef-2025/train_audio/blchaw1/XC414804.ogg,Aves,8.64653125
blchaw1,blchaw1/XC414807.ogg,5.0,-16.5728,-49.3122,birdclef-2025/train_audio/blchaw1/XC414807.ogg,Aves,3.9445
blchaw1,blchaw1/XC455714.ogg,4.0,3.3821,-61.4464,birdclef-2025/train_audio/blchaw1/XC455714.ogg,Aves,19.752
blchaw1,blchaw1/XC550357.ogg,4.0,-16.6003,-49.2802,birdclef-2025/train_audio/blchaw1/XC550357.ogg,Aves,11.46775
blchaw1,blchaw1/XC570212.ogg,5.0,-27.1453,-58.8418,birdclef-2025/train_audio/blchaw1/XC570212.ogg,Aves,8.1
blchaw1,blchaw1/XC592750.ogg,4.0,-4.2889,-70.2948,birdclef-2025/train_audio/blchaw1/XC592750.ogg,Aves,19.416
blchaw1,blchaw1/XC592751.ogg,5.0,-4.2889,-70.2948,birdclef-2025/train_audio/blchaw1/XC592751.ogg,Aves,4.176
blchaw1,blchaw1/XC63196.ogg,4.0,-11.8667,-71.3667,birdclef-2025/train_audio/blchaw1/XC63196.ogg,Aves,11.772
blchaw1,blchaw1/XC655671.ogg,5.0,-14.1065,-61.9997,birdclef-2025/train_audio/blchaw1/XC655671.ogg,Aves,5.041
blchaw1,blchaw1/XC656900.ogg,4.0,4.5162,-52.0225,birdclef-2025/train_audio/blchaw1/XC656900.ogg,Aves,13.4791875
blchaw1,blchaw1/XC656902.ogg,4.0,4.5162,-52.0225,birdclef-2025/train_audio/blchaw1/XC656902.ogg,Aves,11.389375
blchaw1,blchaw1/XC696016.ogg,5.0,-22.6778,-52.1924,birdclef-2025/train_audio/blchaw1/XC696016.ogg,Aves,16.326
blchaw1,blchaw1/XC901837.ogg,4.0,-17.3646,-56.7749,birdclef-2025/train_audio/blchaw1/XC901837.ogg,Aves,5.928
blcjay1,blcjay1/XC235668.ogg,4.0,11.1009,-74.072,birdclef-2025/train_audio/blcjay1/XC235668.ogg,Aves,16.0391875
blcjay1,blcjay1/XC360387.ogg,4.0,9.511,-75.3552,birdclef-2025/train_audio/blcjay1/XC360387.ogg,Aves,9.95265625
blcjay1,blcjay1/XC424495.ogg,5.0,4.371,-75.2307,birdclef-2025/train_audio/blcjay1/XC424495.ogg,Aves,13.536
blcjay1,blcjay1/XC433165.ogg,5.0,4.9308,-75.7451,birdclef-2025/train_audio/blcjay1/XC433165.ogg,Aves,19.7485625
blcjay1,blcjay1/XC443229.ogg,4.0,9.5513,-79.6598,birdclef-2025/train_audio/blcjay1/XC443229.ogg,Aves,5.8514375
blcjay1,blcjay1/XC456872.ogg,5.0,9.222,-80.024,birdclef-2025/train_audio/blcjay1/XC456872.ogg,Aves,3.55265625
blcjay1,blcjay1/XC543901.ogg,5.0,6.0498,-74.2614,birdclef-2025/train_audio/blcjay1/XC543901.ogg,Aves,16.901
blcjay1,blcjay1/XC589669.ogg,5.0,2.1869,-75.5584,birdclef-2025/train_audio/blcjay1/XC589669.ogg,Aves,6.21715625
blcjay1,blcjay1/XC59606.ogg,4.0,8.1506,-77.9997,birdclef-2025/train_audio/blcjay1/XC59606.ogg,Aves,13.4269375
blcjay1,blcjay1/XC632615.ogg,4.0,2.0123,-75.7436,birdclef-2025/train_audio/blcjay1/XC632615.ogg,Aves,12.95675
blcjay1,blcjay1/XC763561.ogg,4.0,4.1987,-74.6395,birdclef-2025/train_audio/blcjay1/XC763561.ogg,Aves,8.04
blcjay1,blcjay1/XC838590.ogg,4.0,11.1801,-69.6299,birdclef-2025/train_audio/blcjay1/XC838590.ogg,Aves,9.11675
blcjay1,blcjay1/XC907194.ogg,4.0,5.1142,-75.5053,birdclef-2025/train_audio/blcjay1/XC907194.ogg,Aves,5.29615625
blhpar1,blhpar1/XC114100.ogg,4.0,-0.8457,-77.2291,birdclef-2025/train_audio/blhpar1/XC114100.ogg,Aves,13.056
blhpar1,blhpar1/XC118875.ogg,4.0,-9.9826,-50.0151,birdclef-2025/train_audio/blhpar1/XC118875.ogg,Aves,16.92734375
blhpar1,blhpar1/XC128389.ogg,4.0,4.6197,-75.851,birdclef-2025/train_audio/blhpar1/XC128389.ogg,Aves,17.52
blhpar1,blhpar1/XC141582.ogg,4.0,-10.7427,-68.2818,birdclef-2025/train_audio/blhpar1/XC141582.ogg,Aves,16.1436875
blhpar1,blhpar1/XC167316.ogg,4.0,-8.9244,-62.0836,birdclef-2025/train_audio/blhpar1/XC167316.ogg,Aves,14.472
blhpar1,blhpar1/XC186961.ogg,4.0,0.1861,-79.2265,birdclef-2025/train_audio/blhpar1/XC186961.ogg,Aves,5.256
blhpar1,blhpar1/XC188647.ogg,4.0,-2.9948,-59.9378,birdclef-2025/train_audio/blhpar1/XC188647.ogg,Aves,19.368
blhpar1,blhpar1/XC197447.ogg,5.0,10.261,-68.2781,birdclef-2025/train_audio/blhpar1/XC197447.ogg,Aves,14.08
blhpar1,blhpar1/XC20733.ogg,5.0,-4.2823,-77.2406,birdclef-2025/train_audio/blhpar1/XC20733.ogg,Aves,19.35675
blhpar1,blhpar1/XC2271.ogg,5.0,-13.55,-61.01,birdclef-2025/train_audio/blhpar1/XC2271.ogg,Aves,19.9053125
blhpar1,blhpar1/XC235481.ogg,5.0,-9.8781,-56.0981,birdclef-2025/train_audio/blhpar1/XC235481.ogg,Aves,8.1763125
blhpar1,blhpar1/XC238879.ogg,4.0,-0.498,-76.373,birdclef-2025/train_audio/blhpar1/XC238879.ogg,Aves,12.669375
blhpar1,blhpar1/XC238880.ogg,5.0,-2.55,-77.9,birdclef-2025/train_audio/blhpar1/XC238880.ogg,Aves,15.490625
blhpar1,blhpar1/XC238882.ogg,5.0,-0.498,-76.373,birdclef-2025/train_audio/blhpar1/XC238882.ogg,Aves,9.5869375
blhpar1,blhpar1/XC238883.ogg,4.0,-0.524,-76.392,birdclef-2025/train_audio/blhpar1/XC238883.ogg,Aves,15.9869375
blhpar1,blhpar1/XC238885.ogg,5.0,-0.593,-79.363,birdclef-2025/train_audio/blhpar1/XC238885.ogg,Aves,14.210625
blhpar1,blhpar1/XC238886.ogg,4.0,-1.542,-77.751,birdclef-2025/train_audio/blhpar1/XC238886.ogg,Aves,14.23675
blhpar1,blhpar1/XC238887.ogg,4.0,-1.584,-77.763,birdclef-2025/train_audio/blhpar1/XC238887.ogg,Aves,17.58040625
blhpar1,blhpar1/XC251378.ogg,5.0,-4.3,-78.683,birdclef-2025/train_audio/blhpar1/XC251378.ogg,Aves,10.266125
blhpar1,blhpar1/XC254104.ogg,4.0,8.8211,-70.5013,birdclef-2025/train_audio/blhpar1/XC254104.ogg,Aves,14.08
blhpar1,blhpar1/XC257685.ogg,5.0,-2.54,-76.859,birdclef-2025/train_audio/blhpar1/XC257685.ogg,Aves,13.71428125
blhpar1,blhpar1/XC261610.ogg,5.0,0.867,-78.733,birdclef-2025/train_audio/blhpar1/XC261610.ogg,Aves,16.58775
blhpar1,blhpar1/XC261611.ogg,5.0,1.133,-78.967,birdclef-2025/train_audio/blhpar1/XC261611.ogg,Aves,16.97959375
blhpar1,blhpar1/XC275221.ogg,4.5,0.867,-78.733,birdclef-2025/train_audio/blhpar1/XC275221.ogg,Aves,9.84815625
blhpar1,blhpar1/XC275223.ogg,5.0,0.75,-78.917,birdclef-2025/train_audio/blhpar1/XC275223.ogg,Aves,19.40896875
blhpar1,blhpar1/XC275224.ogg,4.0,0.867,-78.733,birdclef-2025/train_audio/blhpar1/XC275224.ogg,Aves,19.59184375
blhpar1,blhpar1/XC303418.ogg,4.0,1.4787,-62.2446,birdclef-2025/train_audio/blhpar1/XC303418.ogg,Aves,7.128
blhpar1,blhpar1/XC313773.ogg,4.0,-9.5981,-55.932,birdclef-2025/train_audio/blhpar1/XC313773.ogg,Aves,19.0955
blhpar1,blhpar1/XC357222.ogg,4.5,3.8809,-67.8813,birdclef-2025/train_audio/blhpar1/XC357222.ogg,Aves,15.490625
blhpar1,blhpar1/XC357801.ogg,4.0,9.1332,-79.7195,birdclef-2025/train_audio/blhpar1/XC357801.ogg,Aves,15.8824375
blhpar1,blhpar1/XC360857.ogg,5.0,9.5013,-75.3504,birdclef-2025/train_audio/blhpar1/XC360857.ogg,Aves,11.28490625
blhpar1,blhpar1/XC368270.ogg,4.0,6.0747,-77.3868,birdclef-2025/train_audio/blhpar1/XC368270.ogg,Aves,11.91184375
blhpar1,blhpar1/XC387069.ogg,4.5,8.8085,-70.5049,birdclef-2025/train_audio/blhpar1/XC387069.ogg,Aves,11.85959375
blhpar1,blhpar1/XC407823.ogg,5.0,8.5244,-77.9879,birdclef-2025/train_audio/blhpar1/XC407823.ogg,Aves,15.552
blhpar1,blhpar1/XC411552.ogg,4.0,4.7216,-52.3073,birdclef-2025/train_audio/blhpar1/XC411552.ogg,Aves,15.8563125
blhpar1,blhpar1/XC411555.ogg,4.0,4.7216,-52.3073,birdclef-2025/train_audio/blhpar1/XC411555.ogg,Aves,11.52
blhpar1,blhpar1/XC415472.ogg,5.0,-16.3579,-39.1351,birdclef-2025/train_audio/blhpar1/XC415472.ogg,Aves,14.64
blhpar1,blhpar1/XC417412.ogg,4.0,-9.9647,-47.5806,birdclef-2025/train_audio/blhpar1/XC417412.ogg,Aves,13.5314375
blhpar1,blhpar1/XC421147.ogg,4.0,-16.3458,-39.1395,birdclef-2025/train_audio/blhpar1/XC421147.ogg,Aves,15.281625
blhpar1,blhpar1/XC421148.ogg,4.0,-16.3458,-39.1395,birdclef-2025/train_audio/blhpar1/XC421148.ogg,Aves,13.5575625
blhpar1,blhpar1/XC427812.ogg,5.0,-8.9717,-63.8662,birdclef-2025/train_audio/blhpar1/XC427812.ogg,Aves,18.07675
blhpar1,blhpar1/XC429391.ogg,4.0,-9.5975,-55.9325,birdclef-2025/train_audio/blhpar1/XC429391.ogg,Aves,15.288
blhpar1,blhpar1/XC484776.ogg,4.0,-16.4456,-51.1201,birdclef-2025/train_audio/blhpar1/XC484776.ogg,Aves,11.493875
blhpar1,blhpar1/XC493158.ogg,5.0,-7.0908,-48.2134,birdclef-2025/train_audio/blhpar1/XC493158.ogg,Aves,6.478375
blhpar1,blhpar1/XC504351.ogg,4.0,-19.1456,-40.0645,birdclef-2025/train_audio/blhpar1/XC504351.ogg,Aves,0.7836875
blhpar1,blhpar1/XC504352.ogg,4.0,-19.1456,-40.0645,birdclef-2025/train_audio/blhpar1/XC504352.ogg,Aves,5.12
blhpar1,blhpar1/XC505345.ogg,5.0,-2.609,-60.2091,birdclef-2025/train_audio/blhpar1/XC505345.ogg,Aves,7.131
blhpar1,blhpar1/XC522252.ogg,5.0,-9.5981,-55.932,birdclef-2025/train_audio/blhpar1/XC522252.ogg,Aves,10.632
blhpar1,blhpar1/XC524038.ogg,4.0,0.2483,-72.9347,birdclef-2025/train_audio/blhpar1/XC524038.ogg,Aves,15.75184375
blhpar1,blhpar1/XC525409.ogg,4.0,0.2094,-72.4153,birdclef-2025/train_audio/blhpar1/XC525409.ogg,Aves,16.1175625
blhpar1,blhpar1/XC532553.ogg,4.0,5.2461,-75.6853,birdclef-2025/train_audio/blhpar1/XC532553.ogg,Aves,16.32653125
blhpar1,blhpar1/XC532554.ogg,4.0,5.2461,-75.6853,birdclef-2025/train_audio/blhpar1/XC532554.ogg,Aves,12.1991875
blhpar1,blhpar1/XC549980.ogg,4.0,1.4898,-75.6801,birdclef-2025/train_audio/blhpar1/XC549980.ogg,Aves,11.064
blhpar1,blhpar1/XC577462.ogg,5.0,-14.625,-49.0051,birdclef-2025/train_audio/blhpar1/XC577462.ogg,Aves,6.9746875
blhpar1,blhpar1/XC57991.ogg,4.0,-13.016,-69.531,birdclef-2025/train_audio/blhpar1/XC57991.ogg,Aves,5.6946875
blhpar1,blhpar1/XC582795.ogg,5.0,1.1226,-76.2932,birdclef-2025/train_audio/blhpar1/XC582795.ogg,Aves,9.32571875
blhpar1,blhpar1/XC606636.ogg,4.0,-19.0647,-39.983,birdclef-2025/train_audio/blhpar1/XC606636.ogg,Aves,13.608
blhpar1,blhpar1/XC63887.ogg,4.0,-11.8667,-71.3667,birdclef-2025/train_audio/blhpar1/XC63887.ogg,Aves,9.756
blhpar1,blhpar1/XC654259.ogg,5.0,-16.5849,-49.1211,birdclef-2025/train_audio/blhpar1/XC654259.ogg,Aves,15.30775
blhpar1,blhpar1/XC689905.ogg,4.0,0.7623,-50.1636,birdclef-2025/train_audio/blhpar1/XC689905.ogg,Aves,13.5836875
blhpar1,blhpar1/XC691976.ogg,5.0,-16.0538,-49.604,birdclef-2025/train_audio/blhpar1/XC691976.ogg,Aves,10.7624375
blhpar1,blhpar1/XC699819.ogg,4.5,-16.6003,-49.2802,birdclef-2025/train_audio/blhpar1/XC699819.ogg,Aves,13.19184375
blhpar1,blhpar1/XC727428.ogg,5.0,-16.0538,-49.604,birdclef-2025/train_audio/blhpar1/XC727428.ogg,Aves,13.949375
blhpar1,blhpar1/XC754758.ogg,5.0,-11.7519,-55.638,birdclef-2025/train_audio/blhpar1/XC754758.ogg,Aves,9.5085625
blhpar1,blhpar1/XC769647.ogg,5.0,-6.3761,-47.1085,birdclef-2025/train_audio/blhpar1/XC769647.ogg,Aves,8.80325
blhpar1,blhpar1/XC807309.ogg,4.0,3.6167,-53.2001,birdclef-2025/train_audio/blhpar1/XC807309.ogg,Aves,13.8360625
blhpar1,blhpar1/XC810434.ogg,4.0,4.4058,-57.2308,birdclef-2025/train_audio/blhpar1/XC810434.ogg,Aves,6.191
blhpar1,blhpar1/XC821602.ogg,5.0,-9.0875,-64.0228,birdclef-2025/train_audio/blhpar1/XC821602.ogg,Aves,6.11265625
blhpar1,blhpar1/XC827035.ogg,5.0,-0.4776,-77.2936,birdclef-2025/train_audio/blhpar1/XC827035.ogg,Aves,10.814
blhpar1,blhpar1/XC828124.ogg,4.0,-16.2352,-51.2556,birdclef-2025/train_audio/blhpar1/XC828124.ogg,Aves,12.43428125
blhpar1,blhpar1/XC830114.ogg,5.0,-6.0697,-50.0627,birdclef-2025/train_audio/blhpar1/XC830114.ogg,Aves,16.404
blhpar1,blhpar1/XC834223.ogg,4.0,5.0888,-75.5335,birdclef-2025/train_audio/blhpar1/XC834223.ogg,Aves,4.42615625
blhpar1,blhpar1/XC85341.ogg,5.0,-10.947,-65.2373,birdclef-2025/train_audio/blhpar1/XC85341.ogg,Aves,14.5763125
blhpar1,blhpar1/XC85343.ogg,4.0,-9.3001,-35.9334,birdclef-2025/train_audio/blhpar1/XC85343.ogg,Aves,14.8636875
blhpar1,blhpar1/XC85344.ogg,4.0,-2.2334,-60.0167,birdclef-2025/train_audio/blhpar1/XC85344.ogg,Aves,13.81878125
blhpar1,blhpar1/XC872352.ogg,5.0,4.5652,-52.2098,birdclef-2025/train_audio/blhpar1/XC872352.ogg,Aves,12.768
blhpar1,blhpar1/XC879456.ogg,4.0,3.8628,-53.3918,birdclef-2025/train_audio/blhpar1/XC879456.ogg,Aves,3.792
blhpar1,blhpar1/XC890708.ogg,4.0,-0.6756,-77.6014,birdclef-2025/train_audio/blhpar1/XC890708.ogg,Aves,16.43540625
blhpar1,blhpar1/XC911036.ogg,4.0,5.0647,-75.5922,birdclef-2025/train_audio/blhpar1/XC911036.ogg,Aves,8.136
blhpar1,blhpar1/XC928163.ogg,4.0,0.1431,-79.1334,birdclef-2025/train_audio/blhpar1/XC928163.ogg,Aves,15.59509375
blhpar1,blhpar1/XC928652.ogg,5.0,0.1219,-79.138,birdclef-2025/train_audio/blhpar1/XC928652.ogg,Aves,6.60896875
blhpar1,blhpar1/XC939994.ogg,5.0,1.7932,-61.2351,birdclef-2025/train_audio/blhpar1/XC939994.ogg,Aves,6.295
blhpar1,blhpar1/XC940051.ogg,5.0,5.1073,-60.8461,birdclef-2025/train_audio/blhpar1/XC940051.ogg,Aves,5.172
blhpar1,blhpar1/XC946179.ogg,4.0,3.5026,-76.3552,birdclef-2025/train_audio/blhpar1/XC946179.ogg,Aves,12.6476875
blhpar1,blhpar1/XC946180.ogg,4.0,3.5026,-76.3552,birdclef-2025/train_audio/blhpar1/XC946180.ogg,Aves,13.93128125
blhpar1,blhpar1/XC946181.ogg,4.0,3.5026,-76.3552,birdclef-2025/train_audio/blhpar1/XC946181.ogg,Aves,3.86909375
blkvul,blkvul/XC143650.ogg,4.0,28.5785,-80.9961,birdclef-2025/train_audio/blkvul/XC143650.ogg,Aves,17.976
blkvul,blkvul/XC143652.ogg,4.0,28.5785,-80.9961,birdclef-2025/train_audio/blkvul/XC143652.ogg,Aves,5.424
blkvul,blkvul/XC143654.ogg,4.0,28.5785,-80.9961,birdclef-2025/train_audio/blkvul/XC143654.ogg,Aves,5.256
blkvul,blkvul/XC143655.ogg,5.0,28.5785,-80.9961,birdclef-2025/train_audio/blkvul/XC143655.ogg,Aves,13.8
blkvul,blkvul/XC150219.ogg,5.0,28.5785,-80.9961,birdclef-2025/train_audio/blkvul/XC150219.ogg,Aves,12.312
blkvul,blkvul/XC324803.ogg,4.0,39.2189,-76.069,birdclef-2025/train_audio/blkvul/XC324803.ogg,Aves,5.825
blkvul,blkvul/XC328861.ogg,5.0,-16.3592,-39.1381,birdclef-2025/train_audio/blkvul/XC328861.ogg,Aves,16.92
blkvul,blkvul/XC407342.ogg,4.0,-1.6779,-80.7952,birdclef-2025/train_audio/blkvul/XC407342.ogg,Aves,6.72
blkvul,blkvul/XC422351.ogg,5.0,-16.5728,-49.3122,birdclef-2025/train_audio/blkvul/XC422351.ogg,Aves,3.866125
blkvul,blkvul/XC422352.ogg,5.0,-14.625,-49.0051,birdclef-2025/train_audio/blkvul/XC422352.ogg,Aves,13.71428125
blkvul,blkvul/XC422353.ogg,4.0,-29.3132,-50.8538,birdclef-2025/train_audio/blkvul/XC422353.ogg,Aves,13.03509375
blkvul,blkvul/XC428767.ogg,5.0,-37.7981,-73.3399,birdclef-2025/train_audio/blkvul/XC428767.ogg,Aves,2.688
blkvul,blkvul/XC438971.ogg,5.0,-4.2889,-70.2948,birdclef-2025/train_audio/blkvul/XC438971.ogg,Aves,4.85878125
blkvul,blkvul/XC451477.ogg,5.0,28.2267,-80.7645,birdclef-2025/train_audio/blkvul/XC451477.ogg,Aves,4.536
blkvul,blkvul/XC451483.ogg,4.0,28.5785,-80.9961,birdclef-2025/train_audio/blkvul/XC451483.ogg,Aves,8.16
blkvul,blkvul/XC468580.ogg,4.0,27.8256,-80.708,birdclef-2025/train_audio/blkvul/XC468580.ogg,Aves,3.312
blkvul,blkvul/XC495187.ogg,4.0,4.8313,-52.2973,birdclef-2025/train_audio/blkvul/XC495187.ogg,Aves,10.71021875
blkvul,blkvul/XC495190.ogg,4.0,4.8313,-52.2973,birdclef-2025/train_audio/blkvul/XC495190.ogg,Aves,15.54284375
blkvul,blkvul/XC612280.ogg,4.0,17.2,-96.755,birdclef-2025/train_audio/blkvul/XC612280.ogg,Aves,4.3363125
blkvul,blkvul/XC665087.ogg,5.0,-16.5631,-49.285,birdclef-2025/train_audio/blkvul/XC665087.ogg,Aves,2.97796875
blkvul,blkvul/XC743758.ogg,5.0,-22.9511,-43.0384,birdclef-2025/train_audio/blkvul/XC743758.ogg,Aves,9.56
blkvul,blkvul/XC917558.ogg,5.0,-16.5631,-49.285,birdclef-2025/train_audio/blkvul/XC917558.ogg,Aves,11.781
blkvul,blkvul/XC929989.ogg,5.0,-16.5631,-49.285,birdclef-2025/train_audio/blkvul/XC929989.ogg,Aves,14.994
bobfly1,bobfly1/XC115299.ogg,4.0,-20.79,-42.8882,birdclef-2025/train_audio/bobfly1/XC115299.ogg,Aves,2.14203125
bobfly1,bobfly1/XC115300.ogg,4.0,-20.6665,-42.5222,birdclef-2025/train_audio/bobfly1/XC115300.ogg,Aves,3.60490625
bobfly1,bobfly1/XC119080.ogg,4.0,-23.2119,-45.9613,birdclef-2025/train_audio/bobfly1/XC119080.ogg,Aves,17.03184375
bobfly1,bobfly1/XC126338.ogg,4.0,17.2226,-89.6237,birdclef-2025/train_audio/bobfly1/XC126338.ogg,Aves,3.0824375
bobfly1,bobfly1/XC126345.ogg,4.0,17.2273,-89.6081,birdclef-2025/train_audio/bobfly1/XC126345.ogg,Aves,3.761625
bobfly1,bobfly1/XC147185.ogg,4.0,14.3842,-89.3843,birdclef-2025/train_audio/bobfly1/XC147185.ogg,Aves,16.488
bobfly1,bobfly1/XC148197.ogg,5.0,3.9506,-73.9667,birdclef-2025/train_audio/bobfly1/XC148197.ogg,Aves,19.2
bobfly1,bobfly1/XC154843.ogg,4.0,14.936,-88.0252,birdclef-2025/train_audio/bobfly1/XC154843.ogg,Aves,7.88896875
bobfly1,bobfly1/XC165084.ogg,5.0,18.8334,-96.9167,birdclef-2025/train_audio/bobfly1/XC165084.ogg,Aves,13.00896875
bobfly1,bobfly1/XC165977.ogg,4.0,9.7751,-84.6167,birdclef-2025/train_audio/bobfly1/XC165977.ogg,Aves,13.74040625
bobfly1,bobfly1/XC175772.ogg,4.0,-22.1171,-45.051,birdclef-2025/train_audio/bobfly1/XC175772.ogg,Aves,12.0946875
bobfly1,bobfly1/XC181062.ogg,4.0,-6.0745,-76.9755,birdclef-2025/train_audio/bobfly1/XC181062.ogg,Aves,10.7885625
bobfly1,bobfly1/XC186434.ogg,4.0,-28.7306,-49.6204,birdclef-2025/train_audio/bobfly1/XC186434.ogg,Aves,8.12409375
bobfly1,bobfly1/XC1920.ogg,5.0,-14.6112,-61.1928,birdclef-2025/train_audio/bobfly1/XC1920.ogg,Aves,10.109375
bobfly1,bobfly1/XC192192.ogg,4.0,10.2114,-63.5695,birdclef-2025/train_audio/bobfly1/XC192192.ogg,Aves,19.272
bobfly1,bobfly1/XC195412.ogg,5.0,-1.7103,-79.3876,birdclef-2025/train_audio/bobfly1/XC195412.ogg,Aves,13.21796875
bobfly1,bobfly1/XC219367.ogg,4.0,8.299,-70.0851,birdclef-2025/train_audio/bobfly1/XC219367.ogg,Aves,5.8514375
bobfly1,bobfly1/XC228605.ogg,5.0,-26.4895,-52.2009,birdclef-2025/train_audio/bobfly1/XC228605.ogg,Aves,18.4946875
bobfly1,bobfly1/XC235874.ogg,5.0,11.1009,-74.072,birdclef-2025/train_audio/bobfly1/XC235874.ogg,Aves,10.55346875
bobfly1,bobfly1/XC247450.ogg,4.0,-16.4456,-51.1201,birdclef-2025/train_audio/bobfly1/XC247450.ogg,Aves,15.64734375
bobfly1,bobfly1/XC248125.ogg,4.0,14.1207,-87.1958,birdclef-2025/train_audio/bobfly1/XC248125.ogg,Aves,11.78121875
bobfly1,bobfly1/XC249589.ogg,4.0,-1.583,-77.785,birdclef-2025/train_audio/bobfly1/XC249589.ogg,Aves,12.930625
bobfly1,bobfly1/XC249649.ogg,4.0,-1.847,-80.567,birdclef-2025/train_audio/bobfly1/XC249649.ogg,Aves,3.866125
bobfly1,bobfly1/XC249650.ogg,4.0,-1.847,-80.567,birdclef-2025/train_audio/bobfly1/XC249650.ogg,Aves,7.0008125
bobfly1,bobfly1/XC258988.ogg,5.0,-0.593,-79.363,birdclef-2025/train_audio/bobfly1/XC258988.ogg,Aves,17.86775
bobfly1,bobfly1/XC258989.ogg,5.0,-1.673,-80.786,birdclef-2025/train_audio/bobfly1/XC258989.ogg,Aves,18.4424375
bobfly1,bobfly1/XC258990.ogg,5.0,-1.673,-80.786,birdclef-2025/train_audio/bobfly1/XC258990.ogg,Aves,18.96490625
bobfly1,bobfly1/XC262240.ogg,5.0,0.75,-78.917,birdclef-2025/train_audio/bobfly1/XC262240.ogg,Aves,19.7485625
bobfly1,bobfly1/XC262241.ogg,5.0,0.883,-78.8,birdclef-2025/train_audio/bobfly1/XC262241.ogg,Aves,8.2546875
bobfly1,bobfly1/XC265381.ogg,4.0,18.0188,-94.4079,birdclef-2025/train_audio/bobfly1/XC265381.ogg,Aves,10.8408125
bobfly1,bobfly1/XC282941.ogg,5.0,14.8275,-85.8381,birdclef-2025/train_audio/bobfly1/XC282941.ogg,Aves,10.08325
bobfly1,bobfly1/XC28878.ogg,4.0,23.1162,-99.1414,birdclef-2025/train_audio/bobfly1/XC28878.ogg,Aves,14.94203125
bobfly1,bobfly1/XC290415.ogg,4.0,-17.7833,-63.0666,birdclef-2025/train_audio/bobfly1/XC290415.ogg,Aves,7.52325
bobfly1,bobfly1/XC304355.ogg,5.0,-19.9357,-40.5997,birdclef-2025/train_audio/bobfly1/XC304355.ogg,Aves,3.134
bobfly1,bobfly1/XC306518.ogg,4.0,18.927,-96.8776,birdclef-2025/train_audio/bobfly1/XC306518.ogg,Aves,6.9746875
bobfly1,bobfly1/XC31454.ogg,4.0,20.8042,-86.947,birdclef-2025/train_audio/bobfly1/XC31454.ogg,Aves,4.93715625
bobfly1,bobfly1/XC317163.ogg,5.0,-22.5939,-43.4347,birdclef-2025/train_audio/bobfly1/XC317163.ogg,Aves,16.824
bobfly1,bobfly1/XC325464.ogg,4.0,-16.2891,-39.335,birdclef-2025/train_audio/bobfly1/XC325464.ogg,Aves,12.12
bobfly1,bobfly1/XC331731.ogg,4.0,18.0357,-94.4722,birdclef-2025/train_audio/bobfly1/XC331731.ogg,Aves,13.5836875
bobfly1,bobfly1/XC332681.ogg,5.0,20.8566,-87.1217,birdclef-2025/train_audio/bobfly1/XC332681.ogg,Aves,9.482
bobfly1,bobfly1/XC332778.ogg,5.0,-27.5302,-56.6027,birdclef-2025/train_audio/bobfly1/XC332778.ogg,Aves,13.19184375
bobfly1,bobfly1/XC335637.ogg,5.0,16.87,-93.12,birdclef-2025/train_audio/bobfly1/XC335637.ogg,Aves,8.12409375
bobfly1,bobfly1/XC349994.ogg,4.0,13.7028,-89.2773,birdclef-2025/train_audio/bobfly1/XC349994.ogg,Aves,10.109375
bobfly1,bobfly1/XC353311.ogg,4.0,4.0826,-73.6762,birdclef-2025/train_audio/bobfly1/XC353311.ogg,Aves,9.978
bobfly1,bobfly1/XC377637.ogg,4.0,0.9242,-51.2155,birdclef-2025/train_audio/bobfly1/XC377637.ogg,Aves,12.2253125
bobfly1,bobfly1/XC380719.ogg,5.0,11.2643,-74.1833,birdclef-2025/train_audio/bobfly1/XC380719.ogg,Aves,19.728
bobfly1,bobfly1/XC382470.ogg,4.0,9.9261,-75.1074,birdclef-2025/train_audio/bobfly1/XC382470.ogg,Aves,2.424
bobfly1,bobfly1/XC388081.ogg,4.0,-22.4508,-42.7735,birdclef-2025/train_audio/bobfly1/XC388081.ogg,Aves,9.504
bobfly1,bobfly1/XC389179.ogg,4.0,11.2643,-74.1833,birdclef-2025/train_audio/bobfly1/XC389179.ogg,Aves,5.4
bobfly1,bobfly1/XC394273.ogg,4.5,-20.4073,-54.6165,birdclef-2025/train_audio/bobfly1/XC394273.ogg,Aves,11.598375
bobfly1,bobfly1/XC415867.ogg,5.0,-16.5631,-49.285,birdclef-2025/train_audio/bobfly1/XC415867.ogg,Aves,2.50775
bobfly1,bobfly1/XC423177.ogg,4.0,20.3566,-87.3589,birdclef-2025/train_audio/bobfly1/XC423177.ogg,Aves,12.74775
bobfly1,bobfly1/XC423528.ogg,5.0,-14.625,-49.0051,birdclef-2025/train_audio/bobfly1/XC423528.ogg,Aves,4.80653125
bobfly1,bobfly1/XC435637.ogg,4.0,-11.0192,-66.0987,birdclef-2025/train_audio/bobfly1/XC435637.ogg,Aves,14.341
bobfly1,bobfly1/XC448162.ogg,5.0,-22.8842,-48.4442,birdclef-2025/train_audio/bobfly1/XC448162.ogg,Aves,12.773
bobfly1,bobfly1/XC448163.ogg,5.0,-22.8842,-48.4442,birdclef-2025/train_audio/bobfly1/XC448163.ogg,Aves,3.056
bobfly1,bobfly1/XC450807.ogg,4.0,4.8313,-52.2973,birdclef-2025/train_audio/bobfly1/XC450807.ogg,Aves,9.7436875
bobfly1,bobfly1/XC456446.ogg,4.0,4.8313,-52.2973,birdclef-2025/train_audio/bobfly1/XC456446.ogg,Aves,14.7591875
bobfly1,bobfly1/XC46788.ogg,4.0,8.939,-78.465,birdclef-2025/train_audio/bobfly1/XC46788.ogg,Aves,14.6024375
bobfly1,bobfly1/XC469159.ogg,5.0,-6.0934,-50.2276,birdclef-2025/train_audio/bobfly1/XC469159.ogg,Aves,11.256
bobfly1,bobfly1/XC478221.ogg,5.0,-0.4383,-76.2791,birdclef-2025/train_audio/bobfly1/XC478221.ogg,Aves,15.9346875
bobfly1,bobfly1/XC482446.ogg,5.0,-14.625,-49.0051,birdclef-2025/train_audio/bobfly1/XC482446.ogg,Aves,15.59509375
bobfly1,bobfly1/XC494704.ogg,4.0,-9.1992,-35.8871,birdclef-2025/train_audio/bobfly1/XC494704.ogg,Aves,10.1355
bobfly1,bobfly1/XC497927.ogg,5.0,10.4295,-84.0095,birdclef-2025/train_audio/bobfly1/XC497927.ogg,Aves,4.31
bobfly1,bobfly1/XC50999.ogg,4.0,-22.1931,-63.9445,birdclef-2025/train_audio/bobfly1/XC50999.ogg,Aves,15.54284375
bobfly1,bobfly1/XC521565.ogg,4.0,-9.5981,-55.932,birdclef-2025/train_audio/bobfly1/XC521565.ogg,Aves,7.706125
bobfly1,bobfly1/XC525048.ogg,4.0,11.2947,-74.1042,birdclef-2025/train_audio/bobfly1/XC525048.ogg,Aves,11.52
bobfly1,bobfly1/XC549948.ogg,4.0,1.4898,-75.6801,birdclef-2025/train_audio/bobfly1/XC549948.ogg,Aves,3.72
bobfly1,bobfly1/XC551113.ogg,5.0,-26.5723,-53.8018,birdclef-2025/train_audio/bobfly1/XC551113.ogg,Aves,12.36
bobfly1,bobfly1/XC555665.ogg,4.0,-30.2777,-57.3593,birdclef-2025/train_audio/bobfly1/XC555665.ogg,Aves,4.728
bobfly1,bobfly1/XC560206.ogg,5.0,4.351,-74.652,birdclef-2025/train_audio/bobfly1/XC560206.ogg,Aves,10.368
bobfly1,bobfly1/XC575450.ogg,5.0,-25.8667,-54.1667,birdclef-2025/train_audio/bobfly1/XC575450.ogg,Aves,3.78775
bobfly1,bobfly1/XC575986.ogg,5.0,10.4295,-84.0095,birdclef-2025/train_audio/bobfly1/XC575986.ogg,Aves,14.21
bobfly1,bobfly1/XC577504.ogg,5.0,-14.625,-49.0051,birdclef-2025/train_audio/bobfly1/XC577504.ogg,Aves,12.826125
bobfly1,bobfly1/XC583946.ogg,5.0,-12.5834,-41.3667,birdclef-2025/train_audio/bobfly1/XC583946.ogg,Aves,12.98284375
bobfly1,bobfly1/XC605704.ogg,4.0,-9.1992,-35.8871,birdclef-2025/train_audio/bobfly1/XC605704.ogg,Aves,6.5045
bobfly1,bobfly1/XC610840.ogg,4.0,-28.0217,-59.5285,birdclef-2025/train_audio/bobfly1/XC610840.ogg,Aves,9.822
bobfly1,bobfly1/XC618012.ogg,4.0,18.3654,-95.0258,birdclef-2025/train_audio/bobfly1/XC618012.ogg,Aves,15.816
bobfly1,bobfly1/XC624946.ogg,4.5,10.4364,-66.8416,birdclef-2025/train_audio/bobfly1/XC624946.ogg,Aves,13.488
bobfly1,bobfly1/XC646001.ogg,4.5,-16.5631,-49.285,birdclef-2025/train_audio/bobfly1/XC646001.ogg,Aves,14.08
bobfly1,bobfly1/XC646005.ogg,5.0,-16.5631,-49.285,birdclef-2025/train_audio/bobfly1/XC646005.ogg,Aves,5.6946875
bobfly1,bobfly1/XC664323.ogg,4.0,4.4615,-75.0514,birdclef-2025/train_audio/bobfly1/XC664323.ogg,Aves,16.524
bobfly1,bobfly1/XC690982.ogg,5.0,1.4898,-75.6801,birdclef-2025/train_audio/bobfly1/XC690982.ogg,Aves,7.23590625
bobfly1,bobfly1/XC693007.ogg,4.0,-1.6779,-80.7952,birdclef-2025/train_audio/bobfly1/XC693007.ogg,Aves,6.312
bobfly1,bobfly1/XC699690.ogg,5.0,-16.0538,-49.604,birdclef-2025/train_audio/bobfly1/XC699690.ogg,Aves,6.73959375
bobfly1,bobfly1/XC704398.ogg,4.0,17.7559,-91.7472,birdclef-2025/train_audio/bobfly1/XC704398.ogg,Aves,16.32653125
bobfly1,bobfly1/XC705703.ogg,5.0,-18.1573,-39.7343,birdclef-2025/train_audio/bobfly1/XC705703.ogg,Aves,9.29959375
bobfly1,bobfly1/XC708038.ogg,5.0,-16.631,-48.6674,birdclef-2025/train_audio/bobfly1/XC708038.ogg,Aves,4.5453125
bobfly1,bobfly1/XC71427.ogg,4.0,1.0909,-78.6906,birdclef-2025/train_audio/bobfly1/XC71427.ogg,Aves,11.96409375
bobfly1,bobfly1/XC737038.ogg,4.5,-16.1605,-49.5395,birdclef-2025/train_audio/bobfly1/XC737038.ogg,Aves,7.26203125
bobfly1,bobfly1/XC737491.ogg,5.0,-17.1888,-48.7335,birdclef-2025/train_audio/bobfly1/XC737491.ogg,Aves,5.2245
bobfly1,bobfly1/XC737492.ogg,5.0,-17.1888,-48.7335,birdclef-2025/train_audio/bobfly1/XC737492.ogg,Aves,17.55428125
bobfly1,bobfly1/XC742769.ogg,5.0,-0.4383,-76.2791,birdclef-2025/train_audio/bobfly1/XC742769.ogg,Aves,12.016
bobfly1,bobfly1/XC743229.ogg,4.0,-16.5456,-49.1572,birdclef-2025/train_audio/bobfly1/XC743229.ogg,Aves,8.829375
bobfly1,bobfly1/XC743969.ogg,4.5,-16.5631,-49.285,birdclef-2025/train_audio/bobfly1/XC743969.ogg,Aves,13.5314375
bobfly1,bobfly1/XC754090.ogg,5.0,-11.7734,-55.3891,birdclef-2025/train_audio/bobfly1/XC754090.ogg,Aves,15.699
bobfly1,bobfly1/XC769448.ogg,4.0,-6.3761,-47.1085,birdclef-2025/train_audio/bobfly1/XC769448.ogg,Aves,6.19103125
bobfly1,bobfly1/XC777360.ogg,4.0,10.2993,-84.8174,birdclef-2025/train_audio/bobfly1/XC777360.ogg,Aves,5.041625
bobfly1,bobfly1/XC779553.ogg,4.0,-25.5985,-54.5476,birdclef-2025/train_audio/bobfly1/XC779553.ogg,Aves,9.874
bobfly1,bobfly1/XC789523.ogg,5.0,-13.3558,-47.2809,birdclef-2025/train_audio/bobfly1/XC789523.ogg,Aves,2.612
bobfly1,bobfly1/XC800346.ogg,5.0,-16.4727,-49.4959,birdclef-2025/train_audio/bobfly1/XC800346.ogg,Aves,3.2391875
bobfly1,bobfly1/XC817231.ogg,5.0,-6.3776,-47.4047,birdclef-2025/train_audio/bobfly1/XC817231.ogg,Aves,13.035
bobfly1,bobfly1/XC82259.ogg,4.0,-19.3001,-43.7001,birdclef-2025/train_audio/bobfly1/XC82259.ogg,Aves,19.14775
bobfly1,bobfly1/XC82265.ogg,4.0,-12.5167,-41.4334,birdclef-2025/train_audio/bobfly1/XC82265.ogg,Aves,18.99103125
bobfly1,bobfly1/XC82494.ogg,4.0,-23.4727,-45.1892,birdclef-2025/train_audio/bobfly1/XC82494.ogg,Aves,17.03184375
bobfly1,bobfly1/XC833073.ogg,5.0,0.0797,-78.6838,birdclef-2025/train_audio/bobfly1/XC833073.ogg,Aves,6.67284375
bobfly1,bobfly1/XC833075.ogg,5.0,0.0797,-78.6838,birdclef-2025/train_audio/bobfly1/XC833075.ogg,Aves,9.45921875
bobfly1,bobfly1/XC841763.ogg,5.0,-0.0839,-80.1521,birdclef-2025/train_audio/bobfly1/XC841763.ogg,Aves,19.8008125
bobfly1,bobfly1/XC857531.ogg,5.0,-16.0781,-50.218,birdclef-2025/train_audio/bobfly1/XC857531.ogg,Aves,4.832
bobfly1,bobfly1/XC857534.ogg,4.0,-16.0781,-50.218,birdclef-2025/train_audio/bobfly1/XC857534.ogg,Aves,2.69
bobfly1,bobfly1/XC937629.ogg,5.0,-33.0416,-71.4555,birdclef-2025/train_audio/bobfly1/XC937629.ogg,Aves,2.91575
bobfly1,bobfly1/XC956283.ogg,4.0,16.0558,-97.1888,birdclef-2025/train_audio/bobfly1/XC956283.ogg,Aves,5.17225
brtpar1,brtpar1/XC144925.ogg,4.0,12.562,-70.048,birdclef-2025/train_audio/brtpar1/XC144925.ogg,Aves,15.51675
brtpar1,brtpar1/XC244826.ogg,4.0,5.145,-70.9575,birdclef-2025/train_audio/brtpar1/XC244826.ogg,Aves,9.24734375
brtpar1,brtpar1/XC245386.ogg,4.0,6.28,-71.77,birdclef-2025/train_audio/brtpar1/XC245386.ogg,Aves,9.096
brtpar1,brtpar1/XC246904.ogg,4.0,7.3682,-69.4407,birdclef-2025/train_audio/brtpar1/XC246904.ogg,Aves,4.91103125
brtpar1,brtpar1/XC354860.ogg,4.0,3.473,-60.8972,birdclef-2025/train_audio/brtpar1/XC354860.ogg,Aves,9.504
brtpar1,brtpar1/XC386701.ogg,5.0,8.6155,-82.9537,birdclef-2025/train_audio/brtpar1/XC386701.ogg,Aves,7.0269375
brtpar1,brtpar1/XC438177.ogg,4.0,11.2789,-73.867,birdclef-2025/train_audio/brtpar1/XC438177.ogg,Aves,6.34775
brtpar1,brtpar1/XC438178.ogg,4.0,11.2789,-73.867,birdclef-2025/train_audio/brtpar1/XC438178.ogg,Aves,6.73959375
brtpar1,brtpar1/XC438187.ogg,4.0,11.2902,-73.8842,birdclef-2025/train_audio/brtpar1/XC438187.ogg,Aves,9.27346875
brtpar1,brtpar1/XC460015.ogg,5.0,8.5105,-81.0934,birdclef-2025/train_audio/brtpar1/XC460015.ogg,Aves,7.91509375
brtpar1,brtpar1/XC466931.ogg,5.0,3.473,-60.8972,birdclef-2025/train_audio/brtpar1/XC466931.ogg,Aves,19.656
brtpar1,brtpar1/XC46861.ogg,4.0,8.914,-79.525,birdclef-2025/train_audio/brtpar1/XC46861.ogg,Aves,11.650625
brtpar1,brtpar1/XC477899.ogg,5.0,10.4,-67.8,birdclef-2025/train_audio/brtpar1/XC477899.ogg,Aves,14.6808125
brtpar1,brtpar1/XC506010.ogg,4.0,4.9405,-52.3363,birdclef-2025/train_audio/brtpar1/XC506010.ogg,Aves,4.17959375
brtpar1,brtpar1/XC538022.ogg,4.0,5.0901,-52.5698,birdclef-2025/train_audio/brtpar1/XC538022.ogg,Aves,17.63265625
brtpar1,brtpar1/XC539687.ogg,4.0,7.5476,-80.9436,birdclef-2025/train_audio/brtpar1/XC539687.ogg,Aves,6.384
brtpar1,brtpar1/XC585905.ogg,4.0,4.93,-52.2858,birdclef-2025/train_audio/brtpar1/XC585905.ogg,Aves,3.474
brtpar1,brtpar1/XC65938.ogg,5.0,9.6978,-69.0273,birdclef-2025/train_audio/brtpar1/XC65938.ogg,Aves,9.97878125
brtpar1,brtpar1/XC664305.ogg,4.0,4.4615,-75.0514,birdclef-2025/train_audio/brtpar1/XC664305.ogg,Aves,4.15346875
brtpar1,brtpar1/XC664306.ogg,4.0,4.4615,-75.0514,birdclef-2025/train_audio/brtpar1/XC664306.ogg,Aves,11.928
brtpar1,brtpar1/XC835183.ogg,4.0,11.4458,-69.6018,birdclef-2025/train_audio/brtpar1/XC835183.ogg,Aves,8.09796875
brtpar1,brtpar1/XC838475.ogg,4.0,11.4064,-69.6675,birdclef-2025/train_audio/brtpar1/XC838475.ogg,Aves,3.2130625
brtpar1,brtpar1/XC939108.ogg,5.0,2.8044,-60.6718,birdclef-2025/train_audio/brtpar1/XC939108.ogg,Aves,3.474
brtpar1,brtpar1/XC940061.ogg,5.0,5.053,-60.9317,birdclef-2025/train_audio/brtpar1/XC940061.ogg,Aves,6.426
bubwre1,bubwre1/XC116109.ogg,4.0,5.1304,-68.3063,birdclef-2025/train_audio/bubwre1/XC116109.ogg,Aves,17.946125
bubwre1,bubwre1/XC119053.ogg,4.0,-9.2667,-49.9334,birdclef-2025/train_audio/bubwre1/XC119053.ogg,Aves,16.896
bubwre1,bubwre1/XC121409.ogg,5.0,-21.55,-47.7167,birdclef-2025/train_audio/bubwre1/XC121409.ogg,Aves,9.76978125
bubwre1,bubwre1/XC142663.ogg,5.0,-10.7427,-68.2818,birdclef-2025/train_audio/bubwre1/XC142663.ogg,Aves,11.18040625
bubwre1,bubwre1/XC152239.ogg,4.0,3.7126,-73.2483,birdclef-2025/train_audio/bubwre1/XC152239.ogg,Aves,14.28896875
bubwre1,bubwre1/XC154496.ogg,5.0,-15.8219,-47.9114,birdclef-2025/train_audio/bubwre1/XC154496.ogg,Aves,11.493875
bubwre1,bubwre1/XC17205.ogg,4.0,9.0617,-79.6498,birdclef-2025/train_audio/bubwre1/XC17205.ogg,Aves,4.464
bubwre1,bubwre1/XC181082.ogg,4.0,-6.4515,-76.2909,birdclef-2025/train_audio/bubwre1/XC181082.ogg,Aves,8.51590625
bubwre1,bubwre1/XC186097.ogg,5.0,-21.854,-47.4925,birdclef-2025/train_audio/bubwre1/XC186097.ogg,Aves,7.08
bubwre1,bubwre1/XC186100.ogg,4.0,-21.854,-47.4925,birdclef-2025/train_audio/bubwre1/XC186100.ogg,Aves,12.669375
bubwre1,bubwre1/XC189501.ogg,4.0,-18.4012,-47.1693,birdclef-2025/train_audio/bubwre1/XC189501.ogg,Aves,8.232
bubwre1,bubwre1/XC193071.ogg,5.0,9.1237,-79.6936,birdclef-2025/train_audio/bubwre1/XC193071.ogg,Aves,7.0530625
bubwre1,bubwre1/XC195171.ogg,5.0,-4.7671,-76.525,birdclef-2025/train_audio/bubwre1/XC195171.ogg,Aves,9.5085625
bubwre1,bubwre1/XC202249.ogg,5.0,-3.2653,-72.9295,birdclef-2025/train_audio/bubwre1/XC202249.ogg,Aves,19.632
bubwre1,bubwre1/XC206732.ogg,5.0,-5.7673,-67.7723,birdclef-2025/train_audio/bubwre1/XC206732.ogg,Aves,19.368
bubwre1,bubwre1/XC211522.ogg,5.0,-2.4167,-54.7167,birdclef-2025/train_audio/bubwre1/XC211522.ogg,Aves,16.0391875
bubwre1,bubwre1/XC243823.ogg,4.0,4.6741,-72.5743,birdclef-2025/train_audio/bubwre1/XC243823.ogg,Aves,13.13959375
bubwre1,bubwre1/XC243832.ogg,4.0,4.6741,-72.5743,birdclef-2025/train_audio/bubwre1/XC243832.ogg,Aves,7.20978125
bubwre1,bubwre1/XC245245.ogg,4.0,5.76,-72.2,birdclef-2025/train_audio/bubwre1/XC245245.ogg,Aves,8.928
bubwre1,bubwre1/XC259313.ogg,5.0,-3.6,-73.15,birdclef-2025/train_audio/bubwre1/XC259313.ogg,Aves,9.27346875
bubwre1,bubwre1/XC259318.ogg,5.0,-0.498,-76.373,birdclef-2025/train_audio/bubwre1/XC259318.ogg,Aves,13.03509375
bubwre1,bubwre1/XC269602.ogg,4.0,-16.4456,-51.1201,birdclef-2025/train_audio/bubwre1/XC269602.ogg,Aves,7.7845
bubwre1,bubwre1/XC293833.ogg,4.0,-3.3083,-58.7713,birdclef-2025/train_audio/bubwre1/XC293833.ogg,Aves,12.2775625
bubwre1,bubwre1/XC299081.ogg,5.0,-21.831,-48.0445,birdclef-2025/train_audio/bubwre1/XC299081.ogg,Aves,6.048
bubwre1,bubwre1/XC325543.ogg,4.0,-2.6557,-57.9652,birdclef-2025/train_audio/bubwre1/XC325543.ogg,Aves,18.888
bubwre1,bubwre1/XC341072.ogg,4.5,-16.5167,-56.7167,birdclef-2025/train_audio/bubwre1/XC341072.ogg,Aves,9.97878125
bubwre1,bubwre1/XC343967.ogg,4.0,-15.568,-56.0665,birdclef-2025/train_audio/bubwre1/XC343967.ogg,Aves,6.4
bubwre1,bubwre1/XC345340.ogg,5.0,-15.5598,-47.7522,birdclef-2025/train_audio/bubwre1/XC345340.ogg,Aves,5.616
bubwre1,bubwre1/XC359321.ogg,4.0,8.8983,-79.5823,birdclef-2025/train_audio/bubwre1/XC359321.ogg,Aves,9.92653125
bubwre1,bubwre1/XC359323.ogg,4.0,8.8983,-79.5823,birdclef-2025/train_audio/bubwre1/XC359323.ogg,Aves,8.56815625
bubwre1,bubwre1/XC361193.ogg,4.0,9.501,-75.3496,birdclef-2025/train_audio/bubwre1/XC361193.ogg,Aves,7.1053125
bubwre1,bubwre1/XC373504.ogg,4.0,-10.1325,-67.7507,birdclef-2025/train_audio/bubwre1/XC373504.ogg,Aves,15.77796875
bubwre1,bubwre1/XC384682.ogg,4.0,9.9039,-71.1039,birdclef-2025/train_audio/bubwre1/XC384682.ogg,Aves,10.7624375
bubwre1,bubwre1/XC384683.ogg,4.0,9.9039,-71.1039,birdclef-2025/train_audio/bubwre1/XC384683.ogg,Aves,11.10203125
bubwre1,bubwre1/XC387383.ogg,4.0,-10.8786,-49.9548,birdclef-2025/train_audio/bubwre1/XC387383.ogg,Aves,6.373875
bubwre1,bubwre1/XC393140.ogg,4.0,-15.5805,-56.1045,birdclef-2025/train_audio/bubwre1/XC393140.ogg,Aves,6.68734375
bubwre1,bubwre1/XC395347.ogg,5.0,-3.1974,-59.8256,birdclef-2025/train_audio/bubwre1/XC395347.ogg,Aves,10.736
bubwre1,bubwre1/XC395348.ogg,5.0,-3.0843,-59.995,birdclef-2025/train_audio/bubwre1/XC395348.ogg,Aves,18.39
bubwre1,bubwre1/XC395984.ogg,5.0,9.1332,-79.7195,birdclef-2025/train_audio/bubwre1/XC395984.ogg,Aves,6.373875
bubwre1,bubwre1/XC403422.ogg,4.0,4.8313,-52.2973,birdclef-2025/train_audio/bubwre1/XC403422.ogg,Aves,17.58040625
bubwre1,bubwre1/XC414796.ogg,5.0,-16.4314,-49.1459,birdclef-2025/train_audio/bubwre1/XC414796.ogg,Aves,9.92653125
bubwre1,bubwre1/XC424616.ogg,5.0,4.3829,-75.1847,birdclef-2025/train_audio/bubwre1/XC424616.ogg,Aves,11.184
bubwre1,bubwre1/XC429770.ogg,4.0,1.1719,-75.6378,birdclef-2025/train_audio/bubwre1/XC429770.ogg,Aves,5.955
bubwre1,bubwre1/XC438576.ogg,4.0,4.8808,-72.4653,birdclef-2025/train_audio/bubwre1/XC438576.ogg,Aves,10.919
bubwre1,bubwre1/XC448461.ogg,5.0,-14.625,-49.0051,birdclef-2025/train_audio/bubwre1/XC448461.ogg,Aves,15.595
bubwre1,bubwre1/XC448463.ogg,5.0,-14.625,-49.0051,birdclef-2025/train_audio/bubwre1/XC448463.ogg,Aves,4.702
bubwre1,bubwre1/XC461613.ogg,5.0,-0.4714,-76.4603,birdclef-2025/train_audio/bubwre1/XC461613.ogg,Aves,8.256
bubwre1,bubwre1/XC46863.ogg,4.0,8.9389,-78.4651,birdclef-2025/train_audio/bubwre1/XC46863.ogg,Aves,17.55428125
bubwre1,bubwre1/XC483307.ogg,4.0,-8.11,-58.29,birdclef-2025/train_audio/bubwre1/XC483307.ogg,Aves,14.5763125
bubwre1,bubwre1/XC483319.ogg,4.0,-8.11,-58.29,birdclef-2025/train_audio/bubwre1/XC483319.ogg,Aves,12.826125
bubwre1,bubwre1/XC493811.ogg,5.0,-3.2063,-60.1783,birdclef-2025/train_audio/bubwre1/XC493811.ogg,Aves,11.6245
bubwre1,bubwre1/XC497405.ogg,4.0,-12.4101,-68.5865,birdclef-2025/train_audio/bubwre1/XC497405.ogg,Aves,9.24
bubwre1,bubwre1/XC50099.ogg,4.0,-16.5122,-56.7126,birdclef-2025/train_audio/bubwre1/XC50099.ogg,Aves,9.6130625
bubwre1,bubwre1/XC513140.ogg,4.0,-22.2566,-47.5973,birdclef-2025/train_audio/bubwre1/XC513140.ogg,Aves,15.312
bubwre1,bubwre1/XC514670.ogg,4.0,-15.0846,-44.2687,birdclef-2025/train_audio/bubwre1/XC514670.ogg,Aves,7.62775
bubwre1,bubwre1/XC514672.ogg,4.0,-15.0846,-44.2687,birdclef-2025/train_audio/bubwre1/XC514672.ogg,Aves,6.321625
bubwre1,bubwre1/XC522084.ogg,4.0,-9.5981,-55.932,birdclef-2025/train_audio/bubwre1/XC522084.ogg,Aves,6.13878125
bubwre1,bubwre1/XC52623.ogg,4.0,-16.5122,-56.7126,birdclef-2025/train_audio/bubwre1/XC52623.ogg,Aves,6.58284375
bubwre1,bubwre1/XC542458.ogg,5.0,1.4898,-75.6801,birdclef-2025/train_audio/bubwre1/XC542458.ogg,Aves,8.064
bubwre1,bubwre1/XC550402.ogg,4.0,-16.7546,-56.8859,birdclef-2025/train_audio/bubwre1/XC550402.ogg,Aves,6.79184375
bubwre1,bubwre1/XC56851.ogg,4.0,11.012,-74.8801,birdclef-2025/train_audio/bubwre1/XC56851.ogg,Aves,16.79675
bubwre1,bubwre1/XC56853.ogg,4.0,11.012,-74.8801,birdclef-2025/train_audio/bubwre1/XC56853.ogg,Aves,5.7991875
bubwre1,bubwre1/XC56855.ogg,4.0,11.012,-74.8801,birdclef-2025/train_audio/bubwre1/XC56855.ogg,Aves,5.38121875
bubwre1,bubwre1/XC572884.ogg,5.0,1.7135,-75.7326,birdclef-2025/train_audio/bubwre1/XC572884.ogg,Aves,13.3746875
bubwre1,bubwre1/XC645743.ogg,5.0,-16.6003,-49.2802,birdclef-2025/train_audio/bubwre1/XC645743.ogg,Aves,13.00896875
bubwre1,bubwre1/XC650452.ogg,5.0,-23.7629,-53.8803,birdclef-2025/train_audio/bubwre1/XC650452.ogg,Aves,7.627
bubwre1,bubwre1/XC689912.ogg,4.0,0.7623,-50.1636,birdclef-2025/train_audio/bubwre1/XC689912.ogg,Aves,10.03103125
bubwre1,bubwre1/XC691056.ogg,4.5,-16.6003,-49.2802,birdclef-2025/train_audio/bubwre1/XC691056.ogg,Aves,18.0245
bubwre1,bubwre1/XC706942.ogg,5.0,-16.0538,-49.604,birdclef-2025/train_audio/bubwre1/XC706942.ogg,Aves,12.930625
bubwre1,bubwre1/XC709424.ogg,4.0,3.546,-73.3991,birdclef-2025/train_audio/bubwre1/XC709424.ogg,Aves,9.37796875
bubwre1,bubwre1/XC720780.ogg,4.0,-9.2856,-50.0142,birdclef-2025/train_audio/bubwre1/XC720780.ogg,Aves,6.60896875
bubwre1,bubwre1/XC741151.ogg,4.5,-14.625,-49.0051,birdclef-2025/train_audio/bubwre1/XC741151.ogg,Aves,9.038375
bubwre1,bubwre1/XC744327.ogg,4.0,-21.244,-48.2931,birdclef-2025/train_audio/bubwre1/XC744327.ogg,Aves,7.262
bubwre1,bubwre1/XC746680.ogg,5.0,4.8331,-52.3011,birdclef-2025/train_audio/bubwre1/XC746680.ogg,Aves,14.832
bubwre1,bubwre1/XC74993.ogg,5.0,3.419,-55.388,birdclef-2025/train_audio/bubwre1/XC74993.ogg,Aves,17.946125
bubwre1,bubwre1/XC759613.ogg,4.0,-16.5456,-49.1572,birdclef-2025/train_audio/bubwre1/XC759613.ogg,Aves,8.881625
bubwre1,bubwre1/XC782569.ogg,4.0,-9.5682,-50.1145,birdclef-2025/train_audio/bubwre1/XC782569.ogg,Aves,9.74109375
bubwre1,bubwre1/XC785695.ogg,4.0,10.3116,-68.2281,birdclef-2025/train_audio/bubwre1/XC785695.ogg,Aves,19.043
bubwre1,bubwre1/XC785696.ogg,4.0,10.3116,-68.228,birdclef-2025/train_audio/bubwre1/XC785696.ogg,Aves,12.643
bubwre1,bubwre1/XC789070.ogg,4.5,-13.3558,-47.2809,birdclef-2025/train_audio/bubwre1/XC789070.ogg,Aves,10.05715625
bubwre1,bubwre1/XC794813.ogg,5.0,-9.2856,-50.0142,birdclef-2025/train_audio/bubwre1/XC794813.ogg,Aves,9.4805
bubwre1,bubwre1/XC810448.ogg,5.0,4.4058,-57.2308,birdclef-2025/train_audio/bubwre1/XC810448.ogg,Aves,6.559625
bubwre1,bubwre1/XC823953.ogg,4.0,5.7264,-53.917,birdclef-2025/train_audio/bubwre1/XC823953.ogg,Aves,10.6769375
bubwre1,bubwre1/XC837917.ogg,5.0,-14.0858,-50.8244,birdclef-2025/train_audio/bubwre1/XC837917.ogg,Aves,7.706125
bubwre1,bubwre1/XC934326.ogg,5.0,-16.0781,-50.218,birdclef-2025/train_audio/bubwre1/XC934326.ogg,Aves,5.851
bubwre1,bubwre1/XC939588.ogg,5.0,1.4637,-60.9724,birdclef-2025/train_audio/bubwre1/XC939588.ogg,Aves,18.703
bubwre1,bubwre1/XC939939.ogg,5.0,1.7914,-61.1375,birdclef-2025/train_audio/bubwre1/XC939939.ogg,Aves,7.836
bugtan,bugtan/XC112883.ogg,5.0,9.1199,-79.6991,birdclef-2025/train_audio/bugtan/XC112883.ogg,Aves,6.16490625
bugtan,bugtan/XC119223.ogg,4.0,-3.0843,-59.995,birdclef-2025/train_audio/bugtan/XC119223.ogg,Aves,16.32653125
bugtan,bugtan/XC120827.ogg,4.5,0.472,-79.2139,birdclef-2025/train_audio/bugtan/XC120827.ogg,Aves,18.36409375
bugtan,bugtan/XC152846.ogg,4.0,-11.437,-74.7746,birdclef-2025/train_audio/bugtan/XC152846.ogg,Aves,6.11265625
bugtan,bugtan/XC156278.ogg,4.0,4.4269,-75.1832,birdclef-2025/train_audio/bugtan/XC156278.ogg,Aves,10.224
bugtan,bugtan/XC163745.ogg,4.0,6.2138,-75.2219,birdclef-2025/train_audio/bugtan/XC163745.ogg,Aves,7.706125
bugtan,bugtan/XC163749.ogg,5.0,6.2138,-75.2219,birdclef-2025/train_audio/bugtan/XC163749.ogg,Aves,9.29959375
bugtan,bugtan/XC180764.ogg,4.0,-6.3167,-79.4501,birdclef-2025/train_audio/bugtan/XC180764.ogg,Aves,3.44815625
bugtan,bugtan/XC180766.ogg,4.0,-6.3167,-79.4501,birdclef-2025/train_audio/bugtan/XC180766.ogg,Aves,17.71103125
bugtan,bugtan/XC199962.ogg,4.0,10.4012,-66.978,birdclef-2025/train_audio/bugtan/XC199962.ogg,Aves,7.0791875
bugtan,bugtan/XC207197.ogg,5.0,-4.2567,-79.2178,birdclef-2025/train_audio/bugtan/XC207197.ogg,Aves,1.43675
bugtan,bugtan/XC212072.ogg,5.0,-0.0523,-78.7764,birdclef-2025/train_audio/bugtan/XC212072.ogg,Aves,10.55346875
bugtan,bugtan/XC212073.ogg,5.0,-0.0523,-78.7764,birdclef-2025/train_audio/bugtan/XC212073.ogg,Aves,4.85878125
bugtan,bugtan/XC259686.ogg,5.0,-1.7,-80.767,birdclef-2025/train_audio/bugtan/XC259686.ogg,Aves,12.95675
bugtan,bugtan/XC261221.ogg,5.0,-0.589,-77.877,birdclef-2025/train_audio/bugtan/XC261221.ogg,Aves,19.069375
bugtan,bugtan/XC262618.ogg,4.5,0.883,-78.8,birdclef-2025/train_audio/bugtan/XC262618.ogg,Aves,19.226125
bugtan,bugtan/XC275640.ogg,5.0,0.883,-78.8,birdclef-2025/train_audio/bugtan/XC275640.ogg,Aves,16.666125
bugtan,bugtan/XC275641.ogg,5.0,0.883,-78.8,birdclef-2025/train_audio/bugtan/XC275641.ogg,Aves,9.84815625
bugtan,bugtan/XC299425.ogg,4.0,4.727,-75.577,birdclef-2025/train_audio/bugtan/XC299425.ogg,Aves,17.3453125
bugtan,bugtan/XC301212.ogg,4.0,14.0425,-87.2198,birdclef-2025/train_audio/bugtan/XC301212.ogg,Aves,16.35265625
bugtan,bugtan/XC352973.ogg,4.0,-3.7538,-73.2448,birdclef-2025/train_audio/bugtan/XC352973.ogg,Aves,16.561625
bugtan,bugtan/XC360660.ogg,4.0,9.4966,-75.3509,birdclef-2025/train_audio/bugtan/XC360660.ogg,Aves,9.22121875
bugtan,bugtan/XC376122.ogg,4.0,10.471,-84.646,birdclef-2025/train_audio/bugtan/XC376122.ogg,Aves,10.18775
bugtan,bugtan/XC376372.ogg,5.0,10.471,-84.646,birdclef-2025/train_audio/bugtan/XC376372.ogg,Aves,11.33715625
bugtan,bugtan/XC376373.ogg,4.0,10.471,-84.646,birdclef-2025/train_audio/bugtan/XC376373.ogg,Aves,10.57959375
bugtan,bugtan/XC378063.ogg,4.0,18.2135,-94.8365,birdclef-2025/train_audio/bugtan/XC378063.ogg,Aves,11.12815625
bugtan,bugtan/XC387104.ogg,4.0,-2.6377,-60.9455,birdclef-2025/train_audio/bugtan/XC387104.ogg,Aves,5.198375
bugtan,bugtan/XC389165.ogg,4.0,9.9373,-84.1801,birdclef-2025/train_audio/bugtan/XC389165.ogg,Aves,11.04
bugtan,bugtan/XC389166.ogg,4.0,9.9373,-84.1801,birdclef-2025/train_audio/bugtan/XC389166.ogg,Aves,6.648
bugtan,bugtan/XC428288.ogg,4.0,4.351,-74.652,birdclef-2025/train_audio/bugtan/XC428288.ogg,Aves,3.1869375
bugtan,bugtan/XC433380.ogg,4.0,4.5801,-74.5371,birdclef-2025/train_audio/bugtan/XC433380.ogg,Aves,4.022
bugtan,bugtan/XC439061.ogg,5.0,-4.2889,-70.2948,birdclef-2025/train_audio/bugtan/XC439061.ogg,Aves,19.01715625
bugtan,bugtan/XC446774.ogg,4.0,-6.0263,-77.0647,birdclef-2025/train_audio/bugtan/XC446774.ogg,Aves,15.696
bugtan,bugtan/XC457248.ogg,5.0,4.843,-75.8187,birdclef-2025/train_audio/bugtan/XC457248.ogg,Aves,8.2546875
bugtan,bugtan/XC461765.ogg,4.0,-0.1657,-78.3612,birdclef-2025/train_audio/bugtan/XC461765.ogg,Aves,17.904
bugtan,bugtan/XC46781.ogg,4.0,8.9378,-79.5528,birdclef-2025/train_audio/bugtan/XC46781.ogg,Aves,15.333875
bugtan,bugtan/XC480423.ogg,5.0,-0.4383,-76.2791,birdclef-2025/train_audio/bugtan/XC480423.ogg,Aves,2.76896875
bugtan,bugtan/XC497126.ogg,5.0,-4.2889,-70.2948,birdclef-2025/train_audio/bugtan/XC497126.ogg,Aves,9.11675
bugtan,bugtan/XC533160.ogg,4.0,7.4661,-72.8494,birdclef-2025/train_audio/bugtan/XC533160.ogg,Aves,18.5991875
bugtan,bugtan/XC542034.ogg,5.0,4.447,-75.1535,birdclef-2025/train_audio/bugtan/XC542034.ogg,Aves,12.744
bugtan,bugtan/XC5558.ogg,5.0,-6.3014,-79.4623,birdclef-2025/train_audio/bugtan/XC5558.ogg,Aves,19.59184375
bugtan,bugtan/XC59607.ogg,5.0,9.1223,-79.7501,birdclef-2025/train_audio/bugtan/XC59607.ogg,Aves,3.47428125
bugtan,bugtan/XC64264.ogg,4.0,-13.0501,-71.5564,birdclef-2025/train_audio/bugtan/XC64264.ogg,Aves,6.60896875
bugtan,bugtan/XC664437.ogg,4.0,4.4615,-75.0514,birdclef-2025/train_audio/bugtan/XC664437.ogg,Aves,19.824
bugtan,bugtan/XC673385.ogg,4.0,-0.955,-80.7074,birdclef-2025/train_audio/bugtan/XC673385.ogg,Aves,15.288
bugtan,bugtan/XC755141.ogg,5.0,-11.8925,-55.6546,birdclef-2025/train_audio/bugtan/XC755141.ogg,Aves,13.5836875
bugtan,bugtan/XC769388.ogg,5.0,-6.3761,-47.1085,birdclef-2025/train_audio/bugtan/XC769388.ogg,Aves,8.62040625
bugtan,bugtan/XC769602.ogg,5.0,-6.3776,-47.4047,birdclef-2025/train_audio/bugtan/XC769602.ogg,Aves,15.72571875
bugtan,bugtan/XC816851.ogg,4.0,-6.3656,-48.0736,birdclef-2025/train_audio/bugtan/XC816851.ogg,Aves,12.61715625
bugtan,bugtan/XC821538.ogg,5.0,-8.6866,-63.8677,birdclef-2025/train_audio/bugtan/XC821538.ogg,Aves,10.71021875
bugtan,bugtan/XC832678.ogg,5.0,-0.0553,-78.7704,birdclef-2025/train_audio/bugtan/XC832678.ogg,Aves,1.854
bugtan,bugtan/XC837138.ogg,5.0,0.1449,-79.1417,birdclef-2025/train_audio/bugtan/XC837138.ogg,Aves,0.626
bugtan,bugtan/XC838883.ogg,4.0,11.4947,-69.5128,birdclef-2025/train_audio/bugtan/XC838883.ogg,Aves,12.0424375
bugtan,bugtan/XC843941.ogg,4.0,0.1449,-79.1413,birdclef-2025/train_audio/bugtan/XC843941.ogg,Aves,13.51909375
bugtan,bugtan/XC872136.ogg,4.0,-0.9504,-80.7459,birdclef-2025/train_audio/bugtan/XC872136.ogg,Aves,18.456
bugtan,bugtan/XC905403.ogg,5.0,5.1142,-75.5053,birdclef-2025/train_audio/bugtan/XC905403.ogg,Aves,5.84271875
bugtan,bugtan/XC912054.ogg,5.0,-0.0553,-78.7704,birdclef-2025/train_audio/bugtan/XC912054.ogg,Aves,1.12934375
bugtan,bugtan/XC946263.ogg,4.0,3.5026,-76.3552,birdclef-2025/train_audio/bugtan/XC946263.ogg,Aves,2.39740625
bugtan,bugtan/XC946264.ogg,4.0,3.5026,-76.3552,birdclef-2025/train_audio/bugtan/XC946264.ogg,Aves,0.95153125
bugtan,bugtan/XC946265.ogg,4.0,3.5026,-76.3552,birdclef-2025/train_audio/bugtan/XC946265.ogg,Aves,4.51584375
bugtan,bugtan/XC946266.ogg,4.0,3.5026,-76.3552,birdclef-2025/train_audio/bugtan/XC946266.ogg,Aves,1.2139375
bugtan,bugtan/XC946267.ogg,4.0,3.5026,-76.3552,birdclef-2025/train_audio/bugtan/XC946267.ogg,Aves,17.3670625
bugtan,bugtan/XC953345.ogg,4.0,-13.747,-56.6824,birdclef-2025/train_audio/bugtan/XC953345.ogg,Aves,8.724
butsal1,butsal1/XC118237.ogg,4.0,-0.0523,-78.7764,birdclef-2025/train_audio/butsal1/XC118237.ogg,Aves,11.904
butsal1,butsal1/XC119814.ogg,4.0,-6.1924,-50.202,birdclef-2025/train_audio/butsal1/XC119814.ogg,Aves,10.7624375
butsal1,butsal1/XC127986.ogg,4.0,4.1809,-72.9136,birdclef-2025/train_audio/butsal1/XC127986.ogg,Aves,17.86775
butsal1,butsal1/XC128048.ogg,4.0,4.1809,-72.9136,birdclef-2025/train_audio/butsal1/XC128048.ogg,Aves,17.86775
butsal1,butsal1/XC137698.ogg,4.0,10.2993,-84.8174,birdclef-2025/train_audio/butsal1/XC137698.ogg,Aves,12.8
butsal1,butsal1/XC166424.ogg,4.0,9.832,-83.5639,birdclef-2025/train_audio/butsal1/XC166424.ogg,Aves,18.83428125
butsal1,butsal1/XC166619.ogg,4.0,8.5264,-83.3951,birdclef-2025/train_audio/butsal1/XC166619.ogg,Aves,12.0685625
butsal1,butsal1/XC169330.ogg,4.0,10.0451,-84.1519,birdclef-2025/train_audio/butsal1/XC169330.ogg,Aves,2.84734375
butsal1,butsal1/XC180559.ogg,4.0,-6.4515,-76.2909,birdclef-2025/train_audio/butsal1/XC180559.ogg,Aves,15.4645
butsal1,butsal1/XC189511.ogg,4.0,-18.3997,-47.1852,birdclef-2025/train_audio/butsal1/XC189511.ogg,Aves,16.776
butsal1,butsal1/XC196523.ogg,5.0,-19.2667,-57.0167,birdclef-2025/train_audio/butsal1/XC196523.ogg,Aves,17.328
butsal1,butsal1/XC213321.ogg,4.0,-6.2076,-49.9741,birdclef-2025/train_audio/butsal1/XC213321.ogg,Aves,11.208
butsal1,butsal1/XC236092.ogg,5.0,11.1009,-74.072,birdclef-2025/train_audio/butsal1/XC236092.ogg,Aves,19.9575625
butsal1,butsal1/XC243063.ogg,4.0,1.021,-78.608,birdclef-2025/train_audio/butsal1/XC243063.ogg,Aves,12.74775
butsal1,butsal1/XC251474.ogg,4.0,-3.654,-79.753,birdclef-2025/train_audio/butsal1/XC251474.ogg,Aves,18.75590625
butsal1,butsal1/XC2560.ogg,4.0,-17.1028,-64.7792,birdclef-2025/train_audio/butsal1/XC2560.ogg,Aves,17.2669375
butsal1,butsal1/XC259770.ogg,4.0,-0.472,-76.459,birdclef-2025/train_audio/butsal1/XC259770.ogg,Aves,16.69225
butsal1,butsal1/XC262671.ogg,5.0,0.883,-78.8,birdclef-2025/train_audio/butsal1/XC262671.ogg,Aves,9.090625
butsal1,butsal1/XC287488.ogg,4.0,15.0294,-86.7951,birdclef-2025/train_audio/butsal1/XC287488.ogg,Aves,19.64409375
butsal1,butsal1/XC331263.ogg,5.0,14.8577,-87.9549,birdclef-2025/train_audio/butsal1/XC331263.ogg,Aves,17.92
butsal1,butsal1/XC336071.ogg,5.0,-22.5939,-43.4347,birdclef-2025/train_audio/butsal1/XC336071.ogg,Aves,10.416
butsal1,butsal1/XC358591.ogg,4.0,-5.2036,-48.371,birdclef-2025/train_audio/butsal1/XC358591.ogg,Aves,17.58040625
butsal1,butsal1/XC387744.ogg,4.0,0.1872,-78.9105,birdclef-2025/train_audio/butsal1/XC387744.ogg,Aves,10.71021875
butsal1,butsal1/XC387983.ogg,4.0,8.8085,-70.5049,birdclef-2025/train_audio/butsal1/XC387983.ogg,Aves,18.10284375
butsal1,butsal1/XC391285.ogg,5.0,-22.4508,-42.7735,birdclef-2025/train_audio/butsal1/XC391285.ogg,Aves,19.04325
butsal1,butsal1/XC400228.ogg,4.0,-15.6421,-57.1899,birdclef-2025/train_audio/butsal1/XC400228.ogg,Aves,8.75103125
butsal1,butsal1/XC421804.ogg,5.0,-14.625,-49.0051,birdclef-2025/train_audio/butsal1/XC421804.ogg,Aves,15.04653125
butsal1,butsal1/XC421805.ogg,5.0,-16.4314,-49.1459,birdclef-2025/train_audio/butsal1/XC421805.ogg,Aves,13.81878125
butsal1,butsal1/XC422374.ogg,5.0,-16.5631,-49.285,birdclef-2025/train_audio/butsal1/XC422374.ogg,Aves,7.28815625
butsal1,butsal1/XC429875.ogg,4.0,5.1131,-74.9097,birdclef-2025/train_audio/butsal1/XC429875.ogg,Aves,2.481625
butsal1,butsal1/XC457520.ogg,4.0,10.0133,-84.068,birdclef-2025/train_audio/butsal1/XC457520.ogg,Aves,19.38284375
butsal1,butsal1/XC478550.ogg,4.0,-22.9302,-43.0879,birdclef-2025/train_audio/butsal1/XC478550.ogg,Aves,8.62040625
butsal1,butsal1/XC489625.ogg,4.0,10.4314,-84.039,birdclef-2025/train_audio/butsal1/XC489625.ogg,Aves,14.88
butsal1,butsal1/XC500155.ogg,5.0,9.4032,-83.6708,birdclef-2025/train_audio/butsal1/XC500155.ogg,Aves,15.04653125
butsal1,butsal1/XC504962.ogg,4.0,-9.2395,-35.8389,birdclef-2025/train_audio/butsal1/XC504962.ogg,Aves,7.706125
butsal1,butsal1/XC512371.ogg,4.0,-9.2114,-35.8771,birdclef-2025/train_audio/butsal1/XC512371.ogg,Aves,13.4791875
butsal1,butsal1/XC533572.ogg,4.0,-22.8788,-42.9365,birdclef-2025/train_audio/butsal1/XC533572.ogg,Aves,14.262
butsal1,butsal1/XC549989.ogg,4.0,1.4898,-75.6801,birdclef-2025/train_audio/butsal1/XC549989.ogg,Aves,9.336
butsal1,butsal1/XC582956.ogg,5.0,0.0797,-78.6838,birdclef-2025/train_audio/butsal1/XC582956.ogg,Aves,16.40490625
butsal1,butsal1/XC596131.ogg,5.0,1.5114,-75.7413,birdclef-2025/train_audio/butsal1/XC596131.ogg,Aves,5.45959375
butsal1,butsal1/XC604983.ogg,4.0,-16.6003,-49.2802,birdclef-2025/train_audio/butsal1/XC604983.ogg,Aves,14.36734375
butsal1,butsal1/XC610102.ogg,4.0,0.6513,-77.0739,birdclef-2025/train_audio/butsal1/XC610102.ogg,Aves,16.608
butsal1,butsal1/XC64159.ogg,4.0,-11.8667,-71.3667,birdclef-2025/train_audio/butsal1/XC64159.ogg,Aves,9.252
butsal1,butsal1/XC64160.ogg,4.0,-11.8667,-71.3667,birdclef-2025/train_audio/butsal1/XC64160.ogg,Aves,16.19590625
butsal1,butsal1/XC6466.ogg,4.0,-22.5001,-42.7167,birdclef-2025/train_audio/butsal1/XC6466.ogg,Aves,9.82203125
butsal1,butsal1/XC669573.ogg,4.0,-9.3153,-49.9383,birdclef-2025/train_audio/butsal1/XC669573.ogg,Aves,8.829375
butsal1,butsal1/XC697233.ogg,5.0,-9.2162,-35.8741,birdclef-2025/train_audio/butsal1/XC697233.ogg,Aves,6.84409375
butsal1,butsal1/XC697413.ogg,5.0,-9.2524,-36.4187,birdclef-2025/train_audio/butsal1/XC697413.ogg,Aves,15.9869375
butsal1,butsal1/XC731599.ogg,5.0,-14.625,-49.0051,birdclef-2025/train_audio/butsal1/XC731599.ogg,Aves,8.77715625
butsal1,butsal1/XC737023.ogg,4.0,-16.1605,-49.5395,birdclef-2025/train_audio/butsal1/XC737023.ogg,Aves,13.3746875
butsal1,butsal1/XC737455.ogg,5.0,-17.1888,-48.7335,birdclef-2025/train_audio/butsal1/XC737455.ogg,Aves,10.65796875
butsal1,butsal1/XC754612.ogg,5.0,-11.7519,-55.638,birdclef-2025/train_audio/butsal1/XC754612.ogg,Aves,17.86775
butsal1,butsal1/XC763969.ogg,4.0,-4.7671,-76.525,birdclef-2025/train_audio/butsal1/XC763969.ogg,Aves,15.36
butsal1,butsal1/XC782019.ogg,4.0,4.89,-52.3029,birdclef-2025/train_audio/butsal1/XC782019.ogg,Aves,13.035
butsal1,butsal1/XC790142.ogg,5.0,-13.3558,-47.2809,birdclef-2025/train_audio/butsal1/XC790142.ogg,Aves,9.090625
butsal1,butsal1/XC809984.ogg,5.0,-16.9038,-49.1691,birdclef-2025/train_audio/butsal1/XC809984.ogg,Aves,2.690625
butsal1,butsal1/XC837044.ogg,4.5,-0.0553,-78.7704,birdclef-2025/train_audio/butsal1/XC837044.ogg,Aves,2.168
butsal1,butsal1/XC857473.ogg,4.0,-16.0781,-50.218,birdclef-2025/train_audio/butsal1/XC857473.ogg,Aves,8.489
butsal1,butsal1/XC908731.ogg,5.0,-14.625,-49.0051,birdclef-2025/train_audio/butsal1/XC908731.ogg,Aves,16.718
butsal1,butsal1/XC924740.ogg,4.0,0.0346,-78.8698,birdclef-2025/train_audio/butsal1/XC924740.ogg,Aves,6.13878125
butsal1,butsal1/XC933859.ogg,4.0,-16.0781,-50.218,birdclef-2025/train_audio/butsal1/XC933859.ogg,Aves,18.573
butsal1,butsal1/XC940060.ogg,5.0,5.0717,-60.8881,birdclef-2025/train_audio/butsal1/XC940060.ogg,Aves,17.737
cargra1,cargra1/XC312329.ogg,4.0,11.27,-74.05,birdclef-2025/train_audio/cargra1/XC312329.ogg,Aves,10.752
cargra1,cargra1/XC469776.ogg,5.0,10.5906,-67.0568,birdclef-2025/train_audio/cargra1/XC469776.ogg,Aves,14.31509375
cargra1,cargra1/XC495793.ogg,5.0,13.1588,-59.6364,birdclef-2025/train_audio/cargra1/XC495793.ogg,Aves,8.952
cargra1,cargra1/XC495794.ogg,5.0,13.1595,-59.6373,birdclef-2025/train_audio/cargra1/XC495794.ogg,Aves,9.648
cargra1,cargra1/XC589681.ogg,5.0,4.9302,-74.0379,birdclef-2025/train_audio/cargra1/XC589681.ogg,Aves,19.968
cargra1,cargra1/XC622472.ogg,5.0,2.2192,-75.6135,birdclef-2025/train_audio/cargra1/XC622472.ogg,Aves,7.5755
cargra1,cargra1/XC622473.ogg,5.0,2.2192,-75.6135,birdclef-2025/train_audio/cargra1/XC622473.ogg,Aves,14.053875
cargra1,cargra1/XC766628.ogg,4.0,16.2391,-61.5338,birdclef-2025/train_audio/cargra1/XC766628.ogg,Aves,5.2854375
cargra1,cargra1/XC9498.ogg,4.0,14.0145,-60.9842,birdclef-2025/train_audio/cargra1/XC9498.ogg,Aves,5.433
cargra1,cargra1/XC9499.ogg,4.0,14.0145,-60.9842,birdclef-2025/train_audio/cargra1/XC9499.ogg,Aves,16.77
cargra1,cargra1/XC9500.ogg,4.0,14.0145,-60.9842,birdclef-2025/train_audio/cargra1/XC9500.ogg,Aves,3.422
cattyr,cattyr/XC116243.ogg,5.0,-16.3834,-56.6167,birdclef-2025/train_audio/cattyr/XC116243.ogg,Aves,7.032
cattyr,cattyr/XC177605.ogg,4.0,-23.59,-46.66,birdclef-2025/train_audio/cattyr/XC177605.ogg,Aves,17.424
cattyr,cattyr/XC211143.ogg,5.0,-24.0557,-47.9947,birdclef-2025/train_audio/cattyr/XC211143.ogg,Aves,11.184
cattyr,cattyr/XC211144.ogg,4.0,-24.0557,-47.9947,birdclef-2025/train_audio/cattyr/XC211144.ogg,Aves,4.824
cattyr,cattyr/XC221040.ogg,4.0,7.5637,-69.4968,birdclef-2025/train_audio/cattyr/XC221040.ogg,Aves,10.213875
cattyr,cattyr/XC291569.ogg,5.0,-22.4508,-42.7735,birdclef-2025/train_audio/cattyr/XC291569.ogg,Aves,13.4269375
cattyr,cattyr/XC292114.ogg,5.0,-22.4508,-42.7735,birdclef-2025/train_audio/cattyr/XC292114.ogg,Aves,5.17225
cattyr,cattyr/XC326969.ogg,4.0,4.8505,-73.2667,birdclef-2025/train_audio/cattyr/XC326969.ogg,Aves,2.184
cattyr,cattyr/XC396330.ogg,5.0,-11.5459,-38.7884,birdclef-2025/train_audio/cattyr/XC396330.ogg,Aves,6.24325
cattyr,cattyr/XC421629.ogg,5.0,-16.3834,-56.6167,birdclef-2025/train_audio/cattyr/XC421629.ogg,Aves,2.22040625
cattyr,cattyr/XC448486.ogg,5.0,-14.625,-49.0051,birdclef-2025/train_audio/cattyr/XC448486.ogg,Aves,4.675
cattyr,cattyr/XC448487.ogg,5.0,-14.625,-49.0051,birdclef-2025/train_audio/cattyr/XC448487.ogg,Aves,6.373875
cattyr,cattyr/XC467391.ogg,4.0,-28.3412,-55.7443,birdclef-2025/train_audio/cattyr/XC467391.ogg,Aves,1.59346875
cattyr,cattyr/XC482629.ogg,5.0,-14.625,-49.0051,birdclef-2025/train_audio/cattyr/XC482629.ogg,Aves,6.373875
cattyr,cattyr/XC496454.ogg,5.0,-22.5697,-48.1567,birdclef-2025/train_audio/cattyr/XC496454.ogg,Aves,10.24
cattyr,cattyr/XC496455.ogg,4.0,-22.5697,-48.1567,birdclef-2025/train_audio/cattyr/XC496455.ogg,Aves,1.51509375
cattyr,cattyr/XC530426.ogg,4.5,-16.5631,-49.285,birdclef-2025/train_audio/cattyr/XC530426.ogg,Aves,8.69878125
cattyr,cattyr/XC536812.ogg,5.0,-16.5631,-49.285,birdclef-2025/train_audio/cattyr/XC536812.ogg,Aves,12.43428125
cattyr,cattyr/XC577518.ogg,5.0,-14.625,-49.0051,birdclef-2025/train_audio/cattyr/XC577518.ogg,Aves,13.3485625
cattyr,cattyr/XC580179.ogg,4.0,-20.5983,-51.8416,birdclef-2025/train_audio/cattyr/XC580179.ogg,Aves,4.96325
cattyr,cattyr/XC589602.ogg,5.0,2.1869,-75.5584,birdclef-2025/train_audio/cattyr/XC589602.ogg,Aves,9.4563125
cattyr,cattyr/XC589603.ogg,5.0,2.1869,-75.5584,birdclef-2025/train_audio/cattyr/XC589603.ogg,Aves,5.7991875
cattyr,cattyr/XC61312.ogg,4.0,-23.8839,-64.4678,birdclef-2025/train_audio/cattyr/XC61312.ogg,Aves,3.918375
cattyr,cattyr/XC679490.ogg,4.0,-27.5302,-56.6027,birdclef-2025/train_audio/cattyr/XC679490.ogg,Aves,17.423
cattyr,cattyr/XC686954.ogg,5.0,-32.035,-52.104,birdclef-2025/train_audio/cattyr/XC686954.ogg,Aves,8.2024375
cattyr,cattyr/XC699595.ogg,5.0,-16.0538,-49.604,birdclef-2025/train_audio/cattyr/XC699595.ogg,Aves,13.2963125
cattyr,cattyr/XC706969.ogg,5.0,-16.0538,-49.604,birdclef-2025/train_audio/cattyr/XC706969.ogg,Aves,6.19103125
cattyr,cattyr/XC724868.ogg,4.5,-22.3454,-42.9904,birdclef-2025/train_audio/cattyr/XC724868.ogg,Aves,8.359
cattyr,cattyr/XC790360.ogg,4.0,4.3307,-74.3726,birdclef-2025/train_audio/cattyr/XC790360.ogg,Aves,12.878375
cattyr,cattyr/XC81615.ogg,5.0,-16.5167,-56.7167,birdclef-2025/train_audio/cattyr/XC81615.ogg,Aves,16.97959375
cattyr,cattyr/XC822863.ogg,5.0,-31.4088,-64.4929,birdclef-2025/train_audio/cattyr/XC822863.ogg,Aves,10.8
cattyr,cattyr/XC859198.ogg,4.0,-16.7525,-49.1796,birdclef-2025/train_audio/cattyr/XC859198.ogg,Aves,9.691
cattyr,cattyr/XC898397.ogg,4.0,-30.2021,-57.5014,birdclef-2025/train_audio/cattyr/XC898397.ogg,Aves,17.5678125
cattyr,cattyr/XC946132.ogg,4.0,3.5026,-76.3552,birdclef-2025/train_audio/cattyr/XC946132.ogg,Aves,2.7445
chbant1,chbant1/XC112952.ogg,4.0,8.6759,-83.2051,birdclef-2025/train_audio/chbant1/XC112952.ogg,Aves,4.5453125
chbant1,chbant1/XC116969.ogg,4.0,6.1114,-77.372,birdclef-2025/train_audio/chbant1/XC116969.ogg,Aves,13.76653125
chbant1,chbant1/XC162289.ogg,4.0,7.9253,-74.7835,birdclef-2025/train_audio/chbant1/XC162289.ogg,Aves,12.0685625
chbant1,chbant1/XC166625.ogg,4.0,8.5264,-83.3951,birdclef-2025/train_audio/chbant1/XC166625.ogg,Aves,6.2955
chbant1,chbant1/XC166626.ogg,4.0,8.5264,-83.3951,birdclef-2025/train_audio/chbant1/XC166626.ogg,Aves,7.0269375
chbant1,chbant1/XC166627.ogg,4.0,8.5264,-83.3951,birdclef-2025/train_audio/chbant1/XC166627.ogg,Aves,14.001625
chbant1,chbant1/XC17187.ogg,4.0,9.1667,-79.7667,birdclef-2025/train_audio/chbant1/XC17187.ogg,Aves,9.072
chbant1,chbant1/XC17188.ogg,4.0,9.1667,-79.7667,birdclef-2025/train_audio/chbant1/XC17188.ogg,Aves,11.904
chbant1,chbant1/XC17189.ogg,4.0,9.1667,-79.7667,birdclef-2025/train_audio/chbant1/XC17189.ogg,Aves,10.632
chbant1,chbant1/XC175200.ogg,4.0,5.93,-74.834,birdclef-2025/train_audio/chbant1/XC175200.ogg,Aves,16.656
chbant1,chbant1/XC248435.ogg,5.0,0.217,-78.89,birdclef-2025/train_audio/chbant1/XC248435.ogg,Aves,18.4163125
chbant1,chbant1/XC251215.ogg,4.0,0.517,-79.2,birdclef-2025/train_audio/chbant1/XC251215.ogg,Aves,9.92653125
chbant1,chbant1/XC258545.ogg,5.0,-0.32,-79.018,birdclef-2025/train_audio/chbant1/XC258545.ogg,Aves,19.7485625
chbant1,chbant1/XC262084.ogg,5.0,0.883,-78.8,birdclef-2025/train_audio/chbant1/XC262084.ogg,Aves,16.35265625
chbant1,chbant1/XC262086.ogg,5.0,0.883,-78.8,birdclef-2025/train_audio/chbant1/XC262086.ogg,Aves,6.81796875
chbant1,chbant1/XC262087.ogg,5.0,0.883,-78.8,birdclef-2025/train_audio/chbant1/XC262087.ogg,Aves,18.83428125
chbant1,chbant1/XC262088.ogg,5.0,0.883,-78.8,birdclef-2025/train_audio/chbant1/XC262088.ogg,Aves,10.9191875
chbant1,chbant1/XC262089.ogg,5.0,0.883,-78.8,birdclef-2025/train_audio/chbant1/XC262089.ogg,Aves,13.71428125
chbant1,chbant1/XC262090.ogg,5.0,0.883,-78.8,birdclef-2025/train_audio/chbant1/XC262090.ogg,Aves,11.83346875
chbant1,chbant1/XC262092.ogg,5.0,0.883,-78.8,birdclef-2025/train_audio/chbant1/XC262092.ogg,Aves,15.51675
chbant1,chbant1/XC262093.ogg,5.0,0.883,-78.8,birdclef-2025/train_audio/chbant1/XC262093.ogg,Aves,18.25959375
chbant1,chbant1/XC262094.ogg,5.0,0.883,-78.8,birdclef-2025/train_audio/chbant1/XC262094.ogg,Aves,15.333875
chbant1,chbant1/XC262095.ogg,5.0,0.883,-78.8,birdclef-2025/train_audio/chbant1/XC262095.ogg,Aves,18.5208125
chbant1,chbant1/XC275404.ogg,5.0,0.767,-79.15,birdclef-2025/train_audio/chbant1/XC275404.ogg,Aves,17.92
chbant1,chbant1/XC278876.ogg,4.0,8.685,-83.6679,birdclef-2025/train_audio/chbant1/XC278876.ogg,Aves,13.704
chbant1,chbant1/XC394708.ogg,5.0,0.03,-78.8672,birdclef-2025/train_audio/chbant1/XC394708.ogg,Aves,10.945
chbant1,chbant1/XC403857.ogg,4.0,5.6271,-77.4042,birdclef-2025/train_audio/chbant1/XC403857.ogg,Aves,12.74775
chbant1,chbant1/XC424023.ogg,5.0,9.1332,-79.7195,birdclef-2025/train_audio/chbant1/XC424023.ogg,Aves,9.43021875
chbant1,chbant1/XC46870.ogg,5.0,8.1506,-77.9997,birdclef-2025/train_audio/chbant1/XC46870.ogg,Aves,10.9975625
chbant1,chbant1/XC496255.ogg,4.0,9.2423,-79.4011,birdclef-2025/train_audio/chbant1/XC496255.ogg,Aves,6.478
chbant1,chbant1/XC524428.ogg,4.0,-0.0444,-78.7576,birdclef-2025/train_audio/chbant1/XC524428.ogg,Aves,14.064
chbant1,chbant1/XC539601.ogg,5.0,7.347,-80.7851,birdclef-2025/train_audio/chbant1/XC539601.ogg,Aves,11.592
chbant1,chbant1/XC539667.ogg,5.0,7.347,-80.7851,birdclef-2025/train_audio/chbant1/XC539667.ogg,Aves,16.872
chbant1,chbant1/XC576862.ogg,5.0,9.794,-84.601,birdclef-2025/train_audio/chbant1/XC576862.ogg,Aves,13.3746875
chbant1,chbant1/XC71139.ogg,5.0,0.258,-79.192,birdclef-2025/train_audio/chbant1/XC71139.ogg,Aves,13.16571875
chbant1,chbant1/XC71273.ogg,4.0,0.2578,-79.192,birdclef-2025/train_audio/chbant1/XC71273.ogg,Aves,18.7036875
chbant1,chbant1/XC717361.ogg,4.0,10.7484,-85.0725,birdclef-2025/train_audio/chbant1/XC717361.ogg,Aves,18.991
chbant1,chbant1/XC730065.ogg,4.0,0.8501,-78.7667,birdclef-2025/train_audio/chbant1/XC730065.ogg,Aves,19.173
chbant1,chbant1/XC730066.ogg,4.0,0.8501,-78.7667,birdclef-2025/train_audio/chbant1/XC730066.ogg,Aves,14.08
chbant1,chbant1/XC730067.ogg,4.0,0.8501,-78.7667,birdclef-2025/train_audio/chbant1/XC730067.ogg,Aves,1.488
chbant1,chbant1/XC730068.ogg,4.0,0.8501,-78.7667,birdclef-2025/train_audio/chbant1/XC730068.ogg,Aves,19.513
chbant1,chbant1/XC730070.ogg,4.0,0.8501,-78.7667,birdclef-2025/train_audio/chbant1/XC730070.ogg,Aves,10.031
chbant1,chbant1/XC730072.ogg,4.0,0.8501,-78.7667,birdclef-2025/train_audio/chbant1/XC730072.ogg,Aves,13.531
chbant1,chbant1/XC750713.ogg,5.0,0.0304,-78.8665,birdclef-2025/train_audio/chbant1/XC750713.ogg,Aves,5.799
chbant1,chbant1/XC8082.ogg,4.0,0.0742,-78.9817,birdclef-2025/train_audio/chbant1/XC8082.ogg,Aves,14.41959375
chbant1,chbant1/XC843896.ogg,4.0,-0.0166,-78.9875,birdclef-2025/train_audio/chbant1/XC843896.ogg,Aves,15.07078125
chbant1,chbant1/XC928863.ogg,5.0,9.1441,-79.7274,birdclef-2025/train_audio/chbant1/XC928863.ogg,Aves,18.98790625
chfmac1,chfmac1/XC122271.ogg,4.5,-12.7945,-71.3979,birdclef-2025/train_audio/chfmac1/XC122271.ogg,Aves,14.256
chfmac1,chfmac1/XC129548.ogg,4.0,-12.0478,-69.6759,birdclef-2025/train_audio/chfmac1/XC129548.ogg,Aves,17.60653125
chfmac1,chfmac1/XC148326.ogg,4.0,7.8,-77.15,birdclef-2025/train_audio/chfmac1/XC148326.ogg,Aves,15.203
chfmac1,chfmac1/XC169985.ogg,4.0,-12.2417,-60.7141,birdclef-2025/train_audio/chfmac1/XC169985.ogg,Aves,16.824
chfmac1,chfmac1/XC1924.ogg,4.5,-14.6112,-61.1928,birdclef-2025/train_audio/chfmac1/XC1924.ogg,Aves,9.5085625
chfmac1,chfmac1/XC213007.ogg,5.0,-4.2603,-50.0235,birdclef-2025/train_audio/chfmac1/XC213007.ogg,Aves,17.304
chfmac1,chfmac1/XC238006.ogg,4.0,-0.655,-77.784,birdclef-2025/train_audio/chfmac1/XC238006.ogg,Aves,12.38203125
chfmac1,chfmac1/XC238009.ogg,4.0,-2.483,-77.0,birdclef-2025/train_audio/chfmac1/XC238009.ogg,Aves,19.40896875
chfmac1,chfmac1/XC244186.ogg,4.0,8.8211,-70.5013,birdclef-2025/train_audio/chfmac1/XC244186.ogg,Aves,14.49796875
chfmac1,chfmac1/XC245445.ogg,4.0,6.33,-71.77,birdclef-2025/train_audio/chfmac1/XC245445.ogg,Aves,12.24
chfmac1,chfmac1/XC246914.ogg,5.0,7.3682,-69.4407,birdclef-2025/train_audio/chfmac1/XC246914.ogg,Aves,18.86040625
chfmac1,chfmac1/XC246916.ogg,5.0,7.5637,-69.4968,birdclef-2025/train_audio/chfmac1/XC246916.ogg,Aves,14.91590625
chfmac1,chfmac1/XC257636.ogg,5.0,-0.523,-76.438,birdclef-2025/train_audio/chfmac1/XC257636.ogg,Aves,17.86775
chfmac1,chfmac1/XC257637.ogg,5.0,-0.601,-75.244,birdclef-2025/train_audio/chfmac1/XC257637.ogg,Aves,14.26284375
chfmac1,chfmac1/XC260387.ogg,5.0,0.083,-79.083,birdclef-2025/train_audio/chfmac1/XC260387.ogg,Aves,13.3485625
chfmac1,chfmac1/XC264417.ogg,5.0,-0.593,-79.363,birdclef-2025/train_audio/chfmac1/XC264417.ogg,Aves,18.93878125
chfmac1,chfmac1/XC290346.ogg,4.0,-16.9771,-65.4095,birdclef-2025/train_audio/chfmac1/XC290346.ogg,Aves,10.47509375
chfmac1,chfmac1/XC345000.ogg,4.0,-7.6484,-49.1995,birdclef-2025/train_audio/chfmac1/XC345000.ogg,Aves,18.0245
chfmac1,chfmac1/XC358766.ogg,4.0,-5.2036,-48.371,birdclef-2025/train_audio/chfmac1/XC358766.ogg,Aves,6.06040625
chfmac1,chfmac1/XC391235.ogg,4.0,-0.683,-77.6,birdclef-2025/train_audio/chfmac1/XC391235.ogg,Aves,12.95675
chfmac1,chfmac1/XC426194.ogg,5.0,2.5272,-72.8681,birdclef-2025/train_audio/chfmac1/XC426194.ogg,Aves,14.13225
chfmac1,chfmac1/XC442811.ogg,5.0,-14.6386,-66.2843,birdclef-2025/train_audio/chfmac1/XC442811.ogg,Aves,13.4269375
chfmac1,chfmac1/XC445697.ogg,4.0,-9.5987,-55.9367,birdclef-2025/train_audio/chfmac1/XC445697.ogg,Aves,17.4
chfmac1,chfmac1/XC465871.ogg,4.0,9.4788,-68.6019,birdclef-2025/train_audio/chfmac1/XC465871.ogg,Aves,19.01715625
chfmac1,chfmac1/XC475359.ogg,4.0,-0.4383,-76.2791,birdclef-2025/train_audio/chfmac1/XC475359.ogg,Aves,17.3714375
chfmac1,chfmac1/XC509491.ogg,5.0,10.469,-66.8362,birdclef-2025/train_audio/chfmac1/XC509491.ogg,Aves,19.7224375
chfmac1,chfmac1/XC549870.ogg,5.0,1.4898,-75.6801,birdclef-2025/train_audio/chfmac1/XC549870.ogg,Aves,13.32
chfmac1,chfmac1/XC561388.ogg,5.0,1.4898,-75.6801,birdclef-2025/train_audio/chfmac1/XC561388.ogg,Aves,15.288
chfmac1,chfmac1/XC63132.ogg,4.0,-11.8667,-71.3667,birdclef-2025/train_audio/chfmac1/XC63132.ogg,Aves,17.928
chfmac1,chfmac1/XC671314.ogg,5.0,-5.8266,-50.5929,birdclef-2025/train_audio/chfmac1/XC671314.ogg,Aves,12.456
chfmac1,chfmac1/XC689033.ogg,4.0,0.749,-50.2162,birdclef-2025/train_audio/chfmac1/XC689033.ogg,Aves,10.05715625
chfmac1,chfmac1/XC716854.ogg,5.0,-2.4239,-66.0769,birdclef-2025/train_audio/chfmac1/XC716854.ogg,Aves,18.0
chfmac1,chfmac1/XC764907.ogg,5.0,3.6267,-53.207,birdclef-2025/train_audio/chfmac1/XC764907.ogg,Aves,8.664
chfmac1,chfmac1/XC788509.ogg,5.0,10.4919,-66.8602,birdclef-2025/train_audio/chfmac1/XC788509.ogg,Aves,19.748
chfmac1,chfmac1/XC820348.ogg,4.0,9.392,-75.639,birdclef-2025/train_audio/chfmac1/XC820348.ogg,Aves,13.88340625
chfmac1,chfmac1/XC827036.ogg,5.0,-0.4776,-77.2936,birdclef-2025/train_audio/chfmac1/XC827036.ogg,Aves,19.853
chfmac1,chfmac1/XC827253.ogg,5.0,1.5118,-75.5255,birdclef-2025/train_audio/chfmac1/XC827253.ogg,Aves,17.12525
chfmac1,chfmac1/XC84912.ogg,4.0,-9.8781,-56.0981,birdclef-2025/train_audio/chfmac1/XC84912.ogg,Aves,11.23265625
chfmac1,chfmac1/XC860585.ogg,4.0,-10.8616,-65.9704,birdclef-2025/train_audio/chfmac1/XC860585.ogg,Aves,12.46996875
chfmac1,chfmac1/XC9283.ogg,5.0,-0.4,-76.333,birdclef-2025/train_audio/chfmac1/XC9283.ogg,Aves,7.444
chfmac1,chfmac1/XC928644.ogg,4.0,0.1219,-79.138,birdclef-2025/train_audio/chfmac1/XC928644.ogg,Aves,17.1885625
chfmac1,chfmac1/XC946026.ogg,4.0,3.5026,-76.3552,birdclef-2025/train_audio/chfmac1/XC946026.ogg,Aves,3.590125
chfmac1,chfmac1/XC946027.ogg,4.0,3.5026,-76.3552,birdclef-2025/train_audio/chfmac1/XC946027.ogg,Aves,1.5543125
chfmac1,chfmac1/XC946028.ogg,4.0,3.5026,-76.3552,birdclef-2025/train_audio/chfmac1/XC946028.ogg,Aves,10.6214375
chfmac1,chfmac1/XC962672.ogg,4.0,0.373,-79.6652,birdclef-2025/train_audio/chfmac1/XC962672.ogg,Aves,6.06040625
cinbec1,cinbec1/XC128024.ogg,4.0,0.12,-78.6484,birdclef-2025/train_audio/cinbec1/XC128024.ogg,Aves,10.152
cinbec1,cinbec1/XC166428.ogg,4.0,9.832,-83.5639,birdclef-2025/train_audio/cinbec1/XC166428.ogg,Aves,10.63184375
cinbec1,cinbec1/XC180488.ogg,4.0,10.4265,-84.0214,birdclef-2025/train_audio/cinbec1/XC180488.ogg,Aves,18.7036875
cinbec1,cinbec1/XC234375.ogg,4.0,8.7171,-71.3304,birdclef-2025/train_audio/cinbec1/XC234375.ogg,Aves,16.48325
cinbec1,cinbec1/XC234377.ogg,5.0,8.7171,-71.3304,birdclef-2025/train_audio/cinbec1/XC234377.ogg,Aves,9.11675
cinbec1,cinbec1/XC244187.ogg,5.0,8.7171,-71.3304,birdclef-2025/train_audio/cinbec1/XC244187.ogg,Aves,16.48325
cinbec1,cinbec1/XC248191.ogg,4.0,1.021,-78.608,birdclef-2025/train_audio/cinbec1/XC248191.ogg,Aves,4.31021875
cinbec1,cinbec1/XC248256.ogg,4.0,0.883,-78.514,birdclef-2025/train_audio/cinbec1/XC248256.ogg,Aves,13.5575625
cinbec1,cinbec1/XC248257.ogg,4.0,0.883,-78.514,birdclef-2025/train_audio/cinbec1/XC248257.ogg,Aves,5.32896875
cinbec1,cinbec1/XC262264.ogg,5.0,0.883,-78.8,birdclef-2025/train_audio/cinbec1/XC262264.ogg,Aves,13.84490625
cinbec1,cinbec1/XC308470.ogg,4.0,10.9818,-84.3358,birdclef-2025/train_audio/cinbec1/XC308470.ogg,Aves,2.638375
cinbec1,cinbec1/XC421809.ogg,4.0,1.6839,-78.7534,birdclef-2025/train_audio/cinbec1/XC421809.ogg,Aves,13.872
cinbec1,cinbec1/XC433494.ogg,4.0,6.6887,-75.8375,birdclef-2025/train_audio/cinbec1/XC433494.ogg,Aves,7.632
cinbec1,cinbec1/XC454263.ogg,5.0,9.1223,-79.7501,birdclef-2025/train_audio/cinbec1/XC454263.ogg,Aves,16.48325
cinbec1,cinbec1/XC654038.ogg,4.0,5.2745,-74.2712,birdclef-2025/train_audio/cinbec1/XC654038.ogg,Aves,6.816
cinbec1,cinbec1/XC654041.ogg,4.0,5.2745,-74.2713,birdclef-2025/train_audio/cinbec1/XC654041.ogg,Aves,11.76
cinbec1,cinbec1/XC7997.ogg,4.5,0.267,-79.2048,birdclef-2025/train_audio/cinbec1/XC7997.ogg,Aves,18.10284375
cinbec1,cinbec1/XC821382.ogg,5.0,-0.046,-78.7545,birdclef-2025/train_audio/cinbec1/XC821382.ogg,Aves,8.28821875
cinbec1,cinbec1/XC954891.ogg,4.0,9.8328,-83.5635,birdclef-2025/train_audio/cinbec1/XC954891.ogg,Aves,2.736
cocwoo1,cocwoo1/XC11212.ogg,4.0,9.1334,-79.6501,birdclef-2025/train_audio/cocwoo1/XC11212.ogg,Aves,7.392
cocwoo1,cocwoo1/XC11213.ogg,4.0,9.1334,-79.6501,birdclef-2025/train_audio/cocwoo1/XC11213.ogg,Aves,15.542
cocwoo1,cocwoo1/XC15001.ogg,4.0,10.7334,-61.2667,birdclef-2025/train_audio/cocwoo1/XC15001.ogg,Aves,19.59184375
cocwoo1,cocwoo1/XC165983.ogg,4.0,9.7751,-84.6167,birdclef-2025/train_audio/cocwoo1/XC165983.ogg,Aves,2.638375
cocwoo1,cocwoo1/XC165984.ogg,4.0,9.7751,-84.6167,birdclef-2025/train_audio/cocwoo1/XC165984.ogg,Aves,1.358375
cocwoo1,cocwoo1/XC166429.ogg,4.0,9.832,-83.5639,birdclef-2025/train_audio/cocwoo1/XC166429.ogg,Aves,2.22040625
cocwoo1,cocwoo1/XC166628.ogg,4.0,8.5264,-83.3951,birdclef-2025/train_audio/cocwoo1/XC166628.ogg,Aves,4.5453125
cocwoo1,cocwoo1/XC166629.ogg,4.0,8.5264,-83.3951,birdclef-2025/train_audio/cocwoo1/XC166629.ogg,Aves,8.2546875
cocwoo1,cocwoo1/XC182264.ogg,5.0,8.5264,-83.3951,birdclef-2025/train_audio/cocwoo1/XC182264.ogg,Aves,5.112
cocwoo1,cocwoo1/XC199018.ogg,5.0,9.1501,-79.8334,birdclef-2025/train_audio/cocwoo1/XC199018.ogg,Aves,4.848
cocwoo1,cocwoo1/XC254145.ogg,4.0,8.299,-70.0851,birdclef-2025/train_audio/cocwoo1/XC254145.ogg,Aves,10.3445
cocwoo1,cocwoo1/XC298281.ogg,4.0,5.0209,-74.302,birdclef-2025/train_audio/cocwoo1/XC298281.ogg,Aves,10.512
cocwoo1,cocwoo1/XC338417.ogg,5.0,9.832,-83.5639,birdclef-2025/train_audio/cocwoo1/XC338417.ogg,Aves,16.1436875
cocwoo1,cocwoo1/XC338418.ogg,4.0,9.832,-83.5639,birdclef-2025/train_audio/cocwoo1/XC338418.ogg,Aves,19.61796875
cocwoo1,cocwoo1/XC359311.ogg,4.0,8.8983,-79.5823,birdclef-2025/train_audio/cocwoo1/XC359311.ogg,Aves,8.1763125
cocwoo1,cocwoo1/XC359313.ogg,4.0,8.8983,-79.5823,birdclef-2025/train_audio/cocwoo1/XC359313.ogg,Aves,2.40325
cocwoo1,cocwoo1/XC368948.ogg,4.0,10.9749,-84.3373,birdclef-2025/train_audio/cocwoo1/XC368948.ogg,Aves,8.4375625
cocwoo1,cocwoo1/XC370683.ogg,4.0,10.9749,-84.3373,birdclef-2025/train_audio/cocwoo1/XC370683.ogg,Aves,2.27265625
cocwoo1,cocwoo1/XC408042.ogg,5.0,8.5244,-77.9879,birdclef-2025/train_audio/cocwoo1/XC408042.ogg,Aves,6.336
cocwoo1,cocwoo1/XC410265.ogg,4.0,9.0574,-79.6303,birdclef-2025/train_audio/cocwoo1/XC410265.ogg,Aves,12.192
cocwoo1,cocwoo1/XC456260.ogg,4.0,8.939,-78.465,birdclef-2025/train_audio/cocwoo1/XC456260.ogg,Aves,6.9485625
cocwoo1,cocwoo1/XC465216.ogg,5.0,9.7776,-84.3673,birdclef-2025/train_audio/cocwoo1/XC465216.ogg,Aves,19.61796875
cocwoo1,cocwoo1/XC500088.ogg,5.0,10.8896,-84.7854,birdclef-2025/train_audio/cocwoo1/XC500088.ogg,Aves,3.004
cocwoo1,cocwoo1/XC533967.ogg,4.0,4.351,-74.652,birdclef-2025/train_audio/cocwoo1/XC533967.ogg,Aves,10.29225
cocwoo1,cocwoo1/XC540288.ogg,5.0,8.6906,-83.6947,birdclef-2025/train_audio/cocwoo1/XC540288.ogg,Aves,17.057
cocwoo1,cocwoo1/XC540367.ogg,5.0,4.351,-74.652,birdclef-2025/train_audio/cocwoo1/XC540367.ogg,Aves,6.45225
cocwoo1,cocwoo1/XC572063.ogg,4.0,6.5796,-74.194,birdclef-2025/train_audio/cocwoo1/XC572063.ogg,Aves,7.83675
cocwoo1,cocwoo1/XC575255.ogg,5.0,9.1332,-79.7195,birdclef-2025/train_audio/cocwoo1/XC575255.ogg,Aves,5.381
cocwoo1,cocwoo1/XC631935.ogg,5.0,9.0895,-79.6621,birdclef-2025/train_audio/cocwoo1/XC631935.ogg,Aves,3.6
cocwoo1,cocwoo1/XC649291.ogg,5.0,7.1071,-73.3941,birdclef-2025/train_audio/cocwoo1/XC649291.ogg,Aves,3.696
cocwoo1,cocwoo1/XC679700.ogg,5.0,9.4844,-84.052,birdclef-2025/train_audio/cocwoo1/XC679700.ogg,Aves,18.6
cocwoo1,cocwoo1/XC729767.ogg,4.0,9.733,-84.59,birdclef-2025/train_audio/cocwoo1/XC729767.ogg,Aves,15.07265625
cocwoo1,cocwoo1/XC729768.ogg,4.0,9.733,-84.59,birdclef-2025/train_audio/cocwoo1/XC729768.ogg,Aves,5.45959375
cocwoo1,cocwoo1/XC8220.ogg,5.0,10.1667,-63.5501,birdclef-2025/train_audio/cocwoo1/XC8220.ogg,Aves,16.45715625
cocwoo1,cocwoo1/XC954892.ogg,4.0,9.8328,-83.5635,birdclef-2025/train_audio/cocwoo1/XC954892.ogg,Aves,6.34775
cocwoo1,cocwoo1/XC954893.ogg,4.0,9.8328,-83.5635,birdclef-2025/train_audio/cocwoo1/XC954893.ogg,Aves,5.6163125
cocwoo1,cocwoo1/XC954895.ogg,4.0,9.8328,-83.5635,birdclef-2025/train_audio/cocwoo1/XC954895.ogg,Aves,8.69878125
cocwoo1,cocwoo1/XC954896.ogg,4.0,9.8328,-83.5635,birdclef-2025/train_audio/cocwoo1/XC954896.ogg,Aves,4.5714375
colcha1,colcha1/XC198922.ogg,4.0,6.8709,-75.1037,birdclef-2025/train_audio/colcha1/XC198922.ogg,Aves,12.2253125
colcha1,colcha1/XC329361.ogg,4.0,6.8464,-73.3751,birdclef-2025/train_audio/colcha1/XC329361.ogg,Aves,15.177
colcha1,colcha1/XC341423.ogg,5.0,6.9862,-75.1251,birdclef-2025/train_audio/colcha1/XC341423.ogg,Aves,10.71021875
colcha1,colcha1/XC386844.ogg,4.0,5.775,-73.5507,birdclef-2025/train_audio/colcha1/XC386844.ogg,Aves,14.106125
colcha1,colcha1/XC45336.ogg,5.0,4.098,-75.6048,birdclef-2025/train_audio/colcha1/XC45336.ogg,Aves,9.84815625
colcha1,colcha1/XC532406.ogg,4.0,5.2461,-75.6853,birdclef-2025/train_audio/colcha1/XC532406.ogg,Aves,13.11346875
colcha1,colcha1/XC534012.ogg,5.0,6.9875,-75.1105,birdclef-2025/train_audio/colcha1/XC534012.ogg,Aves,14.001625
colcha1,colcha1/XC589611.ogg,5.0,2.1869,-75.5584,birdclef-2025/train_audio/colcha1/XC589611.ogg,Aves,14.6808125
colcha1,colcha1/XC589613.ogg,5.0,2.1869,-75.5584,birdclef-2025/train_audio/colcha1/XC589613.ogg,Aves,16.48325
colcha1,colcha1/XC673562.ogg,5.0,6.1628,-75.4077,birdclef-2025/train_audio/colcha1/XC673562.ogg,Aves,16.065
colcha1,colcha1/XC689291.ogg,5.0,6.4651,-75.7699,birdclef-2025/train_audio/colcha1/XC689291.ogg,Aves,15.02040625
colcha1,colcha1/XC694207.ogg,4.0,7.1038,-73.0855,birdclef-2025/train_audio/colcha1/XC694207.ogg,Aves,7.732
colcha1,colcha1/XC738014.ogg,5.0,4.4921,-75.2813,birdclef-2025/train_audio/colcha1/XC738014.ogg,Aves,15.816
colcha1,colcha1/XC774955.ogg,4.0,6.9223,-73.7684,birdclef-2025/train_audio/colcha1/XC774955.ogg,Aves,10.63184375
colcha1,colcha1/XC825918.ogg,4.0,5.0861,-74.7076,birdclef-2025/train_audio/colcha1/XC825918.ogg,Aves,17.53878125
colcha1,colcha1/XC843702.ogg,4.0,5.0876,-75.5025,birdclef-2025/train_audio/colcha1/XC843702.ogg,Aves,4.5859375
colcha1,colcha1/XC902501.ogg,4.0,6.2522,-75.6463,birdclef-2025/train_audio/colcha1/XC902501.ogg,Aves,7.95984375
compau,compau/XC112630.ogg,5.0,29.0511,-98.7779,birdclef-2025/train_audio/compau/XC112630.ogg,Aves,11.70284375
compau,compau/XC112631.ogg,5.0,29.0511,-98.7779,birdclef-2025/train_audio/compau/XC112631.ogg,Aves,14.158375
compau,compau/XC118231.ogg,4.0,-0.0523,-78.7764,birdclef-2025/train_audio/compau/XC118231.ogg,Aves,7.08
compau,compau/XC123378.ogg,5.0,-20.79,-42.8882,birdclef-2025/train_audio/compau/XC123378.ogg,Aves,18.4946875
compau,compau/XC124327.ogg,5.0,1.2198,-77.9852,birdclef-2025/train_audio/compau/XC124327.ogg,Aves,16.613875
compau,compau/XC126033.ogg,4.0,17.2273,-89.6081,birdclef-2025/train_audio/compau/XC126033.ogg,Aves,9.090625
compau,compau/XC126035.ogg,4.0,17.2273,-89.6081,birdclef-2025/train_audio/compau/XC126035.ogg,Aves,4.23184375
compau,compau/XC127527.ogg,5.0,9.125,-79.715,birdclef-2025/train_audio/compau/XC127527.ogg,Aves,11.424
compau,compau/XC127688.ogg,5.0,-12.2292,-69.3256,birdclef-2025/train_audio/compau/XC127688.ogg,Aves,19.53959375
compau,compau/XC145933.ogg,4.0,-19.5888,-56.0877,birdclef-2025/train_audio/compau/XC145933.ogg,Aves,14.94203125
compau,compau/XC146394.ogg,4.0,-22.898,-45.994,birdclef-2025/train_audio/compau/XC146394.ogg,Aves,17.76325
compau,compau/XC148609.ogg,5.0,-2.9578,-58.348,birdclef-2025/train_audio/compau/XC148609.ogg,Aves,10.944
compau,compau/XC1577.ogg,5.0,-17.4667,-63.6501,birdclef-2025/train_audio/compau/XC1577.ogg,Aves,5.48571875
compau,compau/XC174705.ogg,5.0,-28.9361,-49.4923,birdclef-2025/train_audio/compau/XC174705.ogg,Aves,14.7330625
compau,compau/XC186383.ogg,4.0,-9.3164,-35.4423,birdclef-2025/train_audio/compau/XC186383.ogg,Aves,9.6
compau,compau/XC196391.ogg,5.0,-3.3303,-39.2616,birdclef-2025/train_audio/compau/XC196391.ogg,Aves,7.68
compau,compau/XC213429.ogg,4.0,24.3667,-97.9984,birdclef-2025/train_audio/compau/XC213429.ogg,Aves,17.05796875
compau,compau/XC215199.ogg,4.0,-0.0523,-78.7764,birdclef-2025/train_audio/compau/XC215199.ogg,Aves,5.6163125
compau,compau/XC238686.ogg,4.0,0.45,-78.6,birdclef-2025/train_audio/compau/XC238686.ogg,Aves,15.9869375
compau,compau/XC238689.ogg,4.0,-4.037,-79.93,birdclef-2025/train_audio/compau/XC238689.ogg,Aves,9.79590625
compau,compau/XC238691.ogg,5.0,-3.232,-79.281,birdclef-2025/train_audio/compau/XC238691.ogg,Aves,14.52409375
compau,compau/XC252005.ogg,5.0,15.7391,-87.4536,birdclef-2025/train_audio/compau/XC252005.ogg,Aves,19.173875
compau,compau/XC257774.ogg,5.0,-0.051,-78.778,birdclef-2025/train_audio/compau/XC257774.ogg,Aves,8.12409375
compau,compau/XC261668.ogg,5.0,0.883,-78.8,birdclef-2025/train_audio/compau/XC261668.ogg,Aves,19.7485625
compau,compau/XC276986.ogg,4.0,26.5151,-99.1156,birdclef-2025/train_audio/compau/XC276986.ogg,Aves,18.552
compau,compau/XC278877.ogg,4.0,9.2845,-83.8608,birdclef-2025/train_audio/compau/XC278877.ogg,Aves,8.664
compau,compau/XC310847.ogg,5.0,5.6352,-75.8609,birdclef-2025/train_audio/compau/XC310847.ogg,Aves,16.666125
compau,compau/XC340145.ogg,4.0,-3.2965,-60.215,birdclef-2025/train_audio/compau/XC340145.ogg,Aves,10.968
compau,compau/XC350067.ogg,5.0,15.5958,-87.0617,birdclef-2025/train_audio/compau/XC350067.ogg,Aves,16.16978125
compau,compau/XC350068.ogg,5.0,15.5958,-87.0617,birdclef-2025/train_audio/compau/XC350068.ogg,Aves,16.43103125
compau,compau/XC359195.ogg,5.0,26.5647,-99.1269,birdclef-2025/train_audio/compau/XC359195.ogg,Aves,6.216
compau,compau/XC359450.ogg,4.0,26.5647,-99.1269,birdclef-2025/train_audio/compau/XC359450.ogg,Aves,10.32
compau,compau/XC359798.ogg,5.0,26.5647,-99.1269,birdclef-2025/train_audio/compau/XC359798.ogg,Aves,5.064
compau,compau/XC360145.ogg,4.0,26.5647,-99.1269,birdclef-2025/train_audio/compau/XC360145.ogg,Aves,8.856
compau,compau/XC387511.ogg,4.0,3.6167,-53.2001,birdclef-2025/train_audio/compau/XC387511.ogg,Aves,18.6514375
compau,compau/XC387953.ogg,5.0,-15.6421,-57.1899,birdclef-2025/train_audio/compau/XC387953.ogg,Aves,11.31103125
compau,compau/XC388101.ogg,4.0,-22.4508,-42.7735,birdclef-2025/train_audio/compau/XC388101.ogg,Aves,18.48
compau,compau/XC391227.ogg,4.0,-22.4508,-42.7735,birdclef-2025/train_audio/compau/XC391227.ogg,Aves,16.728
compau,compau/XC403925.ogg,4.0,-16.3458,-39.1395,birdclef-2025/train_audio/compau/XC403925.ogg,Aves,13.5836875
compau,compau/XC403926.ogg,5.0,-16.4314,-49.1459,birdclef-2025/train_audio/compau/XC403926.ogg,Aves,8.3330625
compau,compau/XC407118.ogg,5.0,-14.625,-49.0051,birdclef-2025/train_audio/compau/XC407118.ogg,Aves,9.29959375
compau,compau/XC421914.ogg,4.0,-16.3458,-39.1395,birdclef-2025/train_audio/compau/XC421914.ogg,Aves,9.14284375
compau,compau/XC437667.ogg,5.0,-18.1787,-47.8704,birdclef-2025/train_audio/compau/XC437667.ogg,Aves,16.992
compau,compau/XC449476.ogg,4.0,4.7216,-52.3073,birdclef-2025/train_audio/compau/XC449476.ogg,Aves,15.54284375
compau,compau/XC453546.ogg,5.0,-12.5687,-70.0928,birdclef-2025/train_audio/compau/XC453546.ogg,Aves,16.82284375
compau,compau/XC455493.ogg,5.0,17.9967,-94.5294,birdclef-2025/train_audio/compau/XC455493.ogg,Aves,17.031
compau,compau/XC456499.ogg,4.0,27.6415,-97.3197,birdclef-2025/train_audio/compau/XC456499.ogg,Aves,11.93796875
compau,compau/XC471323.ogg,4.0,-17.467,-63.65,birdclef-2025/train_audio/compau/XC471323.ogg,Aves,7.452
compau,compau/XC484108.ogg,5.0,-9.8,-70.07,birdclef-2025/train_audio/compau/XC484108.ogg,Aves,7.49715625
compau,compau/XC493218.ogg,4.5,-6.7455,-46.9907,birdclef-2025/train_audio/compau/XC493218.ogg,Aves,18.07675
compau,compau/XC493435.ogg,5.0,-6.3761,-47.1085,birdclef-2025/train_audio/compau/XC493435.ogg,Aves,19.14775
compau,compau/XC500143.ogg,5.0,9.4032,-83.6708,birdclef-2025/train_audio/compau/XC500143.ogg,Aves,18.7036875
compau,compau/XC538254.ogg,5.0,8.6372,-79.9003,birdclef-2025/train_audio/compau/XC538254.ogg,Aves,17.64
compau,compau/XC560641.ogg,5.0,4.351,-74.652,birdclef-2025/train_audio/compau/XC560641.ogg,Aves,12.2253125
compau,compau/XC630102.ogg,5.0,-23.4948,-48.4138,birdclef-2025/train_audio/compau/XC630102.ogg,Aves,13.426
compau,compau/XC654337.ogg,4.0,-16.7546,-56.8813,birdclef-2025/train_audio/compau/XC654337.ogg,Aves,8.09796875
compau,compau/XC677690.ogg,5.0,-22.9437,-45.6758,birdclef-2025/train_audio/compau/XC677690.ogg,Aves,3.1085625
compau,compau/XC687806.ogg,5.0,-23.6521,-46.6919,birdclef-2025/train_audio/compau/XC687806.ogg,Aves,17.16
compau,compau/XC691959.ogg,5.0,-16.0538,-49.604,birdclef-2025/train_audio/compau/XC691959.ogg,Aves,19.04325
compau,compau/XC699174.ogg,5.0,-22.9448,-43.0859,birdclef-2025/train_audio/compau/XC699174.ogg,Aves,12.956
compau,compau/XC706339.ogg,5.0,-0.6097,-72.3841,birdclef-2025/train_audio/compau/XC706339.ogg,Aves,19.9575625
compau,compau/XC710908.ogg,5.0,-16.5849,-49.1211,birdclef-2025/train_audio/compau/XC710908.ogg,Aves,10.318375
compau,compau/XC713774.ogg,4.0,-7.4494,-73.6706,birdclef-2025/train_audio/compau/XC713774.ogg,Aves,17.55428125
compau,compau/XC737382.ogg,4.0,-17.1888,-48.7335,birdclef-2025/train_audio/compau/XC737382.ogg,Aves,16.5355
compau,compau/XC737384.ogg,5.0,-17.1888,-48.7335,birdclef-2025/train_audio/compau/XC737384.ogg,Aves,7.83675
compau,compau/XC743971.ogg,5.0,-16.5456,-49.1572,birdclef-2025/train_audio/compau/XC743971.ogg,Aves,13.5575625
compau,compau/XC800289.ogg,5.0,-16.4727,-49.4959,birdclef-2025/train_audio/compau/XC800289.ogg,Aves,8.933875
compau,compau/XC806082.ogg,5.0,21.6218,-106.5455,birdclef-2025/train_audio/compau/XC806082.ogg,Aves,9.22121875
compau,compau/XC810428.ogg,5.0,-16.0538,-49.604,birdclef-2025/train_audio/compau/XC810428.ogg,Aves,18.78203125
compau,compau/XC812658.ogg,4.0,4.4058,-57.2308,birdclef-2025/train_audio/compau/XC812658.ogg,Aves,18.57821875
compau,compau/XC834186.ogg,4.0,-9.4642,-50.0895,birdclef-2025/train_audio/compau/XC834186.ogg,Aves,15.56484375
compau,compau/XC841534.ogg,5.0,-24.5989,-48.3399,birdclef-2025/train_audio/compau/XC841534.ogg,Aves,14.02775
compau,compau/XC85242.ogg,4.0,-23.4727,-45.1892,birdclef-2025/train_audio/compau/XC85242.ogg,Aves,12.3036875
compau,compau/XC860526.ogg,4.0,8.6999,-83.2042,birdclef-2025/train_audio/compau/XC860526.ogg,Aves,13.087
compau,compau/XC861438.ogg,4.0,25.3559,-99.4773,birdclef-2025/train_audio/compau/XC861438.ogg,Aves,8.568
compau,compau/XC872953.ogg,4.0,-25.6005,-54.5512,birdclef-2025/train_audio/compau/XC872953.ogg,Aves,10.98575
compau,compau/XC8838.ogg,4.0,20.491,-87.7315,birdclef-2025/train_audio/compau/XC8838.ogg,Aves,12.46
compau,compau/XC884623.ogg,5.0,0.0797,-78.6838,birdclef-2025/train_audio/compau/XC884623.ogg,Aves,15.5893125
compau,compau/XC901181.ogg,5.0,-13.8891,-50.1832,birdclef-2025/train_audio/compau/XC901181.ogg,Aves,6.191
compau,compau/XC908999.ogg,4.0,25.6222,-100.502,birdclef-2025/train_audio/compau/XC908999.ogg,Aves,1.392
compau,compau/XC913409.ogg,5.0,16.8999,-93.2289,birdclef-2025/train_audio/compau/XC913409.ogg,Aves,13.3170625
compau,compau/XC943093.ogg,5.0,6.0529,-74.6646,birdclef-2025/train_audio/compau/XC943093.ogg,Aves,15.11459375
compau,compau/XC955125.ogg,4.0,10.1564,-84.9239,birdclef-2025/train_audio/compau/XC955125.ogg,Aves,19.6963125
compau,compau/XC955147.ogg,4.0,16.0558,-97.1888,birdclef-2025/train_audio/compau/XC955147.ogg,Aves,11.78121875
compau,compau/XC957234.ogg,5.0,-5.9487,-76.2317,birdclef-2025/train_audio/compau/XC957234.ogg,Aves,15.192
compot1,compot1/XC172858.ogg,4.0,-26.9106,-48.671,birdclef-2025/train_audio/compot1/XC172858.ogg,Aves,5.198
compot1,compot1/XC206619.ogg,5.0,-32.144,-53.728,birdclef-2025/train_audio/compot1/XC206619.ogg,Aves,12.0424375
compot1,compot1/XC215197.ogg,5.0,-0.0523,-78.7764,birdclef-2025/train_audio/compot1/XC215197.ogg,Aves,5.2245
compot1,compot1/XC216377.ogg,4.0,-32.144,-53.728,birdclef-2025/train_audio/compot1/XC216377.ogg,Aves,14.23675
compot1,compot1/XC232651.ogg,5.0,-1.2667,-62.2167,birdclef-2025/train_audio/compot1/XC232651.ogg,Aves,7.653875
compot1,compot1/XC238679.ogg,4.0,0.83,-78.051,birdclef-2025/train_audio/compot1/XC238679.ogg,Aves,8.4375625
compot1,compot1/XC251264.ogg,4.0,-0.712,-77.741,birdclef-2025/train_audio/compot1/XC251264.ogg,Aves,8.8555
compot1,compot1/XC253138.ogg,4.0,-22.4508,-42.7735,birdclef-2025/train_audio/compot1/XC253138.ogg,Aves,5.9036875
compot1,compot1/XC281886.ogg,4.5,-22.4805,-42.7612,birdclef-2025/train_audio/compot1/XC281886.ogg,Aves,6.9485625
compot1,compot1/XC318820.ogg,4.0,-2.5121,-54.9641,birdclef-2025/train_audio/compot1/XC318820.ogg,Aves,11.088
compot1,compot1/XC335210.ogg,4.0,6.0462,-74.282,birdclef-2025/train_audio/compot1/XC335210.ogg,Aves,15.69959375
compot1,compot1/XC336341.ogg,5.0,3.3039,-73.3615,birdclef-2025/train_audio/compot1/XC336341.ogg,Aves,10.296
compot1,compot1/XC352274.ogg,4.0,-23.3192,-44.9093,birdclef-2025/train_audio/compot1/XC352274.ogg,Aves,7.0008125
compot1,compot1/XC365172.ogg,4.0,-32.144,-53.728,birdclef-2025/train_audio/compot1/XC365172.ogg,Aves,14.26284375
compot1,compot1/XC393360.ogg,4.0,-2.4042,-59.8673,birdclef-2025/train_audio/compot1/XC393360.ogg,Aves,9.012
compot1,compot1/XC415537.ogg,5.0,-14.625,-49.0051,birdclef-2025/train_audio/compot1/XC415537.ogg,Aves,6.00815625
compot1,compot1/XC427711.ogg,4.0,-1.4916,-48.3107,birdclef-2025/train_audio/compot1/XC427711.ogg,Aves,6.21715625
compot1,compot1/XC436506.ogg,4.0,-16.5631,-49.285,birdclef-2025/train_audio/compot1/XC436506.ogg,Aves,4.4146875
compot1,compot1/XC447764.ogg,4.0,-26.6291,-55.6646,birdclef-2025/train_audio/compot1/XC447764.ogg,Aves,14.592
compot1,compot1/XC447887.ogg,4.0,-22.8842,-48.4442,birdclef-2025/train_audio/compot1/XC447887.ogg,Aves,7.157
compot1,compot1/XC465088.ogg,4.0,3.5845,-76.8874,birdclef-2025/train_audio/compot1/XC465088.ogg,Aves,10.8408125
compot1,compot1/XC497128.ogg,4.0,-4.2889,-70.2948,birdclef-2025/train_audio/compot1/XC497128.ogg,Aves,8.933875
compot1,compot1/XC506962.ogg,4.0,4.7175,-75.6242,birdclef-2025/train_audio/compot1/XC506962.ogg,Aves,6.269375
compot1,compot1/XC506963.ogg,4.0,4.7175,-75.6242,birdclef-2025/train_audio/compot1/XC506963.ogg,Aves,6.06040625
compot1,compot1/XC518069.ogg,4.0,6.165,-73.1375,birdclef-2025/train_audio/compot1/XC518069.ogg,Aves,19.61796875
compot1,compot1/XC549966.ogg,5.0,1.4898,-75.6801,birdclef-2025/train_audio/compot1/XC549966.ogg,Aves,9.72
compot1,compot1/XC551367.ogg,5.0,-14.3834,-40.2001,birdclef-2025/train_audio/compot1/XC551367.ogg,Aves,17.50203125
compot1,compot1/XC589881.ogg,5.0,-25.5163,-54.5854,birdclef-2025/train_audio/compot1/XC589881.ogg,Aves,13.08734375
compot1,compot1/XC603961.ogg,4.0,-32.6221,-58.1746,birdclef-2025/train_audio/compot1/XC603961.ogg,Aves,6.55675
compot1,compot1/XC673070.ogg,4.0,-23.6521,-46.6919,birdclef-2025/train_audio/compot1/XC673070.ogg,Aves,14.28
compot1,compot1/XC681110.ogg,5.0,-22.3926,-42.3662,birdclef-2025/train_audio/compot1/XC681110.ogg,Aves,9.116
compot1,compot1/XC709077.ogg,4.0,-0.4714,-76.4603,birdclef-2025/train_audio/compot1/XC709077.ogg,Aves,4.04896875
compot1,compot1/XC712920.ogg,4.0,-7.2632,-39.4297,birdclef-2025/train_audio/compot1/XC712920.ogg,Aves,17.815
compot1,compot1/XC735426.ogg,4.5,-16.5849,-49.1211,birdclef-2025/train_audio/compot1/XC735426.ogg,Aves,6.58284375
compot1,compot1/XC770501.ogg,5.0,-14.5689,-40.3295,birdclef-2025/train_audio/compot1/XC770501.ogg,Aves,5.64259375
compot1,compot1/XC770502.ogg,5.0,-14.5688,-40.3285,birdclef-2025/train_audio/compot1/XC770502.ogg,Aves,3.74690625
compot1,compot1/XC775504.ogg,4.0,-0.9172,-75.5323,birdclef-2025/train_audio/compot1/XC775504.ogg,Aves,11.93796875
compot1,compot1/XC934762.ogg,4.0,5.2313,-52.8547,birdclef-2025/train_audio/compot1/XC934762.ogg,Aves,8.77625
compot1,compot1/XC946166.ogg,4.0,3.5026,-76.3552,birdclef-2025/train_audio/compot1/XC946166.ogg,Aves,14.820875
compot1,compot1/XC946167.ogg,4.0,3.5026,-76.3552,birdclef-2025/train_audio/compot1/XC946167.ogg,Aves,7.2343125
cotfly1,cotfly1/XC118989.ogg,4.0,-6.1802,-50.2968,birdclef-2025/train_audio/cotfly1/XC118989.ogg,Aves,9.038375
cotfly1,cotfly1/XC121450.ogg,5.0,4.6197,-75.851,birdclef-2025/train_audio/cotfly1/XC121450.ogg,Aves,8.96
cotfly1,cotfly1/XC123385.ogg,4.0,-19.8189,-40.2739,birdclef-2025/train_audio/cotfly1/XC123385.ogg,Aves,4.17959375
cotfly1,cotfly1/XC123386.ogg,4.0,-19.8189,-40.2739,birdclef-2025/train_audio/cotfly1/XC123386.ogg,Aves,7.1053125
cotfly1,cotfly1/XC137701.ogg,4.0,10.2993,-84.8174,birdclef-2025/train_audio/cotfly1/XC137701.ogg,Aves,9.216
cotfly1,cotfly1/XC148258.ogg,5.0,4.2642,-73.05,birdclef-2025/train_audio/cotfly1/XC148258.ogg,Aves,17.893
cotfly1,cotfly1/XC154494.ogg,4.0,-15.8219,-47.9114,birdclef-2025/train_audio/cotfly1/XC154494.ogg,Aves,9.5346875
cotfly1,cotfly1/XC163150.ogg,4.0,-23.895,-46.4253,birdclef-2025/train_audio/cotfly1/XC163150.ogg,Aves,3.2391875
cotfly1,cotfly1/XC173371.ogg,4.0,-20.1774,-45.7082,birdclef-2025/train_audio/cotfly1/XC173371.ogg,Aves,17.084
cotfly1,cotfly1/XC173977.ogg,4.0,-27.3536,-49.348,birdclef-2025/train_audio/cotfly1/XC173977.ogg,Aves,14.868
cotfly1,cotfly1/XC180508.ogg,4.0,9.7802,-84.5537,birdclef-2025/train_audio/cotfly1/XC180508.ogg,Aves,6.66121875
cotfly1,cotfly1/XC245068.ogg,4.0,7.0,-75.4482,birdclef-2025/train_audio/cotfly1/XC245068.ogg,Aves,19.2
cotfly1,cotfly1/XC248246.ogg,4.5,0.9,-79.8,birdclef-2025/train_audio/cotfly1/XC248246.ogg,Aves,11.389375
cotfly1,cotfly1/XC249940.ogg,4.5,-2.55,-77.9,birdclef-2025/train_audio/cotfly1/XC249940.ogg,Aves,15.56896875
cotfly1,cotfly1/XC250162.ogg,5.0,-3.621,-80.172,birdclef-2025/train_audio/cotfly1/XC250162.ogg,Aves,6.06040625
cotfly1,cotfly1/XC250401.ogg,5.0,-4.663,-79.145,birdclef-2025/train_audio/cotfly1/XC250401.ogg,Aves,11.04978125
cotfly1,cotfly1/XC256859.ogg,4.0,18.0024,-94.5653,birdclef-2025/train_audio/cotfly1/XC256859.ogg,Aves,14.96815625
cotfly1,cotfly1/XC256860.ogg,5.0,18.0024,-94.5653,birdclef-2025/train_audio/cotfly1/XC256860.ogg,Aves,13.08734375
cotfly1,cotfly1/XC258794.ogg,5.0,-4.667,-79.133,birdclef-2025/train_audio/cotfly1/XC258794.ogg,Aves,17.789375
cotfly1,cotfly1/XC258795.ogg,5.0,-4.867,-79.117,birdclef-2025/train_audio/cotfly1/XC258795.ogg,Aves,9.7175625
cotfly1,cotfly1/XC258797.ogg,5.0,-0.703,-80.2,birdclef-2025/train_audio/cotfly1/XC258797.ogg,Aves,10.9453125
cotfly1,cotfly1/XC258798.ogg,4.5,-1.673,-80.786,birdclef-2025/train_audio/cotfly1/XC258798.ogg,Aves,14.5763125
cotfly1,cotfly1/XC258800.ogg,5.0,-0.703,-80.2,birdclef-2025/train_audio/cotfly1/XC258800.ogg,Aves,11.72896875
cotfly1,cotfly1/XC258801.ogg,5.0,-0.703,-80.2,birdclef-2025/train_audio/cotfly1/XC258801.ogg,Aves,9.37796875
cotfly1,cotfly1/XC262190.ogg,5.0,0.883,-78.8,birdclef-2025/train_audio/cotfly1/XC262190.ogg,Aves,8.54203125
cotfly1,cotfly1/XC262191.ogg,5.0,0.883,-78.8,birdclef-2025/train_audio/cotfly1/XC262191.ogg,Aves,10.68409375
cotfly1,cotfly1/XC283912.ogg,4.0,-15.5999,-44.4103,birdclef-2025/train_audio/cotfly1/XC283912.ogg,Aves,8.69878125
cotfly1,cotfly1/XC286809.ogg,4.0,-22.4508,-42.7735,birdclef-2025/train_audio/cotfly1/XC286809.ogg,Aves,5.6424375
cotfly1,cotfly1/XC309045.ogg,5.0,-26.6806,-51.7236,birdclef-2025/train_audio/cotfly1/XC309045.ogg,Aves,16.128
cotfly1,cotfly1/XC312368.ogg,4.0,11.006,-74.6834,birdclef-2025/train_audio/cotfly1/XC312368.ogg,Aves,16.992
cotfly1,cotfly1/XC320363.ogg,4.0,4.8478,-73.2643,birdclef-2025/train_audio/cotfly1/XC320363.ogg,Aves,14.208
cotfly1,cotfly1/XC326896.ogg,4.0,4.8695,-73.2549,birdclef-2025/train_audio/cotfly1/XC326896.ogg,Aves,14.208
cotfly1,cotfly1/XC331449.ogg,4.0,10.4347,-84.7095,birdclef-2025/train_audio/cotfly1/XC331449.ogg,Aves,15.024
cotfly1,cotfly1/XC331714.ogg,5.0,18.0357,-94.4722,birdclef-2025/train_audio/cotfly1/XC331714.ogg,Aves,7.34040625
cotfly1,cotfly1/XC345789.ogg,5.0,-4.7533,-79.0515,birdclef-2025/train_audio/cotfly1/XC345789.ogg,Aves,14.41959375
cotfly1,cotfly1/XC349935.ogg,5.0,13.978,-86.9866,birdclef-2025/train_audio/cotfly1/XC349935.ogg,Aves,15.04653125
cotfly1,cotfly1/XC353397.ogg,4.0,6.9599,-75.0586,birdclef-2025/train_audio/cotfly1/XC353397.ogg,Aves,15.751
cotfly1,cotfly1/XC357110.ogg,4.0,9.0095,-79.4684,birdclef-2025/train_audio/cotfly1/XC357110.ogg,Aves,14.08
cotfly1,cotfly1/XC362987.ogg,5.0,11.9929,-86.251,birdclef-2025/train_audio/cotfly1/XC362987.ogg,Aves,13.5836875
cotfly1,cotfly1/XC389043.ogg,4.0,-21.6239,-46.5224,birdclef-2025/train_audio/cotfly1/XC389043.ogg,Aves,5.88
cotfly1,cotfly1/XC394394.ogg,4.0,-20.4518,-54.565,birdclef-2025/train_audio/cotfly1/XC394394.ogg,Aves,4.70203125
cotfly1,cotfly1/XC414205.ogg,5.0,-16.6003,-49.2802,birdclef-2025/train_audio/cotfly1/XC414205.ogg,Aves,10.55346875
cotfly1,cotfly1/XC424491.ogg,5.0,4.371,-75.2307,birdclef-2025/train_audio/cotfly1/XC424491.ogg,Aves,7.8
cotfly1,cotfly1/XC438444.ogg,5.0,4.5801,-74.5371,birdclef-2025/train_audio/cotfly1/XC438444.ogg,Aves,5.799
cotfly1,cotfly1/XC451214.ogg,4.0,4.5069,-74.5249,birdclef-2025/train_audio/cotfly1/XC451214.ogg,Aves,6.765
cotfly1,cotfly1/XC453798.ogg,5.0,10.2828,-84.798,birdclef-2025/train_audio/cotfly1/XC453798.ogg,Aves,8.986125
cotfly1,cotfly1/XC455488.ogg,4.0,17.9967,-94.5294,birdclef-2025/train_audio/cotfly1/XC455488.ogg,Aves,2.037
cotfly1,cotfly1/XC457243.ogg,5.0,4.843,-75.8187,birdclef-2025/train_audio/cotfly1/XC457243.ogg,Aves,11.85959375
cotfly1,cotfly1/XC459561.ogg,5.0,-22.2728,-48.1249,birdclef-2025/train_audio/cotfly1/XC459561.ogg,Aves,8.064
cotfly1,cotfly1/XC468129.ogg,5.0,-22.28,-48.1256,birdclef-2025/train_audio/cotfly1/XC468129.ogg,Aves,7.776
cotfly1,cotfly1/XC497160.ogg,4.0,-22.6844,-48.1141,birdclef-2025/train_audio/cotfly1/XC497160.ogg,Aves,12.0163125
cotfly1,cotfly1/XC500085.ogg,4.0,10.8896,-84.7854,birdclef-2025/train_audio/cotfly1/XC500085.ogg,Aves,4.519
cotfly1,cotfly1/XC521149.ogg,4.0,4.5646,-74.9392,birdclef-2025/train_audio/cotfly1/XC521149.ogg,Aves,3.648
cotfly1,cotfly1/XC524950.ogg,4.0,-16.3875,-39.1689,birdclef-2025/train_audio/cotfly1/XC524950.ogg,Aves,6.55675
cotfly1,cotfly1/XC562909.ogg,4.5,9.0095,-79.4684,birdclef-2025/train_audio/cotfly1/XC562909.ogg,Aves,7.68
cotfly1,cotfly1/XC588463.ogg,4.0,1.6839,-78.7534,birdclef-2025/train_audio/cotfly1/XC588463.ogg,Aves,12.643
cotfly1,cotfly1/XC597981.ogg,4.0,-22.9434,-43.0763,birdclef-2025/train_audio/cotfly1/XC597981.ogg,Aves,3.696
cotfly1,cotfly1/XC609692.ogg,5.0,-16.5631,-49.285,birdclef-2025/train_audio/cotfly1/XC609692.ogg,Aves,3.99675
cotfly1,cotfly1/XC649369.ogg,5.0,5.2724,-74.2743,birdclef-2025/train_audio/cotfly1/XC649369.ogg,Aves,9.552
cotfly1,cotfly1/XC653734.ogg,4.0,5.2749,-74.2706,birdclef-2025/train_audio/cotfly1/XC653734.ogg,Aves,8.28
cotfly1,cotfly1/XC654068.ogg,4.0,5.2486,-74.2618,birdclef-2025/train_audio/cotfly1/XC654068.ogg,Aves,11.784
cotfly1,cotfly1/XC661682.ogg,4.0,-22.9982,-43.3706,birdclef-2025/train_audio/cotfly1/XC661682.ogg,Aves,5.16
cotfly1,cotfly1/XC709708.ogg,4.0,3.5316,-73.4018,birdclef-2025/train_audio/cotfly1/XC709708.ogg,Aves,8.56815625
cotfly1,cotfly1/XC720682.ogg,4.0,-16.7573,-56.8764,birdclef-2025/train_audio/cotfly1/XC720682.ogg,Aves,18.4424375
cotfly1,cotfly1/XC744332.ogg,5.0,-21.2439,-48.2932,birdclef-2025/train_audio/cotfly1/XC744332.ogg,Aves,6.426
cotfly1,cotfly1/XC769819.ogg,4.5,-6.3443,-47.3633,birdclef-2025/train_audio/cotfly1/XC769819.ogg,Aves,4.4408125
cotfly1,cotfly1/XC772530.ogg,4.5,-16.4353,-49.3948,birdclef-2025/train_audio/cotfly1/XC772530.ogg,Aves,8.80325
cotfly1,cotfly1/XC773904.ogg,4.0,10.2993,-84.8174,birdclef-2025/train_audio/cotfly1/XC773904.ogg,Aves,4.99996875
cotfly1,cotfly1/XC774790.ogg,4.0,-0.0547,-78.7716,birdclef-2025/train_audio/cotfly1/XC774790.ogg,Aves,14.8088125
cotfly1,cotfly1/XC775128.ogg,5.0,-16.5631,-49.285,birdclef-2025/train_audio/cotfly1/XC775128.ogg,Aves,6.8963125
cotfly1,cotfly1/XC800250.ogg,5.0,-16.4727,-49.4959,birdclef-2025/train_audio/cotfly1/XC800250.ogg,Aves,6.84409375
cotfly1,cotfly1/XC800318.ogg,5.0,-16.4727,-49.4959,birdclef-2025/train_audio/cotfly1/XC800318.ogg,Aves,6.321625
cotfly1,cotfly1/XC800362.ogg,5.0,-16.4727,-49.4959,birdclef-2025/train_audio/cotfly1/XC800362.ogg,Aves,4.3624375
cotfly1,cotfly1/XC811928.ogg,5.0,-16.9039,-49.2218,birdclef-2025/train_audio/cotfly1/XC811928.ogg,Aves,3.65715625
cotfly1,cotfly1/XC816664.ogg,4.0,3.6026,-76.4597,birdclef-2025/train_audio/cotfly1/XC816664.ogg,Aves,10.42284375
cotfly1,cotfly1/XC817211.ogg,5.0,-6.7131,-47.017,birdclef-2025/train_audio/cotfly1/XC817211.ogg,Aves,17.946125
cotfly1,cotfly1/XC81723.ogg,4.5,-8.5001,-40.4334,birdclef-2025/train_audio/cotfly1/XC81723.ogg,Aves,7.706125
cotfly1,cotfly1/XC831109.ogg,4.5,-8.4577,-34.9918,birdclef-2025/train_audio/cotfly1/XC831109.ogg,Aves,17.867
cotfly1,cotfly1/XC838747.ogg,5.0,10.8564,-68.3634,birdclef-2025/train_audio/cotfly1/XC838747.ogg,Aves,3.709375
cotfly1,cotfly1/XC872653.ogg,4.5,-16.6101,-50.2978,birdclef-2025/train_audio/cotfly1/XC872653.ogg,Aves,15.647
cotfly1,cotfly1/XC884413.ogg,4.0,-14.917,-51.0755,birdclef-2025/train_audio/cotfly1/XC884413.ogg,Aves,2.873
cotfly1,cotfly1/XC895847.ogg,4.0,-8.5428,-40.1685,birdclef-2025/train_audio/cotfly1/XC895847.ogg,Aves,13.99896875
cotfly1,cotfly1/XC915966.ogg,5.0,4.0744,-73.5829,birdclef-2025/train_audio/cotfly1/XC915966.ogg,Aves,10.96271875
cotfly1,cotfly1/XC921845.ogg,4.5,-16.4353,-49.3948,birdclef-2025/train_audio/cotfly1/XC921845.ogg,Aves,5.511
cotfly1,cotfly1/XC928874.ogg,4.0,0.1284,-79.1418,birdclef-2025/train_audio/cotfly1/XC928874.ogg,Aves,10.318375
cotfly1,cotfly1/XC933266.ogg,5.0,0.082,-79.0561,birdclef-2025/train_audio/cotfly1/XC933266.ogg,Aves,10.42284375
cotfly1,cotfly1/XC946269.ogg,4.0,3.5026,-76.3552,birdclef-2025/train_audio/cotfly1/XC946269.ogg,Aves,4.350375
cotfly1,cotfly1/XC946270.ogg,4.0,3.5026,-76.3552,birdclef-2025/train_audio/cotfly1/XC946270.ogg,Aves,7.03784375
cotfly1,cotfly1/XC946271.ogg,4.0,3.5026,-76.3552,birdclef-2025/train_audio/cotfly1/XC946271.ogg,Aves,5.22325
cotfly1,cotfly1/XC946272.ogg,4.0,3.5026,-76.3552,birdclef-2025/train_audio/cotfly1/XC946272.ogg,Aves,3.9066875
cotfly1,cotfly1/XC946830.ogg,5.0,6.271,-75.564,birdclef-2025/train_audio/cotfly1/XC946830.ogg,Aves,19.939875
cotfly1,cotfly1/XC954900.ogg,4.0,9.8328,-83.5635,birdclef-2025/train_audio/cotfly1/XC954900.ogg,Aves,7.176
cotfly1,cotfly1/XC954901.ogg,4.0,9.8328,-83.5635,birdclef-2025/train_audio/cotfly1/XC954901.ogg,Aves,4.80653125
cotfly1,cotfly1/XC955364.ogg,5.0,0.373,-79.6652,birdclef-2025/train_audio/cotfly1/XC955364.ogg,Aves,6.46675
cotfly1,cotfly1/XC959120.ogg,5.0,-27.3597,-55.9097,birdclef-2025/train_audio/cotfly1/XC959120.ogg,Aves,11.1
cotfly1,cotfly1/XC959485.ogg,4.0,-1.9928,-80.423,birdclef-2025/train_audio/cotfly1/XC959485.ogg,Aves,2.82121875
cotfly1,cotfly1/XC959510.ogg,5.0,-27.3597,-55.9097,birdclef-2025/train_audio/cotfly1/XC959510.ogg,Aves,12.00471875
crcwoo1,crcwoo1/XC10755.ogg,4.0,11.1009,-74.072,birdclef-2025/train_audio/crcwoo1/XC10755.ogg,Aves,8.8555
crcwoo1,crcwoo1/XC119916.ogg,4.0,-9.2485,-64.4897,birdclef-2025/train_audio/crcwoo1/XC119916.ogg,Aves,16.0391875
crcwoo1,crcwoo1/XC121256.ogg,4.0,-12.6162,-47.8836,birdclef-2025/train_audio/crcwoo1/XC121256.ogg,Aves,19.53959375
crcwoo1,crcwoo1/XC135209.ogg,4.0,9.166,-79.404,birdclef-2025/train_audio/crcwoo1/XC135209.ogg,Aves,2.19428125
crcwoo1,crcwoo1/XC143386.ogg,4.0,-10.1453,-67.7537,birdclef-2025/train_audio/crcwoo1/XC143386.ogg,Aves,14.328
crcwoo1,crcwoo1/XC14691.ogg,5.0,-1.1048,-76.7317,birdclef-2025/train_audio/crcwoo1/XC14691.ogg,Aves,5.32896875
crcwoo1,crcwoo1/XC148606.ogg,4.0,-2.9578,-58.348,birdclef-2025/train_audio/crcwoo1/XC148606.ogg,Aves,14.736
crcwoo1,crcwoo1/XC167559.ogg,4.0,9.166,-79.404,birdclef-2025/train_audio/crcwoo1/XC167559.ogg,Aves,18.91265625
crcwoo1,crcwoo1/XC197472.ogg,5.0,8.8211,-70.5013,birdclef-2025/train_audio/crcwoo1/XC197472.ogg,Aves,14.96815625
crcwoo1,crcwoo1/XC212052.ogg,4.0,-13.7349,-46.3569,birdclef-2025/train_audio/crcwoo1/XC212052.ogg,Aves,15.444
crcwoo1,crcwoo1/XC238092.ogg,4.0,-1.542,-77.751,birdclef-2025/train_audio/crcwoo1/XC238092.ogg,Aves,13.949375
crcwoo1,crcwoo1/XC245013.ogg,5.0,4.7,-73.85,birdclef-2025/train_audio/crcwoo1/XC245013.ogg,Aves,9.87428125
crcwoo1,crcwoo1/XC245357.ogg,4.0,6.28,-71.77,birdclef-2025/train_audio/crcwoo1/XC245357.ogg,Aves,9.288
crcwoo1,crcwoo1/XC245369.ogg,4.0,6.28,-71.77,birdclef-2025/train_audio/crcwoo1/XC245369.ogg,Aves,8.016
crcwoo1,crcwoo1/XC258072.ogg,5.0,-0.498,-76.373,birdclef-2025/train_audio/crcwoo1/XC258072.ogg,Aves,18.33796875
crcwoo1,crcwoo1/XC258074.ogg,5.0,-0.498,-76.373,birdclef-2025/train_audio/crcwoo1/XC258074.ogg,Aves,8.69878125
crcwoo1,crcwoo1/XC275798.ogg,4.0,-0.731,-77.569,birdclef-2025/train_audio/crcwoo1/XC275798.ogg,Aves,10.50121875
crcwoo1,crcwoo1/XC295381.ogg,4.0,-20.7882,-51.703,birdclef-2025/train_audio/crcwoo1/XC295381.ogg,Aves,9.264
crcwoo1,crcwoo1/XC305306.ogg,4.0,-5.8667,-50.4834,birdclef-2025/train_audio/crcwoo1/XC305306.ogg,Aves,16.776
crcwoo1,crcwoo1/XC332779.ogg,4.0,-27.5302,-56.6027,birdclef-2025/train_audio/crcwoo1/XC332779.ogg,Aves,12.878375
crcwoo1,crcwoo1/XC332780.ogg,4.0,-27.5302,-56.6027,birdclef-2025/train_audio/crcwoo1/XC332780.ogg,Aves,8.2285625
crcwoo1,crcwoo1/XC340162.ogg,4.0,-3.3154,-60.6397,birdclef-2025/train_audio/crcwoo1/XC340162.ogg,Aves,11.568
crcwoo1,crcwoo1/XC366517.ogg,4.0,9.1332,-79.7195,birdclef-2025/train_audio/crcwoo1/XC366517.ogg,Aves,3.1346875
crcwoo1,crcwoo1/XC368226.ogg,4.0,6.0747,-77.3868,birdclef-2025/train_audio/crcwoo1/XC368226.ogg,Aves,7.91509375
crcwoo1,crcwoo1/XC373566.ogg,4.0,9.1332,-79.7195,birdclef-2025/train_audio/crcwoo1/XC373566.ogg,Aves,11.93796875
crcwoo1,crcwoo1/XC382018.ogg,4.0,-17.1027,-56.943,birdclef-2025/train_audio/crcwoo1/XC382018.ogg,Aves,1.04490625
crcwoo1,crcwoo1/XC418615.ogg,5.0,-16.5631,-49.285,birdclef-2025/train_audio/crcwoo1/XC418615.ogg,Aves,6.269375
crcwoo1,crcwoo1/XC431371.ogg,5.0,-9.5982,-55.9312,birdclef-2025/train_audio/crcwoo1/XC431371.ogg,Aves,16.704
crcwoo1,crcwoo1/XC433887.ogg,4.0,4.7281,-75.5769,birdclef-2025/train_audio/crcwoo1/XC433887.ogg,Aves,1.248
crcwoo1,crcwoo1/XC444533.ogg,4.0,-9.5999,-55.9443,birdclef-2025/train_audio/crcwoo1/XC444533.ogg,Aves,5.112
crcwoo1,crcwoo1/XC476299.ogg,5.0,-0.4383,-76.2791,birdclef-2025/train_audio/crcwoo1/XC476299.ogg,Aves,5.43346875
crcwoo1,crcwoo1/XC500047.ogg,5.0,-16.6003,-49.2802,birdclef-2025/train_audio/crcwoo1/XC500047.ogg,Aves,12.0163125
crcwoo1,crcwoo1/XC599428.ogg,5.0,-16.5631,-49.285,birdclef-2025/train_audio/crcwoo1/XC599428.ogg,Aves,7.0791875
crcwoo1,crcwoo1/XC63210.ogg,4.0,-11.8667,-71.3667,birdclef-2025/train_audio/crcwoo1/XC63210.ogg,Aves,2.088
crcwoo1,crcwoo1/XC63211.ogg,4.0,-11.8667,-71.3667,birdclef-2025/train_audio/crcwoo1/XC63211.ogg,Aves,2.016
crcwoo1,crcwoo1/XC63212.ogg,4.0,-18.1884,-63.8792,birdclef-2025/train_audio/crcwoo1/XC63212.ogg,Aves,9.84815625
crcwoo1,crcwoo1/XC695930.ogg,4.0,-16.0538,-49.604,birdclef-2025/train_audio/crcwoo1/XC695930.ogg,Aves,10.57959375
crcwoo1,crcwoo1/XC704340.ogg,5.0,-16.5631,-49.285,birdclef-2025/train_audio/crcwoo1/XC704340.ogg,Aves,2.690625
crcwoo1,crcwoo1/XC708785.ogg,4.0,-9.5937,-50.1049,birdclef-2025/train_audio/crcwoo1/XC708785.ogg,Aves,13.79265625
crcwoo1,crcwoo1/XC769414.ogg,5.0,-6.3761,-47.1085,birdclef-2025/train_audio/crcwoo1/XC769414.ogg,Aves,15.64734375
crcwoo1,crcwoo1/XC803724.ogg,5.0,-16.4727,-49.4959,birdclef-2025/train_audio/crcwoo1/XC803724.ogg,Aves,8.48978125
crcwoo1,crcwoo1/XC838073.ogg,4.0,-14.0858,-50.8244,birdclef-2025/train_audio/crcwoo1/XC838073.ogg,Aves,17.789375
crcwoo1,crcwoo1/XC849976.ogg,4.0,-16.4353,-49.3948,birdclef-2025/train_audio/crcwoo1/XC849976.ogg,Aves,2.27265625
crcwoo1,crcwoo1/XC933497.ogg,4.0,-18.2058,-52.8797,birdclef-2025/train_audio/crcwoo1/XC933497.ogg,Aves,9.5151875
crebob1,crebob1/XC139476.ogg,5.0,6.6948,-73.2267,birdclef-2025/train_audio/crebob1/XC139476.ogg,Aves,10.7624375
crebob1,crebob1/XC153092.ogg,5.0,5.9336,-73.2294,birdclef-2025/train_audio/crebob1/XC153092.ogg,Aves,2.16
crebob1,crebob1/XC353184.ogg,4.0,11.4089,-73.0661,birdclef-2025/train_audio/crebob1/XC353184.ogg,Aves,17.664
crebob1,crebob1/XC376160.ogg,5.0,5.0873,-73.7231,birdclef-2025/train_audio/crebob1/XC376160.ogg,Aves,3.0563125
crebob1,crebob1/XC376161.ogg,5.0,5.0873,-73.7231,birdclef-2025/train_audio/crebob1/XC376161.ogg,Aves,7.52325
crebob1,crebob1/XC377200.ogg,4.0,0.9242,-51.2155,birdclef-2025/train_audio/crebob1/XC377200.ogg,Aves,1.7763125
crebob1,crebob1/XC377323.ogg,5.0,0.9242,-51.2155,birdclef-2025/train_audio/crebob1/XC377323.ogg,Aves,17.2930625
crebob1,crebob1/XC442179.ogg,4.0,1.439,-61.062,birdclef-2025/train_audio/crebob1/XC442179.ogg,Aves,19.944
crebob1,crebob1/XC511509.ogg,4.0,11.421,-73.0432,birdclef-2025/train_audio/crebob1/XC511509.ogg,Aves,5.736
crebob1,crebob1/XC566745.ogg,4.0,4.351,-74.652,birdclef-2025/train_audio/crebob1/XC566745.ogg,Aves,2.52
crebob1,crebob1/XC589642.ogg,5.0,2.2192,-75.6135,birdclef-2025/train_audio/crebob1/XC589642.ogg,Aves,12.721625
crebob1,crebob1/XC589643.ogg,5.0,2.2192,-75.6135,birdclef-2025/train_audio/crebob1/XC589643.ogg,Aves,9.5346875
crebob1,crebob1/XC661021.ogg,4.0,11.4947,-69.5128,birdclef-2025/train_audio/crebob1/XC661021.ogg,Aves,16.608
crebob1,crebob1/XC837808.ogg,4.0,11.8168,-69.9414,birdclef-2025/train_audio/crebob1/XC837808.ogg,Aves,4.5975625
crebob1,crebob1/XC946054.ogg,4.0,3.5026,-76.3552,birdclef-2025/train_audio/crebob1/XC946054.ogg,Aves,3.98178125
cregua1,cregua1/XC114031.ogg,5.0,-0.0501,-78.7735,birdclef-2025/train_audio/cregua1/XC114031.ogg,Aves,10.272
cregua1,cregua1/XC125692.ogg,4.0,17.2273,-89.6081,birdclef-2025/train_audio/cregua1/XC125692.ogg,Aves,3.55265625
cregua1,cregua1/XC128811.ogg,4.0,19.9933,-105.1149,birdclef-2025/train_audio/cregua1/XC128811.ogg,Aves,3.761625
cregua1,cregua1/XC163514.ogg,4.0,-0.081,-78.7679,birdclef-2025/train_audio/cregua1/XC163514.ogg,Aves,10.05715625
cregua1,cregua1/XC171049.ogg,4.0,8.7895,-82.9714,birdclef-2025/train_audio/cregua1/XC171049.ogg,Aves,19.9575625
cregua1,cregua1/XC238794.ogg,4.0,-1.847,-80.567,birdclef-2025/train_audio/cregua1/XC238794.ogg,Aves,11.52
cregua1,cregua1/XC245401.ogg,4.0,6.28,-71.78,birdclef-2025/train_audio/cregua1/XC245401.ogg,Aves,12.12
cregua1,cregua1/XC261549.ogg,5.0,1.064,-78.681,birdclef-2025/train_audio/cregua1/XC261549.ogg,Aves,12.930625
cregua1,cregua1/XC331367.ogg,5.0,10.4347,-84.7095,birdclef-2025/train_audio/cregua1/XC331367.ogg,Aves,13.92
cregua1,cregua1/XC498124.ogg,5.0,10.4305,-84.0063,birdclef-2025/train_audio/cregua1/XC498124.ogg,Aves,11.807
cregua1,cregua1/XC522435.ogg,4.0,17.539,-89.1111,birdclef-2025/train_audio/cregua1/XC522435.ogg,Aves,11.6245
cregua1,cregua1/XC940547.ogg,4.0,0.125,-78.7112,birdclef-2025/train_audio/cregua1/XC940547.ogg,Aves,8.34465625
cregua1,cregua1/XC961505.ogg,4.0,8.5335,-81.1498,birdclef-2025/train_audio/cregua1/XC961505.ogg,Aves,15.624
creoro1,creoro1/XC114257.ogg,4.0,-21.6725,-43.2209,birdclef-2025/train_audio/creoro1/XC114257.ogg,Aves,8.8555
creoro1,creoro1/XC121202.ogg,4.0,-6.1351,-48.2355,birdclef-2025/train_audio/creoro1/XC121202.ogg,Aves,11.28
creoro1,creoro1/XC122601.ogg,5.0,-12.7945,-71.3979,birdclef-2025/train_audio/creoro1/XC122601.ogg,Aves,10.872
creoro1,creoro1/XC132042.ogg,4.0,-12.0478,-69.6759,birdclef-2025/train_audio/creoro1/XC132042.ogg,Aves,11.448
creoro1,creoro1/XC144446.ogg,4.0,-23.5833,-48.3833,birdclef-2025/train_audio/creoro1/XC144446.ogg,Aves,7.1053125
creoro1,creoro1/XC1711.ogg,5.0,-22.0409,-64.4387,birdclef-2025/train_audio/creoro1/XC1711.ogg,Aves,7.91509375
creoro1,creoro1/XC178102.ogg,4.0,-20.1774,-45.7082,birdclef-2025/train_audio/creoro1/XC178102.ogg,Aves,3.99675
creoro1,creoro1/XC197549.ogg,4.0,8.8211,-70.5013,birdclef-2025/train_audio/creoro1/XC197549.ogg,Aves,6.58284375
creoro1,creoro1/XC200149.ogg,4.0,9.7031,-69.6048,birdclef-2025/train_audio/creoro1/XC200149.ogg,Aves,4.04896875
creoro1,creoro1/XC211692.ogg,4.0,-13.7299,-46.3091,birdclef-2025/train_audio/creoro1/XC211692.ogg,Aves,2.556
creoro1,creoro1/XC212837.ogg,4.0,-8.9826,-72.7148,birdclef-2025/train_audio/creoro1/XC212837.ogg,Aves,16.43103125
creoro1,creoro1/XC213316.ogg,4.0,-6.2076,-49.9741,birdclef-2025/train_audio/creoro1/XC213316.ogg,Aves,12.888
creoro1,creoro1/XC255551.ogg,4.0,-27.4154,-56.2634,birdclef-2025/train_audio/creoro1/XC255551.ogg,Aves,6.168
creoro1,creoro1/XC2585.ogg,4.0,-17.468,-63.661,birdclef-2025/train_audio/creoro1/XC2585.ogg,Aves,14.8114375
creoro1,creoro1/XC259991.ogg,5.0,-0.548,-76.041,birdclef-2025/train_audio/creoro1/XC259991.ogg,Aves,16.30040625
creoro1,creoro1/XC259993.ogg,5.0,-0.472,-76.459,birdclef-2025/train_audio/creoro1/XC259993.ogg,Aves,9.82203125
creoro1,creoro1/XC276421.ogg,4.0,-0.693,-77.605,birdclef-2025/train_audio/creoro1/XC276421.ogg,Aves,9.16896875
creoro1,creoro1/XC290371.ogg,4.0,-17.7833,-63.0666,birdclef-2025/train_audio/creoro1/XC290371.ogg,Aves,8.07184375
creoro1,creoro1/XC297057.ogg,5.0,-5.6742,-77.7025,birdclef-2025/train_audio/creoro1/XC297057.ogg,Aves,17.65878125
creoro1,creoro1/XC299643.ogg,5.0,-17.8677,-63.2696,birdclef-2025/train_audio/creoro1/XC299643.ogg,Aves,16.613875
creoro1,creoro1/XC299646.ogg,5.0,-17.8677,-63.2696,birdclef-2025/train_audio/creoro1/XC299646.ogg,Aves,5.17225
creoro1,creoro1/XC356486.ogg,5.0,-0.4667,-76.8334,birdclef-2025/train_audio/creoro1/XC356486.ogg,Aves,16.728
creoro1,creoro1/XC379277.ogg,4.0,-22.4212,-42.9559,birdclef-2025/train_audio/creoro1/XC379277.ogg,Aves,4.70203125
creoro1,creoro1/XC386682.ogg,4.0,8.8526,-70.5806,birdclef-2025/train_audio/creoro1/XC386682.ogg,Aves,10.44896875
creoro1,creoro1/XC415454.ogg,4.0,-16.6869,-49.2648,birdclef-2025/train_audio/creoro1/XC415454.ogg,Aves,17.05796875
creoro1,creoro1/XC428443.ogg,5.0,-6.7131,-47.017,birdclef-2025/train_audio/creoro1/XC428443.ogg,Aves,17.92
creoro1,creoro1/XC494220.ogg,4.5,-3.1914,-60.3528,birdclef-2025/train_audio/creoro1/XC494220.ogg,Aves,15.69959375
creoro1,creoro1/XC511504.ogg,5.0,11.1009,-74.072,birdclef-2025/train_audio/creoro1/XC511504.ogg,Aves,11.904
creoro1,creoro1/XC51605.ogg,5.0,-22.1931,-63.9445,birdclef-2025/train_audio/creoro1/XC51605.ogg,Aves,5.56409375
creoro1,creoro1/XC549983.ogg,5.0,1.4898,-75.6801,birdclef-2025/train_audio/creoro1/XC549983.ogg,Aves,6.816
creoro1,creoro1/XC549985.ogg,5.0,1.4898,-75.6801,birdclef-2025/train_audio/creoro1/XC549985.ogg,Aves,5.016
creoro1,creoro1/XC556100.ogg,5.0,-16.5631,-49.285,birdclef-2025/train_audio/creoro1/XC556100.ogg,Aves,19.53959375
creoro1,creoro1/XC558366.ogg,4.0,2.4799,-76.5406,birdclef-2025/train_audio/creoro1/XC558366.ogg,Aves,6.192
creoro1,creoro1/XC569182.ogg,4.0,-9.4439,-70.4345,birdclef-2025/train_audio/creoro1/XC569182.ogg,Aves,16.95346875
creoro1,creoro1/XC573798.ogg,5.0,1.4898,-75.6801,birdclef-2025/train_audio/creoro1/XC573798.ogg,Aves,8.07184375
creoro1,creoro1/XC586881.ogg,4.0,-11.5833,-72.95,birdclef-2025/train_audio/creoro1/XC586881.ogg,Aves,5.146125
creoro1,creoro1/XC595879.ogg,4.0,-4.2889,-70.2948,birdclef-2025/train_audio/creoro1/XC595879.ogg,Aves,9.84
creoro1,creoro1/XC63932.ogg,4.0,-11.8667,-71.3667,birdclef-2025/train_audio/creoro1/XC63932.ogg,Aves,13.284
creoro1,creoro1/XC706331.ogg,5.0,-18.5039,-60.8069,birdclef-2025/train_audio/creoro1/XC706331.ogg,Aves,18.936
creoro1,creoro1/XC732846.ogg,4.0,-14.625,-49.0051,birdclef-2025/train_audio/creoro1/XC732846.ogg,Aves,4.623
creoro1,creoro1/XC744946.ogg,5.0,-22.9242,-45.9396,birdclef-2025/train_audio/creoro1/XC744946.ogg,Aves,4.597
creoro1,creoro1/XC769620.ogg,4.5,-6.3776,-47.4047,birdclef-2025/train_audio/creoro1/XC769620.ogg,Aves,13.68815625
creoro1,creoro1/XC788950.ogg,5.0,-13.3558,-47.2809,birdclef-2025/train_audio/creoro1/XC788950.ogg,Aves,7.47103125
creoro1,creoro1/XC788995.ogg,5.0,-13.3558,-47.2809,birdclef-2025/train_audio/creoro1/XC788995.ogg,Aves,3.39590625
creoro1,creoro1/XC793175.ogg,5.0,-13.3725,-47.327,birdclef-2025/train_audio/creoro1/XC793175.ogg,Aves,6.11265625
creoro1,creoro1/XC816876.ogg,4.5,-7.3499,-48.2929,birdclef-2025/train_audio/creoro1/XC816876.ogg,Aves,4.048
creoro1,creoro1/XC838480.ogg,4.0,11.1801,-69.6299,birdclef-2025/train_audio/creoro1/XC838480.ogg,Aves,14.7591875
fotfly,fotfly/XC115604.ogg,4.0,-20.79,-42.8882,birdclef-2025/train_audio/fotfly/XC115604.ogg,Aves,5.904
fotfly,fotfly/XC197483.ogg,4.0,7.059,-69.494,birdclef-2025/train_audio/fotfly/XC197483.ogg,Aves,14.55021875
fotfly,fotfly/XC199146.ogg,5.0,-23.3254,-51.1996,birdclef-2025/train_audio/fotfly/XC199146.ogg,Aves,9.6391875
fotfly,fotfly/XC210973.ogg,4.0,-2.4167,-54.7167,birdclef-2025/train_audio/fotfly/XC210973.ogg,Aves,3.55265625
fotfly,fotfly/XC252011.ogg,4.0,9.0017,-79.5814,birdclef-2025/train_audio/fotfly/XC252011.ogg,Aves,13.949375
fotfly,fotfly/XC355721.ogg,4.0,-22.7883,-48.1312,birdclef-2025/train_audio/fotfly/XC355721.ogg,Aves,8.16
fotfly,fotfly/XC421679.ogg,4.0,-20.7882,-51.703,birdclef-2025/train_audio/fotfly/XC421679.ogg,Aves,11.78121875
fotfly,fotfly/XC421680.ogg,4.0,-20.7882,-51.703,birdclef-2025/train_audio/fotfly/XC421680.ogg,Aves,11.78121875
fotfly,fotfly/XC422125.ogg,4.5,-16.4182,-49.0929,birdclef-2025/train_audio/fotfly/XC422125.ogg,Aves,18.5208125
fotfly,fotfly/XC443542.ogg,4.0,-14.625,-49.0051,birdclef-2025/train_audio/fotfly/XC443542.ogg,Aves,13.92325
fotfly,fotfly/XC457250.ogg,5.0,4.843,-75.8187,birdclef-2025/train_audio/fotfly/XC457250.ogg,Aves,17.3975625
fotfly,fotfly/XC464161.ogg,4.0,-35.2501,-59.2167,birdclef-2025/train_audio/fotfly/XC464161.ogg,Aves,9.288
fotfly,fotfly/XC467168.ogg,4.0,-28.3412,-55.7443,birdclef-2025/train_audio/fotfly/XC467168.ogg,Aves,10.18775
fotfly,fotfly/XC513031.ogg,4.0,-22.2995,-47.5725,birdclef-2025/train_audio/fotfly/XC513031.ogg,Aves,6.696
fotfly,fotfly/XC556663.ogg,5.0,-13.3073,-46.1005,birdclef-2025/train_audio/fotfly/XC556663.ogg,Aves,14.448
fotfly,fotfly/XC585032.ogg,4.0,-36.3693,-56.9073,birdclef-2025/train_audio/fotfly/XC585032.ogg,Aves,4.6236875
fotfly,fotfly/XC607800.ogg,4.0,-31.8627,-58.2718,birdclef-2025/train_audio/fotfly/XC607800.ogg,Aves,14.8636875
fotfly,fotfly/XC82492.ogg,5.0,-23.0501,-45.1167,birdclef-2025/train_audio/fotfly/XC82492.ogg,Aves,19.8008125
fotfly,fotfly/XC843359.ogg,5.0,-25.6076,-54.4913,birdclef-2025/train_audio/fotfly/XC843359.ogg,Aves,2.377
fotfly,fotfly/XC939961.ogg,5.0,1.8299,-61.1451,birdclef-2025/train_audio/fotfly/XC939961.ogg,Aves,3.709
fotfly,fotfly/XC946283.ogg,4.0,3.5026,-76.3552,birdclef-2025/train_audio/fotfly/XC946283.ogg,Aves,1.9488125
fotfly,fotfly/XC946284.ogg,4.0,3.5026,-76.3552,birdclef-2025/train_audio/fotfly/XC946284.ogg,Aves,2.48896875
gohman1,gohman1/XC219907.ogg,4.0,8.8211,-70.5013,birdclef-2025/train_audio/gohman1/XC219907.ogg,Aves,19.226125
gohman1,gohman1/XC249528.ogg,4.0,-1.542,-77.751,birdclef-2025/train_audio/gohman1/XC249528.ogg,Aves,8.3853125
gohman1,gohman1/XC249529.ogg,4.0,-1.542,-77.751,birdclef-2025/train_audio/gohman1/XC249529.ogg,Aves,8.90775
gohman1,gohman1/XC259090.ogg,5.0,-0.507,-76.457,birdclef-2025/train_audio/gohman1/XC259090.ogg,Aves,9.7175625
gohman1,gohman1/XC259091.ogg,5.0,-0.398,-76.128,birdclef-2025/train_audio/gohman1/XC259091.ogg,Aves,10.71021875
gohman1,gohman1/XC259092.ogg,5.0,-0.507,-76.457,birdclef-2025/train_audio/gohman1/XC259092.ogg,Aves,7.31428125
gohman1,gohman1/XC259093.ogg,5.0,-0.507,-76.457,birdclef-2025/train_audio/gohman1/XC259093.ogg,Aves,7.0791875
gohman1,gohman1/XC354127.ogg,4.0,5.8941,-74.8583,birdclef-2025/train_audio/gohman1/XC354127.ogg,Aves,7.944
gohman1,gohman1/XC387603.ogg,4.0,4.6105,-52.2793,birdclef-2025/train_audio/gohman1/XC387603.ogg,Aves,10.71021875
gohman1,gohman1/XC387606.ogg,5.0,4.6105,-52.2793,birdclef-2025/train_audio/gohman1/XC387606.ogg,Aves,4.78040625
gohman1,gohman1/XC395135.ogg,5.0,-2.4042,-59.8673,birdclef-2025/train_audio/gohman1/XC395135.ogg,Aves,9.639
gohman1,gohman1/XC403378.ogg,4.0,4.7216,-52.3073,birdclef-2025/train_audio/gohman1/XC403378.ogg,Aves,9.97878125
gohman1,gohman1/XC493817.ogg,4.0,-3.2063,-60.1783,birdclef-2025/train_audio/gohman1/XC493817.ogg,Aves,4.78040625
gohman1,gohman1/XC493823.ogg,4.0,-3.2063,-60.1783,birdclef-2025/train_audio/gohman1/XC493823.ogg,Aves,4.72815625
gohman1,gohman1/XC519167.ogg,4.0,0.1572,-72.6292,birdclef-2025/train_audio/gohman1/XC519167.ogg,Aves,19.04325
gohman1,gohman1/XC519168.ogg,4.0,0.1572,-72.6292,birdclef-2025/train_audio/gohman1/XC519168.ogg,Aves,13.74040625
gohman1,gohman1/XC519169.ogg,4.0,0.1797,-72.6233,birdclef-2025/train_audio/gohman1/XC519169.ogg,Aves,16.666125
gohman1,gohman1/XC520796.ogg,4.0,0.5175,-72.6411,birdclef-2025/train_audio/gohman1/XC520796.ogg,Aves,16.92734375
gohman1,gohman1/XC520797.ogg,4.0,0.5175,-72.6411,birdclef-2025/train_audio/gohman1/XC520797.ogg,Aves,13.3224375
gohman1,gohman1/XC520798.ogg,4.0,0.5175,-72.6411,birdclef-2025/train_audio/gohman1/XC520798.ogg,Aves,13.5053125
gohman1,gohman1/XC520799.ogg,4.0,0.5175,-72.6411,birdclef-2025/train_audio/gohman1/XC520799.ogg,Aves,13.92325
gohman1,gohman1/XC520800.ogg,4.0,0.5175,-72.6411,birdclef-2025/train_audio/gohman1/XC520800.ogg,Aves,12.1208125
gohman1,gohman1/XC520801.ogg,4.0,0.5175,-72.6411,birdclef-2025/train_audio/gohman1/XC520801.ogg,Aves,11.85959375
gohman1,gohman1/XC520802.ogg,4.0,0.5175,-72.6411,birdclef-2025/train_audio/gohman1/XC520802.ogg,Aves,11.650625
gohman1,gohman1/XC520803.ogg,4.0,0.5175,-72.6411,birdclef-2025/train_audio/gohman1/XC520803.ogg,Aves,17.52815625
gohman1,gohman1/XC524393.ogg,5.0,5.0243,-75.7502,birdclef-2025/train_audio/gohman1/XC524393.ogg,Aves,7.49715625
gohman1,gohman1/XC706408.ogg,5.0,-0.6248,-72.3972,birdclef-2025/train_audio/gohman1/XC706408.ogg,Aves,17.65878125
gohman1,gohman1/XC706410.ogg,5.0,-0.6248,-72.3972,birdclef-2025/train_audio/gohman1/XC706410.ogg,Aves,3.761625
gohman1,gohman1/XC706411.ogg,5.0,-0.6248,-72.3972,birdclef-2025/train_audio/gohman1/XC706411.ogg,Aves,9.35184375
gohman1,gohman1/XC8819.ogg,4.0,10.7001,-61.2834,birdclef-2025/train_audio/gohman1/XC8819.ogg,Aves,9.743
gohman1,gohman1/XC939730.ogg,5.0,1.4896,-61.0027,birdclef-2025/train_audio/gohman1/XC939730.ogg,Aves,2.847
gohman1,gohman1/XC939731.ogg,5.0,1.4896,-61.0027,birdclef-2025/train_audio/gohman1/XC939731.ogg,Aves,1.776
gohman1,gohman1/XC939732.ogg,5.0,1.4896,-61.0027,birdclef-2025/train_audio/gohman1/XC939732.ogg,Aves,13.479
gohman1,gohman1/XC939734.ogg,5.0,1.4896,-61.0027,birdclef-2025/train_audio/gohman1/XC939734.ogg,Aves,14.942
grasal4,grasal4/XC197559.ogg,4.0,6.8397,-69.5468,birdclef-2025/train_audio/grasal4/XC197559.ogg,Aves,6.06040625
grasal4,grasal4/XC317808.ogg,4.5,8.8667,-75.7859,birdclef-2025/train_audio/grasal4/XC317808.ogg,Aves,12.0685625
grasal4,grasal4/XC390191.ogg,4.0,10.9103,-72.8942,birdclef-2025/train_audio/grasal4/XC390191.ogg,Aves,14.136
grasal4,grasal4/XC438183.ogg,4.0,11.2902,-73.8842,birdclef-2025/train_audio/grasal4/XC438183.ogg,Aves,6.60896875
grasal4,grasal4/XC562303.ogg,5.0,4.3307,-74.3726,birdclef-2025/train_audio/grasal4/XC562303.ogg,Aves,14.02775
grasal4,grasal4/XC562304.ogg,5.0,4.3307,-74.3726,birdclef-2025/train_audio/grasal4/XC562304.ogg,Aves,11.80734375
grasal4,grasal4/XC562315.ogg,5.0,4.3307,-74.3726,birdclef-2025/train_audio/grasal4/XC562315.ogg,Aves,3.50040625
grasal4,grasal4/XC573311.ogg,5.0,4.5727,-74.5058,birdclef-2025/train_audio/grasal4/XC573311.ogg,Aves,9.984
grasal4,grasal4/XC579290.ogg,5.0,5.526,-75.0414,birdclef-2025/train_audio/grasal4/XC579290.ogg,Aves,8.542
grasal4,grasal4/XC792877.ogg,4.0,5.2074,-74.7374,birdclef-2025/train_audio/grasal4/XC792877.ogg,Aves,17.03184375
grasal4,grasal4/XC837805.ogg,5.0,11.8168,-69.9414,birdclef-2025/train_audio/grasal4/XC837805.ogg,Aves,3.55265625
grasal4,grasal4/XC838881.ogg,4.0,11.4947,-69.5128,birdclef-2025/train_audio/grasal4/XC838881.ogg,Aves,18.6775625
grasal4,grasal4/XC922816.ogg,4.0,5.2,-74.877,birdclef-2025/train_audio/grasal4/XC922816.ogg,Aves,3.41334375
grbhaw1,grbhaw1/XC117425.ogg,5.0,0.2131,-72.4237,birdclef-2025/train_audio/grbhaw1/XC117425.ogg,Aves,14.863
grbhaw1,grbhaw1/XC117426.ogg,5.0,0.2131,-72.4237,birdclef-2025/train_audio/grbhaw1/XC117426.ogg,Aves,15.333
grbhaw1,grbhaw1/XC117427.ogg,5.0,0.2131,-72.4237,birdclef-2025/train_audio/grbhaw1/XC117427.ogg,Aves,14.053
grbhaw1,grbhaw1/XC117428.ogg,5.0,0.2131,-72.4237,birdclef-2025/train_audio/grbhaw1/XC117428.ogg,Aves,19.069
grbhaw1,grbhaw1/XC13334.ogg,5.0,-9.5981,-55.932,birdclef-2025/train_audio/grbhaw1/XC13334.ogg,Aves,7.34040625
grbhaw1,grbhaw1/XC164640.ogg,4.0,13.2753,-88.6747,birdclef-2025/train_audio/grbhaw1/XC164640.ogg,Aves,15.528
grbhaw1,grbhaw1/XC188089.ogg,5.0,-4.4511,-76.657,birdclef-2025/train_audio/grbhaw1/XC188089.ogg,Aves,10.55346875
grbhaw1,grbhaw1/XC189150.ogg,4.0,-28.5376,-49.8688,birdclef-2025/train_audio/grbhaw1/XC189150.ogg,Aves,19.56571875
grbhaw1,grbhaw1/XC192818.ogg,5.0,-21.179,-45.142,birdclef-2025/train_audio/grbhaw1/XC192818.ogg,Aves,12.0946875
grbhaw1,grbhaw1/XC260343.ogg,5.0,-3.649,-79.749,birdclef-2025/train_audio/grbhaw1/XC260343.ogg,Aves,11.04978125
grbhaw1,grbhaw1/XC314048.ogg,5.0,-16.362,-56.648,birdclef-2025/train_audio/grbhaw1/XC314048.ogg,Aves,9.43021875
grbhaw1,grbhaw1/XC391364.ogg,4.0,-22.4508,-42.7735,birdclef-2025/train_audio/grbhaw1/XC391364.ogg,Aves,7.992
grbhaw1,grbhaw1/XC393363.ogg,5.0,-2.4042,-59.8673,birdclef-2025/train_audio/grbhaw1/XC393363.ogg,Aves,19.147
grbhaw1,grbhaw1/XC393364.ogg,4.0,-2.4042,-59.8673,birdclef-2025/train_audio/grbhaw1/XC393364.ogg,Aves,14.471
grbhaw1,grbhaw1/XC395452.ogg,5.0,-16.7501,-56.8667,birdclef-2025/train_audio/grbhaw1/XC395452.ogg,Aves,11.20653125
grbhaw1,grbhaw1/XC395855.ogg,4.0,-3.8141,-46.8045,birdclef-2025/train_audio/grbhaw1/XC395855.ogg,Aves,16.584
grbhaw1,grbhaw1/XC403291.ogg,4.0,4.9405,-52.3363,birdclef-2025/train_audio/grbhaw1/XC403291.ogg,Aves,10.161625
grbhaw1,grbhaw1/XC434440.ogg,4.0,-9.5975,-55.9325,birdclef-2025/train_audio/grbhaw1/XC434440.ogg,Aves,8.544
grbhaw1,grbhaw1/XC438707.ogg,4.0,-9.5975,-55.9325,birdclef-2025/train_audio/grbhaw1/XC438707.ogg,Aves,7.872
grbhaw1,grbhaw1/XC438720.ogg,5.0,-9.5975,-55.9325,birdclef-2025/train_audio/grbhaw1/XC438720.ogg,Aves,8.136
grbhaw1,grbhaw1/XC446421.ogg,5.0,-22.8842,-48.4442,birdclef-2025/train_audio/grbhaw1/XC446421.ogg,Aves,11.023
grbhaw1,grbhaw1/XC458971.ogg,5.0,19.1131,-96.1235,birdclef-2025/train_audio/grbhaw1/XC458971.ogg,Aves,6.974
grbhaw1,grbhaw1/XC469650.ogg,4.0,-16.6003,-49.2802,birdclef-2025/train_audio/grbhaw1/XC469650.ogg,Aves,14.41959375
grbhaw1,grbhaw1/XC48401.ogg,5.0,-25.7168,-54.4146,birdclef-2025/train_audio/grbhaw1/XC48401.ogg,Aves,11.23265625
grbhaw1,grbhaw1/XC488562.ogg,4.0,-16.5037,-56.7456,birdclef-2025/train_audio/grbhaw1/XC488562.ogg,Aves,12.1991875
grbhaw1,grbhaw1/XC50578.ogg,4.0,-30.583,-59.949,birdclef-2025/train_audio/grbhaw1/XC50578.ogg,Aves,16.1175625
grbhaw1,grbhaw1/XC50579.ogg,4.0,-22.1931,-63.9445,birdclef-2025/train_audio/grbhaw1/XC50579.ogg,Aves,11.04978125
grbhaw1,grbhaw1/XC50581.ogg,4.0,-22.1931,-63.9445,birdclef-2025/train_audio/grbhaw1/XC50581.ogg,Aves,6.9485625
grbhaw1,grbhaw1/XC50582.ogg,4.0,-25.7168,-54.4146,birdclef-2025/train_audio/grbhaw1/XC50582.ogg,Aves,7.36653125
grbhaw1,grbhaw1/XC598690.ogg,4.0,-4.2889,-70.2948,birdclef-2025/train_audio/grbhaw1/XC598690.ogg,Aves,8.616
grbhaw1,grbhaw1/XC598692.ogg,4.0,-4.2889,-70.2948,birdclef-2025/train_audio/grbhaw1/XC598692.ogg,Aves,10.224
grbhaw1,grbhaw1/XC612246.ogg,5.0,4.6724,-58.6857,birdclef-2025/train_audio/grbhaw1/XC612246.ogg,Aves,19.464
grbhaw1,grbhaw1/XC700322.ogg,4.5,-32.8606,-60.6486,birdclef-2025/train_audio/grbhaw1/XC700322.ogg,Aves,18.83428125
grbhaw1,grbhaw1/XC705306.ogg,4.0,-4.293,-47.5569,birdclef-2025/train_audio/grbhaw1/XC705306.ogg,Aves,6.03428125
grbhaw1,grbhaw1/XC775546.ogg,5.0,-11.6967,-55.7182,birdclef-2025/train_audio/grbhaw1/XC775546.ogg,Aves,15.542
grbhaw1,grbhaw1/XC775548.ogg,4.0,-11.6967,-55.7182,birdclef-2025/train_audio/grbhaw1/XC775548.ogg,Aves,6.608
grbhaw1,grbhaw1/XC790484.ogg,5.0,-14.625,-49.0051,birdclef-2025/train_audio/grbhaw1/XC790484.ogg,Aves,15.568
grbhaw1,grbhaw1/XC790485.ogg,5.0,-14.625,-49.0051,birdclef-2025/train_audio/grbhaw1/XC790485.ogg,Aves,19.069
grbhaw1,grbhaw1/XC858784.ogg,5.0,22.9712,-99.1307,birdclef-2025/train_audio/grbhaw1/XC858784.ogg,Aves,3.456
grbhaw1,grbhaw1/XC884408.ogg,5.0,-14.917,-51.0755,birdclef-2025/train_audio/grbhaw1/XC884408.ogg,Aves,4.075
grbhaw1,grbhaw1/XC925588.ogg,4.0,-30.519,-57.7111,birdclef-2025/train_audio/grbhaw1/XC925588.ogg,Aves,14.106125
greani1,greani1/XC148234.ogg,4.0,3.9506,-73.9667,birdclef-2025/train_audio/greani1/XC148234.ogg,Aves,14.445
greani1,greani1/XC186196.ogg,4.0,-21.8625,-49.643,birdclef-2025/train_audio/greani1/XC186196.ogg,Aves,16.0130625
greani1,greani1/XC257718.ogg,5.0,-0.523,-76.438,birdclef-2025/train_audio/greani1/XC257718.ogg,Aves,16.22203125
greani1,greani1/XC257720.ogg,5.0,-0.523,-76.438,birdclef-2025/train_audio/greani1/XC257720.ogg,Aves,9.7175625
greani1,greani1/XC422703.ogg,5.0,-16.4525,-39.2554,birdclef-2025/train_audio/greani1/XC422703.ogg,Aves,5.7469375
greani1,greani1/XC461444.ogg,5.0,-0.4714,-76.4603,birdclef-2025/train_audio/greani1/XC461444.ogg,Aves,13.536
greani1,greani1/XC461480.ogg,4.0,-12.1376,-71.0586,birdclef-2025/train_audio/greani1/XC461480.ogg,Aves,12.3036875
greani1,greani1/XC506365.ogg,5.0,-15.2144,-51.1947,birdclef-2025/train_audio/greani1/XC506365.ogg,Aves,14.31509375
greani1,greani1/XC549908.ogg,4.0,1.4898,-75.6801,birdclef-2025/train_audio/greani1/XC549908.ogg,Aves,10.248
greani1,greani1/XC583592.ogg,4.0,5.0901,-52.5698,birdclef-2025/train_audio/greani1/XC583592.ogg,Aves,11.389375
greani1,greani1/XC605337.ogg,5.0,-16.6003,-49.2802,birdclef-2025/train_audio/greani1/XC605337.ogg,Aves,17.1885625
greani1,greani1/XC637173.ogg,5.0,-22.9511,-43.0384,birdclef-2025/train_audio/greani1/XC637173.ogg,Aves,11.592
greani1,greani1/XC646808.ogg,4.0,-9.8112,-50.1683,birdclef-2025/train_audio/greani1/XC646808.ogg,Aves,4.70203125
greani1,greani1/XC663524.ogg,5.0,-22.9511,-43.0384,birdclef-2025/train_audio/greani1/XC663524.ogg,Aves,10.44
greani1,greani1/XC720977.ogg,4.0,-22.6778,-52.1924,birdclef-2025/train_audio/greani1/XC720977.ogg,Aves,5.7208125
greani1,greani1/XC769608.ogg,5.0,-6.3776,-47.4047,birdclef-2025/train_audio/greani1/XC769608.ogg,Aves,9.5869375
greani1,greani1/XC837928.ogg,5.0,-14.0858,-50.8244,birdclef-2025/train_audio/greani1/XC837928.ogg,Aves,4.75428125
greani1,greani1/XC85031.ogg,4.0,-19.1456,-40.0645,birdclef-2025/train_audio/greani1/XC85031.ogg,Aves,11.31103125
greani1,greani1/XC85032.ogg,4.0,-19.1456,-40.0645,birdclef-2025/train_audio/greani1/XC85032.ogg,Aves,5.43346875
greani1,greani1/XC901116.ogg,5.0,-13.2516,-50.5893,birdclef-2025/train_audio/greani1/XC901116.ogg,Aves,17.136
greani1,greani1/XC901376.ogg,5.0,-13.8891,-50.1832,birdclef-2025/train_audio/greani1/XC901376.ogg,Aves,10.632
greani1,greani1/XC9316.ogg,4.0,-0.4,-76.333,birdclef-2025/train_audio/greani1/XC9316.ogg,Aves,18.834
greani1,greani1/XC949484.ogg,4.5,-14.4095,-50.9777,birdclef-2025/train_audio/greani1/XC949484.ogg,Aves,4.231
greegr,greegr/XC116542.ogg,4.0,28.464,76.893,birdclef-2025/train_audio/greegr/XC116542.ogg,Aves,1.9330625
greegr,greegr/XC116543.ogg,4.0,26.6804,93.5596,birdclef-2025/train_audio/greegr/XC116543.ogg,Aves,1.8546875
greegr,greegr/XC116544.ogg,4.0,26.6804,93.5596,birdclef-2025/train_audio/greegr/XC116544.ogg,Aves,2.27265625
greegr,greegr/XC116545.ogg,4.0,26.6804,93.5596,birdclef-2025/train_audio/greegr/XC116545.ogg,Aves,3.39590625
greegr,greegr/XC123183.ogg,4.0,-22.6771,-47.9831,birdclef-2025/train_audio/greegr/XC123183.ogg,Aves,8.72490625
greegr,greegr/XC129760.ogg,4.0,-24.0458,-52.3828,birdclef-2025/train_audio/greegr/XC129760.ogg,Aves,12.669375
greegr,greegr/XC130689.ogg,5.0,26.4988,-80.2141,birdclef-2025/train_audio/greegr/XC130689.ogg,Aves,15.30775
greegr,greegr/XC131650.ogg,4.0,44.977,-93.324,birdclef-2025/train_audio/greegr/XC131650.ogg,Aves,6.16490625
greegr,greegr/XC143578.ogg,5.0,28.2267,-80.7645,birdclef-2025/train_audio/greegr/XC143578.ogg,Aves,5.688
greegr,greegr/XC143579.ogg,4.0,28.2267,-80.7645,birdclef-2025/train_audio/greegr/XC143579.ogg,Aves,11.544
greegr,greegr/XC145803.ogg,5.0,28.6812,-80.6943,birdclef-2025/train_audio/greegr/XC145803.ogg,Aves,4.968
greegr,greegr/XC147337.ogg,5.0,28.2267,-80.7645,birdclef-2025/train_audio/greegr/XC147337.ogg,Aves,11.136
greegr,greegr/XC149108.ogg,5.0,52.1218,20.5457,birdclef-2025/train_audio/greegr/XC149108.ogg,Aves,8.352
greegr,greegr/XC150992.ogg,4.0,5.4626,118.2526,birdclef-2025/train_audio/greegr/XC150992.ogg,Aves,7.28815625
greegr,greegr/XC151334.ogg,4.0,4.9327,100.4593,birdclef-2025/train_audio/greegr/XC151334.ogg,Aves,4.28409375
greegr,greegr/XC158114.ogg,4.0,39.4458,-74.4172,birdclef-2025/train_audio/greegr/XC158114.ogg,Aves,15.12490625
greegr,greegr/XC161273.ogg,5.0,28.2267,-80.7645,birdclef-2025/train_audio/greegr/XC161273.ogg,Aves,4.632
greegr,greegr/XC161276.ogg,5.0,28.2267,-80.7645,birdclef-2025/train_audio/greegr/XC161276.ogg,Aves,16.704
greegr,greegr/XC161538.ogg,5.0,52.5324,21.1958,birdclef-2025/train_audio/greegr/XC161538.ogg,Aves,3.816
greegr,greegr/XC167108.ogg,5.0,5.4544,118.1037,birdclef-2025/train_audio/greegr/XC167108.ogg,Aves,15.20325
greegr,greegr/XC167213.ogg,5.0,25.382,-80.6163,birdclef-2025/train_audio/greegr/XC167213.ogg,Aves,15.768
greegr,greegr/XC167719.ogg,5.0,44.6457,-1.0307,birdclef-2025/train_audio/greegr/XC167719.ogg,Aves,6.24325
greegr,greegr/XC17012.ogg,4.0,41.6156,-83.216,birdclef-2025/train_audio/greegr/XC17012.ogg,Aves,6.556
greegr,greegr/XC171678.ogg,4.0,-16.3811,-56.3503,birdclef-2025/train_audio/greegr/XC171678.ogg,Aves,11.736
greegr,greegr/XC187098.ogg,5.0,51.3722,23.256,birdclef-2025/train_audio/greegr/XC187098.ogg,Aves,5.256
greegr,greegr/XC188001.ogg,4.0,33.3896,-112.2599,birdclef-2025/train_audio/greegr/XC188001.ogg,Aves,6.19103125
greegr,greegr/XC188602.ogg,4.0,-38.0051,144.5904,birdclef-2025/train_audio/greegr/XC188602.ogg,Aves,4.4146875
greegr,greegr/XC198099.ogg,4.0,43.4186,-0.4584,birdclef-2025/train_audio/greegr/XC198099.ogg,Aves,15.59509375
greegr,greegr/XC240330.ogg,4.0,13.9667,104.8833,birdclef-2025/train_audio/greegr/XC240330.ogg,Aves,6.63509375
greegr,greegr/XC247286.ogg,5.0,7.059,-69.494,birdclef-2025/train_audio/greegr/XC247286.ogg,Aves,9.7436875
greegr,greegr/XC257308.ogg,5.0,-2.071,-80.738,birdclef-2025/train_audio/greegr/XC257308.ogg,Aves,14.6285625
greegr,greegr/XC257309.ogg,5.0,-0.703,-80.2,birdclef-2025/train_audio/greegr/XC257309.ogg,Aves,8.1763125
greegr,greegr/XC257310.ogg,4.0,-2.247,-80.941,birdclef-2025/train_audio/greegr/XC257310.ogg,Aves,9.87428125
greegr,greegr/XC2778.ogg,5.0,-14.8001,-64.9001,birdclef-2025/train_audio/greegr/XC2778.ogg,Aves,13.5836875
greegr,greegr/XC285219.ogg,5.0,50.4614,3.6773,birdclef-2025/train_audio/greegr/XC285219.ogg,Aves,11.57225
greegr,greegr/XC285221.ogg,5.0,50.4604,3.6781,birdclef-2025/train_audio/greegr/XC285221.ogg,Aves,8.4636875
greegr,greegr/XC287953.ogg,4.0,-22.4508,-42.7735,birdclef-2025/train_audio/greegr/XC287953.ogg,Aves,8.59428125
greegr,greegr/XC290048.ogg,4.0,19.295,-99.095,birdclef-2025/train_audio/greegr/XC290048.ogg,Aves,5.92978125
greegr,greegr/XC290049.ogg,4.0,19.295,-99.095,birdclef-2025/train_audio/greegr/XC290049.ogg,Aves,2.97796875
greegr,greegr/XC290050.ogg,5.0,19.295,-99.095,birdclef-2025/train_audio/greegr/XC290050.ogg,Aves,9.22121875
greegr,greegr/XC292923.ogg,4.0,18.0024,-94.5653,birdclef-2025/train_audio/greegr/XC292923.ogg,Aves,3.761625
greegr,greegr/XC298741.ogg,5.0,53.0272,5.9205,birdclef-2025/train_audio/greegr/XC298741.ogg,Aves,14.088
greegr,greegr/XC303739.ogg,4.0,46.9834,7.0476,birdclef-2025/train_audio/greegr/XC303739.ogg,Aves,5.976
greegr,greegr/XC304770.ogg,4.0,18.0005,-94.5573,birdclef-2025/train_audio/greegr/XC304770.ogg,Aves,3.3436875
greegr,greegr/XC307186.ogg,5.0,-25.3071,27.449,birdclef-2025/train_audio/greegr/XC307186.ogg,Aves,5.688
greegr,greegr/XC307187.ogg,5.0,-25.3071,27.449,birdclef-2025/train_audio/greegr/XC307187.ogg,Aves,6.144
greegr,greegr/XC307188.ogg,5.0,-25.3071,27.449,birdclef-2025/train_audio/greegr/XC307188.ogg,Aves,6.456
greegr,greegr/XC321346.ogg,5.0,-33.6271,26.5802,birdclef-2025/train_audio/greegr/XC321346.ogg,Aves,9.552
greegr,greegr/XC323526.ogg,5.0,-26.7166,-49.4856,birdclef-2025/train_audio/greegr/XC323526.ogg,Aves,12.43428125
greegr,greegr/XC331726.ogg,4.0,18.0357,-94.4722,birdclef-2025/train_audio/greegr/XC331726.ogg,Aves,4.64978125
greegr,greegr/XC336032.ogg,5.0,14.754,-17.411,birdclef-2025/train_audio/greegr/XC336032.ogg,Aves,4.28409375
greegr,greegr/XC337793.ogg,4.0,58.3926,26.5501,birdclef-2025/train_audio/greegr/XC337793.ogg,Aves,6.288
greegr,greegr/XC338469.ogg,4.0,52.2335,13.8373,birdclef-2025/train_audio/greegr/XC338469.ogg,Aves,0.548
greegr,greegr/XC345092.ogg,4.0,47.5169,5.3757,birdclef-2025/train_audio/greegr/XC345092.ogg,Aves,7.47103125
greegr,greegr/XC345145.ogg,4.0,44.9026,11.1777,birdclef-2025/train_audio/greegr/XC345145.ogg,Aves,9.82203125
greegr,greegr/XC351385.ogg,5.0,37.1058,-6.2577,birdclef-2025/train_audio/greegr/XC351385.ogg,Aves,5.27675
greegr,greegr/XC357715.ogg,4.0,-2.2191,-56.6905,birdclef-2025/train_audio/greegr/XC357715.ogg,Aves,7.632
greegr,greegr/XC365950.ogg,5.0,-33.5608,150.8196,birdclef-2025/train_audio/greegr/XC365950.ogg,Aves,14.736
greegr,greegr/XC389241.ogg,4.0,14.5178,-17.0545,birdclef-2025/train_audio/greegr/XC389241.ogg,Aves,8.306
greegr,greegr/XC390822.ogg,5.0,47.6284,9.5145,birdclef-2025/train_audio/greegr/XC390822.ogg,Aves,6.81796875
greegr,greegr/XC398626.ogg,5.0,-0.344,36.08,birdclef-2025/train_audio/greegr/XC398626.ogg,Aves,5.851
greegr,greegr/XC401201.ogg,4.0,47.9355,11.1429,birdclef-2025/train_audio/greegr/XC401201.ogg,Aves,2.56
greegr,greegr/XC425957.ogg,5.0,-3.3791,-80.1302,birdclef-2025/train_audio/greegr/XC425957.ogg,Aves,10.47509375
greegr,greegr/XC428239.ogg,5.0,51.3633,5.4933,birdclef-2025/train_audio/greegr/XC428239.ogg,Aves,4.989375
greegr,greegr/XC431288.ogg,5.0,-4.2889,-70.2948,birdclef-2025/train_audio/greegr/XC431288.ogg,Aves,17.65878125
greegr,greegr/XC437079.ogg,4.0,47.4854,92.387,birdclef-2025/train_audio/greegr/XC437079.ogg,Aves,6.192
greegr,greegr/XC437423.ogg,4.0,45.7534,5.441,birdclef-2025/train_audio/greegr/XC437423.ogg,Aves,6.81796875
greegr,greegr/XC437424.ogg,4.0,45.7534,5.441,birdclef-2025/train_audio/greegr/XC437424.ogg,Aves,5.6685625
greegr,greegr/XC443382.ogg,4.0,-14.625,-49.0051,birdclef-2025/train_audio/greegr/XC443382.ogg,Aves,8.56815625
greegr,greegr/XC447826.ogg,5.0,45.9524,5.071,birdclef-2025/train_audio/greegr/XC447826.ogg,Aves,3.970625
greegr,greegr/XC452101.ogg,4.0,33.2016,-115.597,birdclef-2025/train_audio/greegr/XC452101.ogg,Aves,15.312
greegr,greegr/XC452998.ogg,4.0,26.5878,-99.1487,birdclef-2025/train_audio/greegr/XC452998.ogg,Aves,16.2
greegr,greegr/XC452999.ogg,4.0,26.5878,-99.1487,birdclef-2025/train_audio/greegr/XC452999.ogg,Aves,13.2
greegr,greegr/XC453044.ogg,4.0,28.5785,-80.9961,birdclef-2025/train_audio/greegr/XC453044.ogg,Aves,6.816
greegr,greegr/XC454182.ogg,4.0,-27.7001,-57.1834,birdclef-2025/train_audio/greegr/XC454182.ogg,Aves,16.95346875
greegr,greegr/XC455644.ogg,4.0,18.0024,-94.5653,birdclef-2025/train_audio/greegr/XC455644.ogg,Aves,6.974
greegr,greegr/XC455650.ogg,4.0,18.0024,-94.5653,birdclef-2025/train_audio/greegr/XC455650.ogg,Aves,4.101
greegr,greegr/XC465581.ogg,4.0,23.0477,-109.697,birdclef-2025/train_audio/greegr/XC465581.ogg,Aves,12.61715625
greegr,greegr/XC466555.ogg,4.0,-3.117,-60.3826,birdclef-2025/train_audio/greegr/XC466555.ogg,Aves,17.1624375
greegr,greegr/XC468531.ogg,5.0,27.8256,-80.708,birdclef-2025/train_audio/greegr/XC468531.ogg,Aves,3.864
greegr,greegr/XC512125.ogg,4.0,41.5048,0.547,birdclef-2025/train_audio/greegr/XC512125.ogg,Aves,6.269
greegr,greegr/XC512126.ogg,4.0,41.5048,0.547,birdclef-2025/train_audio/greegr/XC512126.ogg,Aves,10.704
greegr,greegr/XC512483.ogg,4.0,52.1645,5.1225,birdclef-2025/train_audio/greegr/XC512483.ogg,Aves,7.0008125
greegr,greegr/XC513744.ogg,4.0,51.5337,17.329,birdclef-2025/train_audio/greegr/XC513744.ogg,Aves,15.816
greegr,greegr/XC515794.ogg,4.0,-8.1871,36.6653,birdclef-2025/train_audio/greegr/XC515794.ogg,Aves,8.16
greegr,greegr/XC515816.ogg,4.0,-8.1871,36.6653,birdclef-2025/train_audio/greegr/XC515816.ogg,Aves,6.768
greegr,greegr/XC515821.ogg,4.0,-8.1871,36.6653,birdclef-2025/train_audio/greegr/XC515821.ogg,Aves,1.464
greegr,greegr/XC515940.ogg,4.0,-8.1871,36.6653,birdclef-2025/train_audio/greegr/XC515940.ogg,Aves,6.744
greegr,greegr/XC515994.ogg,4.0,27.0937,56.8395,birdclef-2025/train_audio/greegr/XC515994.ogg,Aves,8.07184375
greegr,greegr/XC518943.ogg,5.0,45.9736,4.988,birdclef-2025/train_audio/greegr/XC518943.ogg,Aves,10.109375
greegr,greegr/XC518944.ogg,5.0,45.9736,4.988,birdclef-2025/train_audio/greegr/XC518944.ogg,Aves,11.46775
greegr,greegr/XC518984.ogg,5.0,53.5749,14.57,birdclef-2025/train_audio/greegr/XC518984.ogg,Aves,6.9746875
greegr,greegr/XC532749.ogg,4.0,35.5174,-120.6736,birdclef-2025/train_audio/greegr/XC532749.ogg,Aves,9.312
greegr,greegr/XC554102.ogg,5.0,51.4273,23.1302,birdclef-2025/train_audio/greegr/XC554102.ogg,Aves,11.28
greegr,greegr/XC560053.ogg,4.0,-31.6559,-57.9024,birdclef-2025/train_audio/greegr/XC560053.ogg,Aves,13.392
greegr,greegr/XC569906.ogg,4.0,56.2678,46.8142,birdclef-2025/train_audio/greegr/XC569906.ogg,Aves,15.333875
greegr,greegr/XC570049.ogg,5.0,25.6783,-108.9659,birdclef-2025/train_audio/greegr/XC570049.ogg,Aves,6.768
greegr,greegr/XC575428.ogg,5.0,58.3971,26.5377,birdclef-2025/train_audio/greegr/XC575428.ogg,Aves,7.92
greegr,greegr/XC58490.ogg,4.0,36.067,-83.231,birdclef-2025/train_audio/greegr/XC58490.ogg,Aves,8.3330625
greegr,greegr/XC586205.ogg,5.0,43.4882,4.4102,birdclef-2025/train_audio/greegr/XC586205.ogg,Aves,1.968
greegr,greegr/XC591078.ogg,5.0,51.3626,19.3649,birdclef-2025/train_audio/greegr/XC591078.ogg,Aves,5.544
greegr,greegr/XC598700.ogg,5.0,-22.9434,-43.0763,birdclef-2025/train_audio/greegr/XC598700.ogg,Aves,8.88
greegr,greegr/XC598767.ogg,4.0,19.3128,-99.6982,birdclef-2025/train_audio/greegr/XC598767.ogg,Aves,8.254
greegr,greegr/XC598967.ogg,4.0,55.3409,8.4793,birdclef-2025/train_audio/greegr/XC598967.ogg,Aves,5.808
greegr,greegr/XC605058.ogg,5.0,23.364,120.176,birdclef-2025/train_audio/greegr/XC605058.ogg,Aves,16.56
greegr,greegr/XC605059.ogg,5.0,23.364,120.176,birdclef-2025/train_audio/greegr/XC605059.ogg,Aves,3.24
greegr,greegr/XC605060.ogg,5.0,23.364,120.176,birdclef-2025/train_audio/greegr/XC605060.ogg,Aves,5.088
greegr,greegr/XC605061.ogg,5.0,23.364,120.176,birdclef-2025/train_audio/greegr/XC605061.ogg,Aves,5.688
greegr,greegr/XC605062.ogg,5.0,23.364,120.176,birdclef-2025/train_audio/greegr/XC605062.ogg,Aves,7.896
greegr,greegr/XC605063.ogg,5.0,23.364,120.176,birdclef-2025/train_audio/greegr/XC605063.ogg,Aves,13.536
greegr,greegr/XC605975.ogg,4.0,50.449,8.9118,birdclef-2025/train_audio/greegr/XC605975.ogg,Aves,11.598375
greegr,greegr/XC605976.ogg,4.0,50.449,8.9118,birdclef-2025/train_audio/greegr/XC605976.ogg,Aves,9.87428125
greegr,greegr/XC605977.ogg,4.0,50.449,8.9118,birdclef-2025/train_audio/greegr/XC605977.ogg,Aves,10.8669375
greegr,greegr/XC606999.ogg,4.0,48.7181,1.8306,birdclef-2025/train_audio/greegr/XC606999.ogg,Aves,4.44
greegr,greegr/XC610379.ogg,4.0,43.6028,4.554,birdclef-2025/train_audio/greegr/XC610379.ogg,Aves,6.164
greegr,greegr/XC613310.ogg,5.0,52.0102,4.9067,birdclef-2025/train_audio/greegr/XC613310.ogg,Aves,5.224
greegr,greegr/XC615283.ogg,5.0,46.7567,1.1693,birdclef-2025/train_audio/greegr/XC615283.ogg,Aves,8.04
greegr,greegr/XC615285.ogg,5.0,46.7567,1.1693,birdclef-2025/train_audio/greegr/XC615285.ogg,Aves,7.632
greegr,greegr/XC627082.ogg,4.0,51.8585,-8.2699,birdclef-2025/train_audio/greegr/XC627082.ogg,Aves,13.191
greegr,greegr/XC627083.ogg,4.0,51.8585,-8.2699,birdclef-2025/train_audio/greegr/XC627083.ogg,Aves,10.161
greegr,greegr/XC630526.ogg,5.0,54.1163,13.4388,birdclef-2025/train_audio/greegr/XC630526.ogg,Aves,7.706
greegr,greegr/XC638748.ogg,4.0,17.1583,-96.7624,birdclef-2025/train_audio/greegr/XC638748.ogg,Aves,2.14203125
greegr,greegr/XC645959.ogg,4.0,40.6389,0.7406,birdclef-2025/train_audio/greegr/XC645959.ogg,Aves,5.232
greegr,greegr/XC650016.ogg,4.0,46.3536,1.214,birdclef-2025/train_audio/greegr/XC650016.ogg,Aves,9.84
greegr,greegr/XC654338.ogg,4.0,-16.7546,-56.8813,birdclef-2025/train_audio/greegr/XC654338.ogg,Aves,15.83021875
greegr,greegr/XC655961.ogg,4.0,35.8217,126.4637,birdclef-2025/train_audio/greegr/XC655961.ogg,Aves,17.688
greegr,greegr/XC661723.ogg,5.0,32.2003,-115.1111,birdclef-2025/train_audio/greegr/XC661723.ogg,Aves,9.696
greegr,greegr/XC663143.ogg,5.0,19.3128,-99.6982,birdclef-2025/train_audio/greegr/XC663143.ogg,Aves,10.344
greegr,greegr/XC669141.ogg,4.0,42.9037,13.9077,birdclef-2025/train_audio/greegr/XC669141.ogg,Aves,14.952
greegr,greegr/XC669249.ogg,4.0,19.309,-99.6935,birdclef-2025/train_audio/greegr/XC669249.ogg,Aves,9.351
greegr,greegr/XC669884.ogg,4.0,58.7896,26.9639,birdclef-2025/train_audio/greegr/XC669884.ogg,Aves,6.024
greegr,greegr/XC672953.ogg,4.0,45.1112,18.4138,birdclef-2025/train_audio/greegr/XC672953.ogg,Aves,6.739
greegr,greegr/XC673449.ogg,5.0,45.101,18.1064,birdclef-2025/train_audio/greegr/XC673449.ogg,Aves,9.325
greegr,greegr/XC674495.ogg,4.0,-14.625,-49.0051,birdclef-2025/train_audio/greegr/XC674495.ogg,Aves,3.448
greegr,greegr/XC678001.ogg,4.0,51.9707,5.3833,birdclef-2025/train_audio/greegr/XC678001.ogg,Aves,8.952
greegr,greegr/XC679024.ogg,5.0,47.8596,11.0645,birdclef-2025/train_audio/greegr/XC679024.ogg,Aves,9.6914375
greegr,greegr/XC692235.ogg,4.0,-12.7945,143.3212,birdclef-2025/train_audio/greegr/XC692235.ogg,Aves,15.856
greegr,greegr/XC694714.ogg,4.0,47.7679,0.7145,birdclef-2025/train_audio/greegr/XC694714.ogg,Aves,11.18
greegr,greegr/XC705410.ogg,4.0,26.0062,-81.2432,birdclef-2025/train_audio/greegr/XC705410.ogg,Aves,15.024
greegr,greegr/XC705414.ogg,4.0,26.0062,-81.2432,birdclef-2025/train_audio/greegr/XC705414.ogg,Aves,13.632
greegr,greegr/XC705917.ogg,4.0,48.7446,-1.5699,birdclef-2025/train_audio/greegr/XC705917.ogg,Aves,2.52
greegr,greegr/XC705918.ogg,5.0,48.7233,-1.5156,birdclef-2025/train_audio/greegr/XC705918.ogg,Aves,8.28
greegr,greegr/XC709064.ogg,4.0,37.033,-7.8124,birdclef-2025/train_audio/greegr/XC709064.ogg,Aves,6.269375
greegr,greegr/XC711449.ogg,5.0,-33.2043,-70.8285,birdclef-2025/train_audio/greegr/XC711449.ogg,Aves,10.68409375
greegr,greegr/XC715673.ogg,4.0,48.725,1.8083,birdclef-2025/train_audio/greegr/XC715673.ogg,Aves,6.048
greegr,greegr/XC720907.ogg,5.0,47.8999,-4.3388,birdclef-2025/train_audio/greegr/XC720907.ogg,Aves,12.173
greegr,greegr/XC737360.ogg,4.0,-16.2792,25.9177,birdclef-2025/train_audio/greegr/XC737360.ogg,Aves,16.40490625
greegr,greegr/XC738072.ogg,5.0,53.8904,14.2804,birdclef-2025/train_audio/greegr/XC738072.ogg,Aves,12.56490625
greegr,greegr/XC746174.ogg,4.0,58.3247,26.7533,birdclef-2025/train_audio/greegr/XC746174.ogg,Aves,5.76
greegr,greegr/XC747042.ogg,5.0,38.7622,-120.9833,birdclef-2025/train_audio/greegr/XC747042.ogg,Aves,17.952
greegr,greegr/XC751146.ogg,5.0,30.8488,121.734,birdclef-2025/train_audio/greegr/XC751146.ogg,Aves,10.536
greegr,greegr/XC758130.ogg,5.0,25.0289,56.3668,birdclef-2025/train_audio/greegr/XC758130.ogg,Aves,9.48915625
greegr,greegr/XC764651.ogg,4.0,43.5652,4.5811,birdclef-2025/train_audio/greegr/XC764651.ogg,Aves,16.056
greegr,greegr/XC765285.ogg,5.0,47.2434,92.6651,birdclef-2025/train_audio/greegr/XC765285.ogg,Aves,8.04
greegr,greegr/XC765536.ogg,5.0,48.0813,92.5326,birdclef-2025/train_audio/greegr/XC765536.ogg,Aves,2.856
greegr,greegr/XC765537.ogg,5.0,48.0813,92.5326,birdclef-2025/train_audio/greegr/XC765537.ogg,Aves,6.0
greegr,greegr/XC777011.ogg,4.0,-1.6667,-80.7834,birdclef-2025/train_audio/greegr/XC777011.ogg,Aves,11.1334375
greegr,greegr/XC779171.ogg,5.0,50.3641,1.5621,birdclef-2025/train_audio/greegr/XC779171.ogg,Aves,5.664
greegr,greegr/XC781185.ogg,4.0,56.5444,9.2292,birdclef-2025/train_audio/greegr/XC781185.ogg,Aves,6.576
greegr,greegr/XC786296.ogg,4.0,43.579,-0.3004,birdclef-2025/train_audio/greegr/XC786296.ogg,Aves,6.687
greegr,greegr/XC787910.ogg,4.0,49.4514,0.3093,birdclef-2025/train_audio/greegr/XC787910.ogg,Aves,9.456
greegr,greegr/XC794544.ogg,4.0,22.5055,114.0731,birdclef-2025/train_audio/greegr/XC794544.ogg,Aves,7.032
greegr,greegr/XC796141.ogg,4.0,15.7863,-96.9385,birdclef-2025/train_audio/greegr/XC796141.ogg,Aves,7.31428125
greegr,greegr/XC797492.ogg,4.0,45.8056,0.7,birdclef-2025/train_audio/greegr/XC797492.ogg,Aves,7.2
greegr,greegr/XC811612.ogg,4.0,-30.9035,-57.9356,birdclef-2025/train_audio/greegr/XC811612.ogg,Aves,3.864
greegr,greegr/XC856599.ogg,5.0,-22.938,-43.0751,birdclef-2025/train_audio/greegr/XC856599.ogg,Aves,12.264
greegr,greegr/XC862521.ogg,5.0,11.4312,-69.6069,birdclef-2025/train_audio/greegr/XC862521.ogg,Aves,7.601625
greegr,greegr/XC863045.ogg,5.0,20.6091,58.1863,birdclef-2025/train_audio/greegr/XC863045.ogg,Aves,3.048
greegr,greegr/XC864254.ogg,4.0,45.618,15.8084,birdclef-2025/train_audio/greegr/XC864254.ogg,Aves,5.537
greegr,greegr/XC871419.ogg,4.0,36.3835,-6.2007,birdclef-2025/train_audio/greegr/XC871419.ogg,Aves,4.992
greegr,greegr/XC878767.ogg,4.0,-10.2543,-36.3716,birdclef-2025/train_audio/greegr/XC878767.ogg,Aves,14.17134375
greegr,greegr/XC896643.ogg,5.0,49.4532,0.3245,birdclef-2025/train_audio/greegr/XC896643.ogg,Aves,9.00946875
greegr,greegr/XC897905.ogg,5.0,48.0453,-4.6979,birdclef-2025/train_audio/greegr/XC897905.ogg,Aves,9.43659375
greegr,greegr/XC909311.ogg,5.0,30.4184,120.9106,birdclef-2025/train_audio/greegr/XC909311.ogg,Aves,6.87021875
greegr,greegr/XC921101.ogg,4.0,-23.6499,43.6052,birdclef-2025/train_audio/greegr/XC921101.ogg,Aves,6.576
greegr,greegr/XC925346.ogg,4.0,39.0271,-76.8233,birdclef-2025/train_audio/greegr/XC925346.ogg,Aves,9.817875
greegr,greegr/XC927875.ogg,4.0,58.7277,17.1311,birdclef-2025/train_audio/greegr/XC927875.ogg,Aves,9.024
greegr,greegr/XC929863.ogg,4.0,50.8407,4.6586,birdclef-2025/train_audio/greegr/XC929863.ogg,Aves,6.87
greegr,greegr/XC941049.ogg,5.0,-32.8606,-60.6486,birdclef-2025/train_audio/greegr/XC941049.ogg,Aves,7.94003125
greegr,greegr/XC946030.ogg,4.0,3.5026,-76.3552,birdclef-2025/train_audio/greegr/XC946030.ogg,Aves,11.13853125
greegr,greegr/XC946946.ogg,4.0,50.651,11.759,birdclef-2025/train_audio/greegr/XC946946.ogg,Aves,16.01015625
greegr,greegr/XC952787.ogg,4.0,48.0733,-2.0116,birdclef-2025/train_audio/greegr/XC952787.ogg,Aves,3.8956875
greibi1,greibi1/XC117429.ogg,4.0,0.2131,-72.4237,birdclef-2025/train_audio/greibi1/XC117429.ogg,Aves,19.278
greibi1,greibi1/XC176864.ogg,5.0,-26.995,-50.014,birdclef-2025/train_audio/greibi1/XC176864.ogg,Aves,8.3853125
greibi1,greibi1/XC178359.ogg,4.0,-22.5837,-47.5234,birdclef-2025/train_audio/greibi1/XC178359.ogg,Aves,12.0424375
greibi1,greibi1/XC206801.ogg,4.0,-5.7673,-67.7723,birdclef-2025/train_audio/greibi1/XC206801.ogg,Aves,15.768
greibi1,greibi1/XC211156.ogg,4.0,-23.418,-46.789,birdclef-2025/train_audio/greibi1/XC211156.ogg,Aves,8.07184375
greibi1,greibi1/XC2267.ogg,5.0,-13.55,-61.01,birdclef-2025/train_audio/greibi1/XC2267.ogg,Aves,18.07675
greibi1,greibi1/XC2793.ogg,5.0,-14.9001,-64.7167,birdclef-2025/train_audio/greibi1/XC2793.ogg,Aves,9.4563125
greibi1,greibi1/XC307916.ogg,4.0,0.2143,-51.0215,birdclef-2025/train_audio/greibi1/XC307916.ogg,Aves,11.76
greibi1,greibi1/XC323649.ogg,4.0,-9.2431,-49.9641,birdclef-2025/train_audio/greibi1/XC323649.ogg,Aves,14.7069375
greibi1,greibi1/XC326893.ogg,4.0,4.8507,-73.266,birdclef-2025/train_audio/greibi1/XC326893.ogg,Aves,12.984
greibi1,greibi1/XC414170.ogg,4.0,-16.6003,-49.2802,birdclef-2025/train_audio/greibi1/XC414170.ogg,Aves,4.91103125
greibi1,greibi1/XC431034.ogg,4.0,-29.0229,-50.7832,birdclef-2025/train_audio/greibi1/XC431034.ogg,Aves,7.944
greibi1,greibi1/XC431943.ogg,4.0,-22.8842,-48.4442,birdclef-2025/train_audio/greibi1/XC431943.ogg,Aves,3.03
greibi1,greibi1/XC46342.ogg,5.0,-16.5122,-56.7126,birdclef-2025/train_audio/greibi1/XC46342.ogg,Aves,15.17715625
greibi1,greibi1/XC490110.ogg,4.0,-9.595,-70.179,birdclef-2025/train_audio/greibi1/XC490110.ogg,Aves,17.3191875
greibi1,greibi1/XC496458.ogg,4.0,-22.473,-48.5638,birdclef-2025/train_audio/greibi1/XC496458.ogg,Aves,19.7485625
greibi1,greibi1/XC528969.ogg,4.0,-1.0425,-76.8864,birdclef-2025/train_audio/greibi1/XC528969.ogg,Aves,7.49715625
greibi1,greibi1/XC648880.ogg,4.0,-2.116,-76.2023,birdclef-2025/train_audio/greibi1/XC648880.ogg,Aves,8.64
greibi1,greibi1/XC683505.ogg,5.0,1.0072,-76.279,birdclef-2025/train_audio/greibi1/XC683505.ogg,Aves,11.83346875
greibi1,greibi1/XC761495.ogg,5.0,-16.0538,-49.604,birdclef-2025/train_audio/greibi1/XC761495.ogg,Aves,11.20653125
greibi1,greibi1/XC806621.ogg,4.0,-9.2856,-50.0142,birdclef-2025/train_audio/greibi1/XC806621.ogg,Aves,17.80715625
greibi1,greibi1/XC816906.ogg,5.0,-7.3499,-48.2929,birdclef-2025/train_audio/greibi1/XC816906.ogg,Aves,10.7885625
greibi1,greibi1/XC824883.ogg,4.0,-16.4456,-51.1201,birdclef-2025/train_audio/greibi1/XC824883.ogg,Aves,14.8375625
greibi1,greibi1/XC85214.ogg,4.0,-9.5981,-55.932,birdclef-2025/train_audio/greibi1/XC85214.ogg,Aves,15.4645
greibi1,greibi1/XC863848.ogg,4.5,-18.9287,-51.679,birdclef-2025/train_audio/greibi1/XC863848.ogg,Aves,5.276
greibi1,greibi1/XC922819.ogg,5.0,-25.7156,-54.4485,birdclef-2025/train_audio/greibi1/XC922819.ogg,Aves,12.43428125
greibi1,greibi1/XC98.ogg,4.0,-12.856,-69.362,birdclef-2025/train_audio/greibi1/XC98.ogg,Aves,19.330625
grekis,grekis/XC113044.ogg,5.0,9.124,-79.7104,birdclef-2025/train_audio/grekis/XC113044.ogg,Aves,15.20325
grekis,grekis/XC123376.ogg,4.0,-20.3163,-40.2965,birdclef-2025/train_audio/grekis/XC123376.ogg,Aves,12.32978125
grekis,grekis/XC127206.ogg,5.0,4.1809,-72.9136,birdclef-2025/train_audio/grekis/XC127206.ogg,Aves,12.0163125
grekis,grekis/XC144905.ogg,4.0,-21.05,-56.563,birdclef-2025/train_audio/grekis/XC144905.ogg,Aves,9.90040625
grekis,grekis/XC147035.ogg,4.0,-31.2924,-51.0326,birdclef-2025/train_audio/grekis/XC147035.ogg,Aves,6.03428125
grekis,grekis/XC148226.ogg,4.0,3.9506,-73.9667,birdclef-2025/train_audio/grekis/XC148226.ogg,Aves,18.39
grekis,grekis/XC154293.ogg,4.0,9.9039,-71.1039,birdclef-2025/train_audio/grekis/XC154293.ogg,Aves,13.3224375
grekis,grekis/XC154294.ogg,4.0,9.9039,-71.1039,birdclef-2025/train_audio/grekis/XC154294.ogg,Aves,12.51265625
grekis,grekis/XC156310.ogg,4.0,6.141,-75.6168,birdclef-2025/train_audio/grekis/XC156310.ogg,Aves,10.109375
grekis,grekis/XC165273.ogg,4.0,-22.4334,-44.6334,birdclef-2025/train_audio/grekis/XC165273.ogg,Aves,14.23675
grekis,grekis/XC166233.ogg,4.0,10.1434,-85.0428,birdclef-2025/train_audio/grekis/XC166233.ogg,Aves,4.5453125
grekis,grekis/XC170757.ogg,4.0,-31.2595,-50.9729,birdclef-2025/train_audio/grekis/XC170757.ogg,Aves,14.053
grekis,grekis/XC171684.ogg,4.0,-16.3811,-56.3503,birdclef-2025/train_audio/grekis/XC171684.ogg,Aves,12.048
grekis,grekis/XC180656.ogg,4.0,-6.7394,-76.2311,birdclef-2025/train_audio/grekis/XC180656.ogg,Aves,2.24653125
grekis,grekis/XC187994.ogg,4.0,-23.9557,-46.6503,birdclef-2025/train_audio/grekis/XC187994.ogg,Aves,11.856
grekis,grekis/XC1884.ogg,4.5,-13.55,-61.01,birdclef-2025/train_audio/grekis/XC1884.ogg,Aves,12.46040625
grekis,grekis/XC199144.ogg,5.0,-23.3254,-51.1996,birdclef-2025/train_audio/grekis/XC199144.ogg,Aves,10.9191875
grekis,grekis/XC205027.ogg,5.0,9.3666,-83.6608,birdclef-2025/train_audio/grekis/XC205027.ogg,Aves,19.04325
grekis,grekis/XC20514.ogg,4.0,8.7001,-73.7834,birdclef-2025/train_audio/grekis/XC20514.ogg,Aves,1.56
grekis,grekis/XC205964.ogg,4.0,13.9318,-89.0981,birdclef-2025/train_audio/grekis/XC205964.ogg,Aves,16.44
grekis,grekis/XC210228.ogg,5.0,-24.2667,-48.4167,birdclef-2025/train_audio/grekis/XC210228.ogg,Aves,16.5355
grekis,grekis/XC210230.ogg,4.0,-16.7626,-56.8528,birdclef-2025/train_audio/grekis/XC210230.ogg,Aves,7.1575625
grekis,grekis/XC211738.ogg,5.0,-23.6866,-46.7013,birdclef-2025/train_audio/grekis/XC211738.ogg,Aves,19.25225
grekis,grekis/XC211741.ogg,4.0,-23.6866,-46.7013,birdclef-2025/train_audio/grekis/XC211741.ogg,Aves,11.441625
grekis,grekis/XC221551.ogg,5.0,7.5637,-69.4968,birdclef-2025/train_audio/grekis/XC221551.ogg,Aves,8.09796875
grekis,grekis/XC233434.ogg,5.0,13.6987,-89.2761,birdclef-2025/train_audio/grekis/XC233434.ogg,Aves,12.852
grekis,grekis/XC248744.ogg,5.0,-0.498,-76.373,birdclef-2025/train_audio/grekis/XC248744.ogg,Aves,16.87509375
grekis,grekis/XC248805.ogg,5.0,-0.523,-76.438,birdclef-2025/train_audio/grekis/XC248805.ogg,Aves,9.76978125
grekis,grekis/XC258973.ogg,4.5,-0.548,-76.041,birdclef-2025/train_audio/grekis/XC258973.ogg,Aves,18.75590625
grekis,grekis/XC258974.ogg,5.0,-0.523,-76.438,birdclef-2025/train_audio/grekis/XC258974.ogg,Aves,8.1763125
grekis,grekis/XC260180.ogg,5.0,17.999,-94.527,birdclef-2025/train_audio/grekis/XC260180.ogg,Aves,8.933875
grekis,grekis/XC269793.ogg,4.0,-22.4508,-42.7735,birdclef-2025/train_audio/grekis/XC269793.ogg,Aves,5.56409375
grekis,grekis/XC278947.ogg,4.0,-22.4508,-42.7735,birdclef-2025/train_audio/grekis/XC278947.ogg,Aves,5.7469375
grekis,grekis/XC283754.ogg,5.0,-22.4683,-42.7595,birdclef-2025/train_audio/grekis/XC283754.ogg,Aves,12.32978125
grekis,grekis/XC285330.ogg,5.0,26.0737,-98.1442,birdclef-2025/train_audio/grekis/XC285330.ogg,Aves,7.08
grekis,grekis/XC285331.ogg,4.0,27.0446,-99.4449,birdclef-2025/train_audio/grekis/XC285331.ogg,Aves,18.048
grekis,grekis/XC302189.ogg,4.0,15.9334,-93.8001,birdclef-2025/train_audio/grekis/XC302189.ogg,Aves,11.18040625
grekis,grekis/XC307456.ogg,5.0,4.4497,-75.1316,birdclef-2025/train_audio/grekis/XC307456.ogg,Aves,15.216
grekis,grekis/XC313794.ogg,5.0,25.7399,-100.2872,birdclef-2025/train_audio/grekis/XC313794.ogg,Aves,7.824
grekis,grekis/XC328504.ogg,4.0,-3.117,-60.3826,birdclef-2025/train_audio/grekis/XC328504.ogg,Aves,15.048
grekis,grekis/XC329435.ogg,5.0,-3.9412,-79.2203,birdclef-2025/train_audio/grekis/XC329435.ogg,Aves,14.26284375
grekis,grekis/XC334513.ogg,4.0,15.9492,-93.8029,birdclef-2025/train_audio/grekis/XC334513.ogg,Aves,19.9575625
grekis,grekis/XC348984.ogg,4.0,32.9222,-107.3005,birdclef-2025/train_audio/grekis/XC348984.ogg,Aves,4.752
grekis,grekis/XC354876.ogg,4.0,2.7143,-60.6071,birdclef-2025/train_audio/grekis/XC354876.ogg,Aves,14.592
grekis,grekis/XC356485.ogg,5.0,-0.4667,-76.8334,birdclef-2025/train_audio/grekis/XC356485.ogg,Aves,16.68
grekis,grekis/XC356901.ogg,5.0,-0.4667,-76.8334,birdclef-2025/train_audio/grekis/XC356901.ogg,Aves,14.76
grekis,grekis/XC358314.ogg,4.0,16.123,-88.7981,birdclef-2025/train_audio/grekis/XC358314.ogg,Aves,10.056
grekis,grekis/XC359179.ogg,5.0,-22.3926,-42.3662,birdclef-2025/train_audio/grekis/XC359179.ogg,Aves,9.5346875
grekis,grekis/XC360610.ogg,4.0,26.2159,-97.3406,birdclef-2025/train_audio/grekis/XC360610.ogg,Aves,8.736
grekis,grekis/XC360620.ogg,5.0,26.2159,-97.3406,birdclef-2025/train_audio/grekis/XC360620.ogg,Aves,6.096
grekis,grekis/XC360625.ogg,5.0,26.5151,-99.1156,birdclef-2025/train_audio/grekis/XC360625.ogg,Aves,12.576
grekis,grekis/XC360723.ogg,5.0,26.5151,-99.1156,birdclef-2025/train_audio/grekis/XC360723.ogg,Aves,19.56
grekis,grekis/XC360732.ogg,5.0,26.5151,-99.1156,birdclef-2025/train_audio/grekis/XC360732.ogg,Aves,7.296
grekis,grekis/XC360733.ogg,4.0,26.5151,-99.1156,birdclef-2025/train_audio/grekis/XC360733.ogg,Aves,15.384
grekis,grekis/XC360954.ogg,5.0,26.0737,-98.1442,birdclef-2025/train_audio/grekis/XC360954.ogg,Aves,18.552
grekis,grekis/XC361496.ogg,5.0,26.0737,-98.1442,birdclef-2025/train_audio/grekis/XC361496.ogg,Aves,19.176
grekis,grekis/XC362267.ogg,4.0,26.2159,-97.3406,birdclef-2025/train_audio/grekis/XC362267.ogg,Aves,3.816
grekis,grekis/XC362274.ogg,4.0,26.5151,-99.1156,birdclef-2025/train_audio/grekis/XC362274.ogg,Aves,15.912
grekis,grekis/XC373369.ogg,5.0,13.3545,-89.0327,birdclef-2025/train_audio/grekis/XC373369.ogg,Aves,16.92
grekis,grekis/XC384206.ogg,5.0,12.6333,-87.1362,birdclef-2025/train_audio/grekis/XC384206.ogg,Aves,10.42284375
grekis,grekis/XC384518.ogg,5.0,12.6651,-86.4717,birdclef-2025/train_audio/grekis/XC384518.ogg,Aves,13.08734375
grekis,grekis/XC387677.ogg,5.0,4.9247,-52.2756,birdclef-2025/train_audio/grekis/XC387677.ogg,Aves,12.64325
grekis,grekis/XC388760.ogg,5.0,9.9373,-84.1801,birdclef-2025/train_audio/grekis/XC388760.ogg,Aves,16.392
grekis,grekis/XC390427.ogg,5.0,5.3959,-53.9868,birdclef-2025/train_audio/grekis/XC390427.ogg,Aves,8.3591875
grekis,grekis/XC391254.ogg,4.0,25.7616,-100.316,birdclef-2025/train_audio/grekis/XC391254.ogg,Aves,9.848
grekis,grekis/XC393272.ogg,5.0,-15.6361,-56.0668,birdclef-2025/train_audio/grekis/XC393272.ogg,Aves,4.4146875
grekis,grekis/XC394274.ogg,4.5,-20.4073,-54.6165,birdclef-2025/train_audio/grekis/XC394274.ogg,Aves,7.549375
grekis,grekis/XC401272.ogg,5.0,5.8002,-55.1182,birdclef-2025/train_audio/grekis/XC401272.ogg,Aves,3.44815625
grekis,grekis/XC413072.ogg,5.0,5.3959,-53.9868,birdclef-2025/train_audio/grekis/XC413072.ogg,Aves,6.58284375
grekis,grekis/XC423518.ogg,5.0,-14.625,-49.0051,birdclef-2025/train_audio/grekis/XC423518.ogg,Aves,5.59021875
grekis,grekis/XC424252.ogg,5.0,5.0413,-53.8275,birdclef-2025/train_audio/grekis/XC424252.ogg,Aves,8.2024375
grekis,grekis/XC431526.ogg,5.0,-9.5975,-55.9325,birdclef-2025/train_audio/grekis/XC431526.ogg,Aves,17.976
grekis,grekis/XC437010.ogg,5.0,-9.5975,-55.9325,birdclef-2025/train_audio/grekis/XC437010.ogg,Aves,4.224
grekis,grekis/XC438179.ogg,4.0,11.2789,-73.867,birdclef-2025/train_audio/grekis/XC438179.ogg,Aves,11.546125
grekis,grekis/XC452992.ogg,5.0,26.5151,-99.1156,birdclef-2025/train_audio/grekis/XC452992.ogg,Aves,5.712
grekis,grekis/XC452993.ogg,4.0,26.5151,-99.1156,birdclef-2025/train_audio/grekis/XC452993.ogg,Aves,7.392
grekis,grekis/XC453018.ogg,5.0,26.5151,-99.1156,birdclef-2025/train_audio/grekis/XC453018.ogg,Aves,11.184
grekis,grekis/XC454078.ogg,5.0,9.2003,-79.9837,birdclef-2025/train_audio/grekis/XC454078.ogg,Aves,10.9191875
grekis,grekis/XC461094.ogg,4.0,-35.2501,-59.2167,birdclef-2025/train_audio/grekis/XC461094.ogg,Aves,3.00409375
grekis,grekis/XC461614.ogg,5.0,-0.4714,-76.4603,birdclef-2025/train_audio/grekis/XC461614.ogg,Aves,11.064
grekis,grekis/XC484494.ogg,5.0,-0.4383,-76.2791,birdclef-2025/train_audio/grekis/XC484494.ogg,Aves,14.26284375
grekis,grekis/XC505911.ogg,4.0,26.0823,-98.129,birdclef-2025/train_audio/grekis/XC505911.ogg,Aves,18.456
grekis,grekis/XC507110.ogg,4.5,10.469,-66.8362,birdclef-2025/train_audio/grekis/XC507110.ogg,Aves,16.796
grekis,grekis/XC507692.ogg,4.0,26.1648,-97.6856,birdclef-2025/train_audio/grekis/XC507692.ogg,Aves,10.8408125
grekis,grekis/XC507693.ogg,5.0,26.2035,-97.4135,birdclef-2025/train_audio/grekis/XC507693.ogg,Aves,14.6546875
grekis,grekis/XC510928.ogg,4.0,-30.2037,-57.5145,birdclef-2025/train_audio/grekis/XC510928.ogg,Aves,9.768
grekis,grekis/XC51489.ogg,4.0,-22.1931,-63.9445,birdclef-2025/train_audio/grekis/XC51489.ogg,Aves,8.304
grekis,grekis/XC518540.ogg,4.0,25.6036,-109.0521,birdclef-2025/train_audio/grekis/XC518540.ogg,Aves,14.6285625
grekis,grekis/XC519772.ogg,5.0,25.6036,-109.0521,birdclef-2025/train_audio/grekis/XC519772.ogg,Aves,15.912
grekis,grekis/XC520722.ogg,5.0,5.7748,-55.1326,birdclef-2025/train_audio/grekis/XC520722.ogg,Aves,14.94203125
grekis,grekis/XC521097.ogg,4.0,4.5646,-74.9392,birdclef-2025/train_audio/grekis/XC521097.ogg,Aves,18.864
grekis,grekis/XC524046.ogg,4.0,5.0667,-74.8008,birdclef-2025/train_audio/grekis/XC524046.ogg,Aves,18.5730625
grekis,grekis/XC524053.ogg,4.0,9.63,-74.9122,birdclef-2025/train_audio/grekis/XC524053.ogg,Aves,10.24
grekis,grekis/XC524954.ogg,5.0,-16.3875,-39.1689,birdclef-2025/train_audio/grekis/XC524954.ogg,Aves,16.92734375
grekis,grekis/XC531462.ogg,5.0,10.0573,-84.4965,birdclef-2025/train_audio/grekis/XC531462.ogg,Aves,18.25959375
grekis,grekis/XC536355.ogg,5.0,-8.7512,-68.9938,birdclef-2025/train_audio/grekis/XC536355.ogg,Aves,10.3445
grekis,grekis/XC537411.ogg,5.0,10.2686,-84.1615,birdclef-2025/train_audio/grekis/XC537411.ogg,Aves,10.422
grekis,grekis/XC539947.ogg,5.0,10.4555,-84.6607,birdclef-2025/train_audio/grekis/XC539947.ogg,Aves,15.595
grekis,grekis/XC541411.ogg,5.0,17.18,-96.77,birdclef-2025/train_audio/grekis/XC541411.ogg,Aves,3.2653125
grekis,grekis/XC542483.ogg,5.0,1.4898,-75.6801,birdclef-2025/train_audio/grekis/XC542483.ogg,Aves,4.464
grekis,grekis/XC543429.ogg,5.0,4.351,-74.652,birdclef-2025/train_audio/grekis/XC543429.ogg,Aves,9.37796875
grekis,grekis/XC543861.ogg,4.0,-12.858,-71.367,birdclef-2025/train_audio/grekis/XC543861.ogg,Aves,5.2245
grekis,grekis/XC548958.ogg,5.0,-42.7788,-65.0255,birdclef-2025/train_audio/grekis/XC548958.ogg,Aves,3.918375
grekis,grekis/XC549480.ogg,4.5,3.3794,-76.5406,birdclef-2025/train_audio/grekis/XC549480.ogg,Aves,9.456
grekis,grekis/XC554911.ogg,5.0,17.18,-96.77,birdclef-2025/train_audio/grekis/XC554911.ogg,Aves,7.91509375
grekis,grekis/XC555889.ogg,5.0,-25.8667,-54.1667,birdclef-2025/train_audio/grekis/XC555889.ogg,Aves,9.16896875
grekis,grekis/XC558365.ogg,5.0,2.4799,-76.5406,birdclef-2025/train_audio/grekis/XC558365.ogg,Aves,3.36978125
grekis,grekis/XC56863.ogg,4.0,11.012,-74.8801,birdclef-2025/train_audio/grekis/XC56863.ogg,Aves,6.19103125
grekis,grekis/XC572749.ogg,5.0,19.2244,-104.7133,birdclef-2025/train_audio/grekis/XC572749.ogg,Aves,8.62040625
grekis,grekis/XC575705.ogg,4.0,-22.2957,-48.135,birdclef-2025/train_audio/grekis/XC575705.ogg,Aves,18.744
grekis,grekis/XC579236.ogg,5.0,14.3572,-87.6545,birdclef-2025/train_audio/grekis/XC579236.ogg,Aves,13.03509375
grekis,grekis/XC579640.ogg,4.0,18.8728,-99.2004,birdclef-2025/train_audio/grekis/XC579640.ogg,Aves,10.296
grekis,grekis/XC580858.ogg,5.0,-16.5126,-56.3755,birdclef-2025/train_audio/grekis/XC580858.ogg,Aves,4.8
grekis,grekis/XC583429.ogg,5.0,21.0917,-89.667,birdclef-2025/train_audio/grekis/XC583429.ogg,Aves,17.52815625
grekis,grekis/XC584175.ogg,5.0,-32.8606,-60.6486,birdclef-2025/train_audio/grekis/XC584175.ogg,Aves,6.45225
grekis,grekis/XC586393.ogg,4.0,-22.9403,-46.955,birdclef-2025/train_audio/grekis/XC586393.ogg,Aves,11.64
grekis,grekis/XC592826.ogg,5.0,1.4898,-75.6801,birdclef-2025/train_audio/grekis/XC592826.ogg,Aves,13.00896875
grekis,grekis/XC593047.ogg,5.0,3.3794,-76.5406,birdclef-2025/train_audio/grekis/XC593047.ogg,Aves,11.4
grekis,grekis/XC602887.ogg,5.0,4.3307,-74.3726,birdclef-2025/train_audio/grekis/XC602887.ogg,Aves,4.44
grekis,grekis/XC604880.ogg,5.0,4.6429,-75.9658,birdclef-2025/train_audio/grekis/XC604880.ogg,Aves,18.96490625
grekis,grekis/XC609727.ogg,5.0,15.6666,-96.5566,birdclef-2025/train_audio/grekis/XC609727.ogg,Aves,4.96325
grekis,grekis/XC616858.ogg,5.0,-23.6521,-46.6919,birdclef-2025/train_audio/grekis/XC616858.ogg,Aves,4.67590625
grekis,grekis/XC620889.ogg,5.0,-30.856,-62.929,birdclef-2025/train_audio/grekis/XC620889.ogg,Aves,4.20571875
grekis,grekis/XC621866.ogg,5.0,10.469,-66.8362,birdclef-2025/train_audio/grekis/XC621866.ogg,Aves,13.824
grekis,grekis/XC630555.ogg,4.0,-32.2341,-58.1302,birdclef-2025/train_audio/grekis/XC630555.ogg,Aves,14.471
grekis,grekis/XC646553.ogg,5.0,-9.7166,-35.801,birdclef-2025/train_audio/grekis/XC646553.ogg,Aves,3.50040625
grekis,grekis/XC649813.ogg,5.0,17.143,-96.7499,birdclef-2025/train_audio/grekis/XC649813.ogg,Aves,5.0155
grekis,grekis/XC664288.ogg,4.0,11.4408,-69.5937,birdclef-2025/train_audio/grekis/XC664288.ogg,Aves,16.431
grekis,grekis/XC668101.ogg,4.0,-16.3853,-51.5591,birdclef-2025/train_audio/grekis/XC668101.ogg,Aves,18.86040625
grekis,grekis/XC677016.ogg,4.0,-25.0984,-49.2401,birdclef-2025/train_audio/grekis/XC677016.ogg,Aves,13.4008125
grekis,grekis/XC688650.ogg,5.0,18.6906,-100.3324,birdclef-2025/train_audio/grekis/XC688650.ogg,Aves,19.6963125
grekis,grekis/XC688651.ogg,5.0,18.6906,-100.3324,birdclef-2025/train_audio/grekis/XC688651.ogg,Aves,17.58040625
grekis,grekis/XC690715.ogg,4.5,-16.6003,-49.2802,birdclef-2025/train_audio/grekis/XC690715.ogg,Aves,13.5836875
grekis,grekis/XC695905.ogg,5.0,-16.0538,-49.604,birdclef-2025/train_audio/grekis/XC695905.ogg,Aves,5.2245
grekis,grekis/XC704981.ogg,5.0,-31.1896,-59.9633,birdclef-2025/train_audio/grekis/XC704981.ogg,Aves,18.52
grekis,grekis/XC708132.ogg,4.5,-16.631,-48.6674,birdclef-2025/train_audio/grekis/XC708132.ogg,Aves,9.14284375
grekis,grekis/XC70828.ogg,4.5,-23.459,-45.072,birdclef-2025/train_audio/grekis/XC70828.ogg,Aves,4.72815625
grekis,grekis/XC720798.ogg,4.0,-9.2856,-50.0142,birdclef-2025/train_audio/grekis/XC720798.ogg,Aves,18.050625
grekis,grekis/XC734208.ogg,4.0,19.2693,-103.7263,birdclef-2025/train_audio/grekis/XC734208.ogg,Aves,8.856
grekis,grekis/XC741144.ogg,5.0,-14.625,-49.0051,birdclef-2025/train_audio/grekis/XC741144.ogg,Aves,18.834
grekis,grekis/XC743219.ogg,5.0,-16.5456,-49.1572,birdclef-2025/train_audio/grekis/XC743219.ogg,Aves,16.0914375
grekis,grekis/XC763568.ogg,4.0,5.023,-74.3285,birdclef-2025/train_audio/grekis/XC763568.ogg,Aves,4.032
grekis,grekis/XC769455.ogg,4.0,-6.3761,-47.1085,birdclef-2025/train_audio/grekis/XC769455.ogg,Aves,6.426125
grekis,grekis/XC770431.ogg,4.0,-0.4055,-76.6194,birdclef-2025/train_audio/grekis/XC770431.ogg,Aves,11.102
grekis,grekis/XC771667.ogg,4.0,4.843,-75.8187,birdclef-2025/train_audio/grekis/XC771667.ogg,Aves,19.04325
grekis,grekis/XC778566.ogg,5.0,-31.8667,-58.2097,birdclef-2025/train_audio/grekis/XC778566.ogg,Aves,7.366
grekis,grekis/XC78182.ogg,4.0,-19.1824,-48.3936,birdclef-2025/train_audio/grekis/XC78182.ogg,Aves,11.389375
grekis,grekis/XC796861.ogg,4.0,17.1543,-88.8522,birdclef-2025/train_audio/grekis/XC796861.ogg,Aves,14.12828125
grekis,grekis/XC797399.ogg,5.0,17.125,-89.0592,birdclef-2025/train_audio/grekis/XC797399.ogg,Aves,8.0764375
grekis,grekis/XC800090.ogg,4.0,-16.4727,-49.4959,birdclef-2025/train_audio/grekis/XC800090.ogg,Aves,6.19103125
grekis,grekis/XC811934.ogg,4.5,-16.9039,-49.2218,birdclef-2025/train_audio/grekis/XC811934.ogg,Aves,6.34775
grekis,grekis/XC816950.ogg,4.0,-6.7131,-47.017,birdclef-2025/train_audio/grekis/XC816950.ogg,Aves,8.097
grekis,grekis/XC817034.ogg,5.0,-6.7131,-47.017,birdclef-2025/train_audio/grekis/XC817034.ogg,Aves,8.09796875
grekis,grekis/XC82342.ogg,4.0,-12.6167,-41.3167,birdclef-2025/train_audio/grekis/XC82342.ogg,Aves,18.80815625
grekis,grekis/XC82344.ogg,4.0,-19.1456,-40.0645,birdclef-2025/train_audio/grekis/XC82344.ogg,Aves,13.27021875
grekis,grekis/XC82345.ogg,4.0,-25.6667,-54.4167,birdclef-2025/train_audio/grekis/XC82345.ogg,Aves,7.601625
grekis,grekis/XC829986.ogg,4.0,-15.5788,-56.1054,birdclef-2025/train_audio/grekis/XC829986.ogg,Aves,9.0359375
grekis,grekis/XC838478.ogg,5.0,11.4064,-69.6675,birdclef-2025/train_audio/grekis/XC838478.ogg,Aves,11.6245
grekis,grekis/XC838528.ogg,5.0,-18.9287,-51.679,birdclef-2025/train_audio/grekis/XC838528.ogg,Aves,8.62040625
grekis,grekis/XC838751.ogg,4.0,10.8564,-68.3634,birdclef-2025/train_audio/grekis/XC838751.ogg,Aves,7.758375
grekis,grekis/XC839479.ogg,5.0,-31.8165,-58.3214,birdclef-2025/train_audio/grekis/XC839479.ogg,Aves,17.24
grekis,grekis/XC841612.ogg,5.0,11.4064,-69.6675,birdclef-2025/train_audio/grekis/XC841612.ogg,Aves,1.8
grekis,grekis/XC864650.ogg,5.0,9.808,-84.6108,birdclef-2025/train_audio/grekis/XC864650.ogg,Aves,10.579
grekis,grekis/XC880436.ogg,5.0,10.673,-84.241,birdclef-2025/train_audio/grekis/XC880436.ogg,Aves,4.70121875
grekis,grekis/XC898263.ogg,5.0,-13.7317,-46.3549,birdclef-2025/train_audio/grekis/XC898263.ogg,Aves,2.063
grekis,grekis/XC898266.ogg,4.0,-13.7349,-46.3569,birdclef-2025/train_audio/grekis/XC898266.ogg,Aves,4.101
grekis,grekis/XC900944.ogg,5.0,25.9298,-97.4131,birdclef-2025/train_audio/grekis/XC900944.ogg,Aves,6.144
grekis,grekis/XC900946.ogg,5.0,25.9298,-97.4131,birdclef-2025/train_audio/grekis/XC900946.ogg,Aves,7.032
grekis,grekis/XC900947.ogg,5.0,25.9298,-97.4131,birdclef-2025/train_audio/grekis/XC900947.ogg,Aves,10.56
grekis,grekis/XC902344.ogg,4.0,-32.5142,-58.2934,birdclef-2025/train_audio/grekis/XC902344.ogg,Aves,4.248
grekis,grekis/XC911033.ogg,4.0,5.0647,-75.5922,birdclef-2025/train_audio/grekis/XC911033.ogg,Aves,8.52
grekis,grekis/XC915965.ogg,5.0,4.0744,-73.5829,birdclef-2025/train_audio/grekis/XC915965.ogg,Aves,17.42353125
grekis,grekis/XC917951.ogg,4.0,25.679,-100.2247,birdclef-2025/train_audio/grekis/XC917951.ogg,Aves,9.264
grekis,grekis/XC917956.ogg,4.0,25.7338,-100.2959,birdclef-2025/train_audio/grekis/XC917956.ogg,Aves,1.824
grekis,grekis/XC917967.ogg,4.0,25.737,-100.2918,birdclef-2025/train_audio/grekis/XC917967.ogg,Aves,1.536
grekis,grekis/XC919149.ogg,4.0,25.6681,-100.2515,birdclef-2025/train_audio/grekis/XC919149.ogg,Aves,1.968
grekis,grekis/XC920150.ogg,5.0,26.1826,-99.4467,birdclef-2025/train_audio/grekis/XC920150.ogg,Aves,5.472
grekis,grekis/XC925827.ogg,4.0,15.7307,-96.1671,birdclef-2025/train_audio/grekis/XC925827.ogg,Aves,8.37584375
grekis,grekis/XC939068.ogg,5.0,2.8044,-60.6718,birdclef-2025/train_audio/grekis/XC939068.ogg,Aves,13.139
grekis,grekis/XC946183.ogg,4.0,3.5026,-76.3552,birdclef-2025/train_audio/grekis/XC946183.ogg,Aves,4.87978125
grekis,grekis/XC946184.ogg,4.0,3.5026,-76.3552,birdclef-2025/train_audio/grekis/XC946184.ogg,Aves,3.88690625
grekis,grekis/XC946185.ogg,4.0,3.5026,-76.3552,birdclef-2025/train_audio/grekis/XC946185.ogg,Aves,1.3661875
grekis,grekis/XC955494.ogg,5.0,9.8328,-83.5635,birdclef-2025/train_audio/grekis/XC955494.ogg,Aves,15.9346875
gretin1,gretin1/XC129750.ogg,5.0,-9.5981,-55.932,birdclef-2025/train_audio/gretin1/XC129750.ogg,Aves,15.72
gretin1,gretin1/XC129845.ogg,4.0,-9.5981,-55.932,birdclef-2025/train_audio/gretin1/XC129845.ogg,Aves,5.664
gretin1,gretin1/XC165994.ogg,4.0,9.7751,-84.6167,birdclef-2025/train_audio/gretin1/XC165994.ogg,Aves,15.8563125
gretin1,gretin1/XC182258.ogg,4.0,9.125,-79.715,birdclef-2025/train_audio/gretin1/XC182258.ogg,Aves,2.856
gretin1,gretin1/XC28479.ogg,4.0,17.777,-89.0114,birdclef-2025/train_audio/gretin1/XC28479.ogg,Aves,19.0955
gretin1,gretin1/XC285207.ogg,4.0,15.0294,-86.7951,birdclef-2025/train_audio/gretin1/XC285207.ogg,Aves,15.54284375
gretin1,gretin1/XC371531.ogg,4.0,14.9541,-84.5268,birdclef-2025/train_audio/gretin1/XC371531.ogg,Aves,17.2669375
gretin1,gretin1/XC392986.ogg,5.0,-2.4042,-59.8673,birdclef-2025/train_audio/gretin1/XC392986.ogg,Aves,6.03428125
gretin1,gretin1/XC403323.ogg,4.0,4.7216,-52.3073,birdclef-2025/train_audio/gretin1/XC403323.ogg,Aves,16.7445
gretin1,gretin1/XC405722.ogg,4.0,3.8328,-76.8896,birdclef-2025/train_audio/gretin1/XC405722.ogg,Aves,15.542
gretin1,gretin1/XC449720.ogg,4.0,4.7216,-52.3073,birdclef-2025/train_audio/gretin1/XC449720.ogg,Aves,9.82203125
gretin1,gretin1/XC456377.ogg,4.0,3.8518,-51.8894,birdclef-2025/train_audio/gretin1/XC456377.ogg,Aves,17.03184375
gretin1,gretin1/XC505769.ogg,4.0,4.7962,-52.4577,birdclef-2025/train_audio/gretin1/XC505769.ogg,Aves,12.56490625
gretin1,gretin1/XC539735.ogg,4.0,4.7216,-52.3073,birdclef-2025/train_audio/gretin1/XC539735.ogg,Aves,12.32978125
gretin1,gretin1/XC556639.ogg,4.0,-8.9248,-62.1223,birdclef-2025/train_audio/gretin1/XC556639.ogg,Aves,10.056
gretin1,gretin1/XC557617.ogg,4.0,-9.4571,-70.4332,birdclef-2025/train_audio/gretin1/XC557617.ogg,Aves,11.28490625
gretin1,gretin1/XC621784.ogg,5.0,-12.8377,-69.858,birdclef-2025/train_audio/gretin1/XC621784.ogg,Aves,14.44571875
gretin1,gretin1/XC639885.ogg,4.0,-10.1904,-61.5721,birdclef-2025/train_audio/gretin1/XC639885.ogg,Aves,19.6963125
gretin1,gretin1/XC673696.ogg,4.0,-10.0546,-65.3751,birdclef-2025/train_audio/gretin1/XC673696.ogg,Aves,9.9
gretin1,gretin1/XC685672.ogg,4.0,-10.969,-69.4872,birdclef-2025/train_audio/gretin1/XC685672.ogg,Aves,13.27
gretin1,gretin1/XC686179.ogg,5.0,-11.1744,-69.4132,birdclef-2025/train_audio/gretin1/XC686179.ogg,Aves,14.08
gretin1,gretin1/XC890988.ogg,4.0,-0.6756,-77.6014,birdclef-2025/train_audio/gretin1/XC890988.ogg,Aves,12.55609375
gretin1,gretin1/XC92.ogg,4.0,-12.856,-69.362,birdclef-2025/train_audio/gretin1/XC92.ogg,Aves,19.14775
gretin1,gretin1/XC934742.ogg,5.0,5.2313,-52.8547,birdclef-2025/train_audio/gretin1/XC934742.ogg,Aves,8.9935
gretin1,gretin1/XC94.ogg,4.0,-12.856,-69.362,birdclef-2025/train_audio/gretin1/XC94.ogg,Aves,14.6024375
grnkin,grnkin/XC118474.ogg,4.0,-3.1914,-60.3528,birdclef-2025/train_audio/grnkin/XC118474.ogg,Aves,18.36409375
grnkin,grnkin/XC133539.ogg,4.0,13.4789,-87.6199,birdclef-2025/train_audio/grnkin/XC133539.ogg,Aves,17.3714375
grnkin,grnkin/XC161283.ogg,4.0,25.8506,-97.4202,birdclef-2025/train_audio/grnkin/XC161283.ogg,Aves,12.792
grnkin,grnkin/XC161284.ogg,4.0,25.8506,-97.4202,birdclef-2025/train_audio/grnkin/XC161284.ogg,Aves,5.016
grnkin,grnkin/XC161285.ogg,4.0,25.8506,-97.4202,birdclef-2025/train_audio/grnkin/XC161285.ogg,Aves,7.368
grnkin,grnkin/XC176853.ogg,4.0,-26.7691,-49.452,birdclef-2025/train_audio/grnkin/XC176853.ogg,Aves,14.8114375
grnkin,grnkin/XC197462.ogg,4.0,7.3682,-69.4407,birdclef-2025/train_audio/grnkin/XC197462.ogg,Aves,1.149375
grnkin,grnkin/XC238131.ogg,5.0,-3.431,-80.1,birdclef-2025/train_audio/grnkin/XC238131.ogg,Aves,8.90775
grnkin,grnkin/XC238132.ogg,5.0,-3.431,-80.1,birdclef-2025/train_audio/grnkin/XC238132.ogg,Aves,9.5346875
grnkin,grnkin/XC257916.ogg,5.0,-0.523,-76.438,birdclef-2025/train_audio/grnkin/XC257916.ogg,Aves,7.47103125
grnkin,grnkin/XC257917.ogg,5.0,0.083,-80.05,birdclef-2025/train_audio/grnkin/XC257917.ogg,Aves,8.59428125
grnkin,grnkin/XC257918.ogg,5.0,-0.703,-80.2,birdclef-2025/train_audio/grnkin/XC257918.ogg,Aves,13.3485625
grnkin,grnkin/XC257919.ogg,5.0,-0.703,-80.2,birdclef-2025/train_audio/grnkin/XC257919.ogg,Aves,9.43021875
grnkin,grnkin/XC261815.ogg,5.0,0.783,-78.95,birdclef-2025/train_audio/grnkin/XC261815.ogg,Aves,14.55021875
grnkin,grnkin/XC275282.ogg,5.0,-2.517,-79.655,birdclef-2025/train_audio/grnkin/XC275282.ogg,Aves,13.4791875
grnkin,grnkin/XC286577.ogg,4.0,-22.4508,-42.7735,birdclef-2025/train_audio/grnkin/XC286577.ogg,Aves,4.67590625
grnkin,grnkin/XC381810.ogg,5.0,-16.5034,-56.7451,birdclef-2025/train_audio/grnkin/XC381810.ogg,Aves,14.31509375
grnkin,grnkin/XC388477.ogg,4.0,26.9122,-108.9137,birdclef-2025/train_audio/grnkin/XC388477.ogg,Aves,12.264
grnkin,grnkin/XC400952.ogg,4.5,27.7834,-109.8984,birdclef-2025/train_audio/grnkin/XC400952.ogg,Aves,12.56490625
grnkin,grnkin/XC400956.ogg,5.0,27.7834,-109.8984,birdclef-2025/train_audio/grnkin/XC400956.ogg,Aves,9.11675
grnkin,grnkin/XC446434.ogg,4.0,27.7834,-109.8984,birdclef-2025/train_audio/grnkin/XC446434.ogg,Aves,6.55675
grnkin,grnkin/XC446435.ogg,4.0,26.9122,-108.9137,birdclef-2025/train_audio/grnkin/XC446435.ogg,Aves,17.76325
grnkin,grnkin/XC447728.ogg,4.0,15.2899,-92.9603,birdclef-2025/train_audio/grnkin/XC447728.ogg,Aves,11.75509375
grnkin,grnkin/XC456568.ogg,4.0,31.4988,-110.8447,birdclef-2025/train_audio/grnkin/XC456568.ogg,Aves,11.76
grnkin,grnkin/XC456751.ogg,5.0,31.4988,-110.8447,birdclef-2025/train_audio/grnkin/XC456751.ogg,Aves,13.248
grnkin,grnkin/XC506896.ogg,4.0,3.9917,-73.7661,birdclef-2025/train_audio/grnkin/XC506896.ogg,Aves,12.0424375
grnkin,grnkin/XC514668.ogg,4.0,-15.0846,-44.2687,birdclef-2025/train_audio/grnkin/XC514668.ogg,Aves,17.1885625
grnkin,grnkin/XC516956.ogg,5.0,-13.6352,-61.735,birdclef-2025/train_audio/grnkin/XC516956.ogg,Aves,6.84
grnkin,grnkin/XC539538.ogg,4.0,8.1068,-80.7177,birdclef-2025/train_audio/grnkin/XC539538.ogg,Aves,11.04
grnkin,grnkin/XC608280.ogg,4.0,8.6194,-83.4759,birdclef-2025/train_audio/grnkin/XC608280.ogg,Aves,12.0685625
grnkin,grnkin/XC615055.ogg,4.0,15.669,-96.5732,birdclef-2025/train_audio/grnkin/XC615055.ogg,Aves,4.25796875
grnkin,grnkin/XC615056.ogg,4.0,15.669,-96.5732,birdclef-2025/train_audio/grnkin/XC615056.ogg,Aves,16.1175625
grnkin,grnkin/XC615057.ogg,4.0,15.669,-96.5732,birdclef-2025/train_audio/grnkin/XC615057.ogg,Aves,3.68325
grnkin,grnkin/XC623992.ogg,4.0,15.669,-96.5732,birdclef-2025/train_audio/grnkin/XC623992.ogg,Aves,6.556
grnkin,grnkin/XC665853.ogg,4.0,-26.4128,-48.6295,birdclef-2025/train_audio/grnkin/XC665853.ogg,Aves,14.712
grnkin,grnkin/XC705454.ogg,4.0,-20.7882,-51.7031,birdclef-2025/train_audio/grnkin/XC705454.ogg,Aves,7.99346875
grnkin,grnkin/XC809017.ogg,5.0,11.0382,-84.6926,birdclef-2025/train_audio/grnkin/XC809017.ogg,Aves,8.424
grnkin,grnkin/XC809842.ogg,5.0,18.416,-93.1668,birdclef-2025/train_audio/grnkin/XC809842.ogg,Aves,6.4041875
grnkin,grnkin/XC837901.ogg,5.0,-14.0858,-50.8244,birdclef-2025/train_audio/grnkin/XC837901.ogg,Aves,5.48571875
grnkin,grnkin/XC837906.ogg,5.0,-14.0858,-50.8244,birdclef-2025/train_audio/grnkin/XC837906.ogg,Aves,6.81796875
grnkin,grnkin/XC838555.ogg,5.0,-18.9287,-51.679,birdclef-2025/train_audio/grnkin/XC838555.ogg,Aves,3.2130625
grnkin,grnkin/XC939554.ogg,4.0,1.4022,-60.9869,birdclef-2025/train_audio/grnkin/XC939554.ogg,Aves,3.474
grnkin,grnkin/XC946043.ogg,4.0,3.5026,-76.3552,birdclef-2025/train_audio/grnkin/XC946043.ogg,Aves,3.4191875
grnkin,grnkin/XC961639.ogg,5.0,29.5616,-104.3951,birdclef-2025/train_audio/grnkin/XC961639.ogg,Aves,13.10540625
gybmar,gybmar/XC146302.ogg,4.0,18.0024,-94.5653,birdclef-2025/train_audio/gybmar/XC146302.ogg,Aves,15.2555
gybmar,gybmar/XC180910.ogg,4.0,-5.7363,-77.5046,birdclef-2025/train_audio/gybmar/XC180910.ogg,Aves,9.0645
gybmar,gybmar/XC193649.ogg,4.0,-3.8464,-79.6748,birdclef-2025/train_audio/gybmar/XC193649.ogg,Aves,10.9975625
gybmar,gybmar/XC213474.ogg,4.0,5.4992,-76.5418,birdclef-2025/train_audio/gybmar/XC213474.ogg,Aves,14.23675
gybmar,gybmar/XC243000.ogg,5.0,-2.071,-80.738,birdclef-2025/train_audio/gybmar/XC243000.ogg,Aves,9.5869375
gybmar,gybmar/XC259252.ogg,5.0,-0.633,-80.367,birdclef-2025/train_audio/gybmar/XC259252.ogg,Aves,17.2669375
gybmar,gybmar/XC259253.ogg,5.0,0.083,-80.05,birdclef-2025/train_audio/gybmar/XC259253.ogg,Aves,13.949375
gybmar,gybmar/XC259255.ogg,5.0,0.083,-80.05,birdclef-2025/train_audio/gybmar/XC259255.ogg,Aves,7.52325
gybmar,gybmar/XC318485.ogg,5.0,9.3593,-75.9775,birdclef-2025/train_audio/gybmar/XC318485.ogg,Aves,9.16896875
gybmar,gybmar/XC318531.ogg,5.0,9.3621,-75.978,birdclef-2025/train_audio/gybmar/XC318531.ogg,Aves,5.9036875
gybmar,gybmar/XC335799.ogg,4.0,20.7008,-105.5831,birdclef-2025/train_audio/gybmar/XC335799.ogg,Aves,11.85959375
gybmar,gybmar/XC383349.ogg,4.0,9.8799,-85.5309,birdclef-2025/train_audio/gybmar/XC383349.ogg,Aves,10.9191875
gybmar,gybmar/XC395342.ogg,5.0,-2.4042,-59.8673,birdclef-2025/train_audio/gybmar/XC395342.ogg,Aves,15.804
gybmar,gybmar/XC401365.ogg,5.0,-16.5631,-49.285,birdclef-2025/train_audio/gybmar/XC401365.ogg,Aves,8.48978125
gybmar,gybmar/XC443391.ogg,5.0,-14.625,-49.0051,birdclef-2025/train_audio/gybmar/XC443391.ogg,Aves,18.12896875
gybmar,gybmar/XC448458.ogg,5.0,-14.625,-49.0051,birdclef-2025/train_audio/gybmar/XC448458.ogg,Aves,6.269
gybmar,gybmar/XC460426.ogg,5.0,10.6434,-61.2349,birdclef-2025/train_audio/gybmar/XC460426.ogg,Aves,12.6955
gybmar,gybmar/XC461394.ogg,4.5,-0.4714,-76.4603,birdclef-2025/train_audio/gybmar/XC461394.ogg,Aves,9.864
gybmar,gybmar/XC493253.ogg,5.0,-6.7455,-46.9907,birdclef-2025/train_audio/gybmar/XC493253.ogg,Aves,5.43346875
gybmar,gybmar/XC560054.ogg,5.0,4.7216,-52.3073,birdclef-2025/train_audio/gybmar/XC560054.ogg,Aves,10.08325
gybmar,gybmar/XC599206.ogg,5.0,-16.5631,-49.285,birdclef-2025/train_audio/gybmar/XC599206.ogg,Aves,5.7730625
gybmar,gybmar/XC602259.ogg,4.0,-22.9434,-43.0763,birdclef-2025/train_audio/gybmar/XC602259.ogg,Aves,10.579
gybmar,gybmar/XC605335.ogg,5.0,-22.9516,-43.0472,birdclef-2025/train_audio/gybmar/XC605335.ogg,Aves,9.744
gybmar,gybmar/XC656901.ogg,5.0,-6.0697,-50.0627,birdclef-2025/train_audio/gybmar/XC656901.ogg,Aves,11.99021875
gybmar,gybmar/XC661067.ogg,4.0,11.4325,-69.6163,birdclef-2025/train_audio/gybmar/XC661067.ogg,Aves,7.272
gybmar,gybmar/XC674643.ogg,4.0,5.3161,-74.913,birdclef-2025/train_audio/gybmar/XC674643.ogg,Aves,14.94203125
gybmar,gybmar/XC755092.ogg,4.0,-11.7734,-55.3891,birdclef-2025/train_audio/gybmar/XC755092.ogg,Aves,3.3436875
gybmar,gybmar/XC769498.ogg,5.0,-6.3761,-47.1085,birdclef-2025/train_audio/gybmar/XC769498.ogg,Aves,12.53878125
gybmar,gybmar/XC806501.ogg,4.0,14.3868,-87.6197,birdclef-2025/train_audio/gybmar/XC806501.ogg,Aves,8.45740625
gybmar,gybmar/XC823532.ogg,4.0,5.45,-55.19,birdclef-2025/train_audio/gybmar/XC823532.ogg,Aves,4.6980625
gybmar,gybmar/XC837436.ogg,4.0,-14.0858,-50.8244,birdclef-2025/train_audio/gybmar/XC837436.ogg,Aves,6.2955
gybmar,gybmar/XC838862.ogg,5.0,10.8564,-68.3634,birdclef-2025/train_audio/gybmar/XC838862.ogg,Aves,10.08325
gybmar,gybmar/XC918983.ogg,4.0,11.4379,-69.5966,birdclef-2025/train_audio/gybmar/XC918983.ogg,Aves,5.8253125
gybmar,gybmar/XC946192.ogg,4.0,3.5026,-76.3552,birdclef-2025/train_audio/gybmar/XC946192.ogg,Aves,3.05765625
gybmar,gybmar/XC946193.ogg,4.0,3.5026,-76.3552,birdclef-2025/train_audio/gybmar/XC946193.ogg,Aves,2.5344375
gybmar,gybmar/XC946195.ogg,4.0,3.5026,-76.3552,birdclef-2025/train_audio/gybmar/XC946195.ogg,Aves,11.8025
gycwor1,gycwor1/XC118412.ogg,4.0,9.904,-62.798,birdclef-2025/train_audio/gycwor1/XC118412.ogg,Aves,18.5208125
gycwor1,gycwor1/XC125466.ogg,4.0,9.904,-62.798,birdclef-2025/train_audio/gycwor1/XC125466.ogg,Aves,18.5208125
gycwor1,gycwor1/XC157662.ogg,4.0,4.9214,-75.0769,birdclef-2025/train_audio/gycwor1/XC157662.ogg,Aves,19.826
gycwor1,gycwor1/XC185717.ogg,4.0,-21.854,-47.4925,birdclef-2025/train_audio/gycwor1/XC185717.ogg,Aves,5.7730625
gycwor1,gycwor1/XC191816.ogg,4.0,-0.6404,-75.8092,birdclef-2025/train_audio/gycwor1/XC191816.ogg,Aves,15.552
gycwor1,gycwor1/XC193533.ogg,5.0,8.7895,-82.9714,birdclef-2025/train_audio/gycwor1/XC193533.ogg,Aves,4.85878125
gycwor1,gycwor1/XC197443.ogg,5.0,5.9373,-67.2649,birdclef-2025/train_audio/gycwor1/XC197443.ogg,Aves,15.09878125
gycwor1,gycwor1/XC200144.ogg,4.0,9.7031,-69.6048,birdclef-2025/train_audio/gycwor1/XC200144.ogg,Aves,9.5869375
gycwor1,gycwor1/XC200146.ogg,4.0,9.7031,-69.6048,birdclef-2025/train_audio/gycwor1/XC200146.ogg,Aves,15.438375
gycwor1,gycwor1/XC252699.ogg,4.0,-31.352,-57.9785,birdclef-2025/train_audio/gycwor1/XC252699.ogg,Aves,19.51346875
gycwor1,gycwor1/XC343067.ogg,4.0,-27.6003,-48.5109,birdclef-2025/train_audio/gycwor1/XC343067.ogg,Aves,10.9453125
gycwor1,gycwor1/XC402549.ogg,5.0,7.8436,-77.1345,birdclef-2025/train_audio/gycwor1/XC402549.ogg,Aves,14.136
gycwor1,gycwor1/XC455602.ogg,5.0,-16.6003,-49.2802,birdclef-2025/train_audio/gycwor1/XC455602.ogg,Aves,4.179
gycwor1,gycwor1/XC491670.ogg,4.0,-4.2298,-38.922,birdclef-2025/train_audio/gycwor1/XC491670.ogg,Aves,18.729
gycwor1,gycwor1/XC500144.ogg,4.0,9.4032,-83.6708,birdclef-2025/train_audio/gycwor1/XC500144.ogg,Aves,19.8791875
gycwor1,gycwor1/XC501765.ogg,5.0,-16.6869,-49.2648,birdclef-2025/train_audio/gycwor1/XC501765.ogg,Aves,5.376
gycwor1,gycwor1/XC538559.ogg,4.0,-34.8493,-56.1973,birdclef-2025/train_audio/gycwor1/XC538559.ogg,Aves,18.07675
gycwor1,gycwor1/XC56954.ogg,4.0,10.9901,-74.7451,birdclef-2025/train_audio/gycwor1/XC56954.ogg,Aves,10.318375
gycwor1,gycwor1/XC63130.ogg,4.0,-11.8667,-71.3667,birdclef-2025/train_audio/gycwor1/XC63130.ogg,Aves,16.74
gycwor1,gycwor1/XC694756.ogg,4.0,9.8222,-83.0629,birdclef-2025/train_audio/gycwor1/XC694756.ogg,Aves,17.92
gycwor1,gycwor1/XC768811.ogg,4.5,-6.561,-47.4611,birdclef-2025/train_audio/gycwor1/XC768811.ogg,Aves,15.20325
gycwor1,gycwor1/XC814863.ogg,4.0,-16.4456,-51.1201,birdclef-2025/train_audio/gycwor1/XC814863.ogg,Aves,17.841625
gycwor1,gycwor1/XC8226.ogg,5.0,10.5178,-63.1173,birdclef-2025/train_audio/gycwor1/XC8226.ogg,Aves,11.78121875
gycwor1,gycwor1/XC872676.ogg,4.0,-16.5861,-50.3034,birdclef-2025/train_audio/gycwor1/XC872676.ogg,Aves,8.097
gycwor1,gycwor1/XC943585.ogg,4.0,-25.6817,-54.4538,birdclef-2025/train_audio/gycwor1/XC943585.ogg,Aves,16.37878125
gycwor1,gycwor1/XC946029.ogg,4.0,3.5026,-76.3552,birdclef-2025/train_audio/gycwor1/XC946029.ogg,Aves,17.29125
labter1,labter1/XC179537.ogg,4.0,-2.3734,-65.2598,birdclef-2025/train_audio/labter1/XC179537.ogg,Aves,13.824
labter1,labter1/XC182559.ogg,5.0,-0.4806,-75.3593,birdclef-2025/train_audio/labter1/XC182559.ogg,Aves,8.96
labter1,labter1/XC244963.ogg,5.0,5.3131,-71.3681,birdclef-2025/train_audio/labter1/XC244963.ogg,Aves,7.0791875
labter1,labter1/XC299488.ogg,5.0,-12.6959,-63.2619,birdclef-2025/train_audio/labter1/XC299488.ogg,Aves,10.762
labter1,labter1/XC340158.ogg,5.0,-3.3154,-60.6397,birdclef-2025/train_audio/labter1/XC340158.ogg,Aves,10.608
labter1,labter1/XC415991.ogg,5.0,-13.15,-43.5389,birdclef-2025/train_audio/labter1/XC415991.ogg,Aves,14.52
labter1,labter1/XC422214.ogg,4.5,-16.3834,-56.6167,birdclef-2025/train_audio/labter1/XC422214.ogg,Aves,10.9714375
labter1,labter1/XC440984.ogg,5.0,-14.2084,-50.5964,birdclef-2025/train_audio/labter1/XC440984.ogg,Aves,9.87428125
labter1,labter1/XC450822.ogg,5.0,3.4751,-72.3764,birdclef-2025/train_audio/labter1/XC450822.ogg,Aves,3.343
labter1,labter1/XC556482.ogg,4.5,-9.181,-64.5126,birdclef-2025/train_audio/labter1/XC556482.ogg,Aves,11.376
labter1,labter1/XC556483.ogg,4.5,-9.181,-64.5126,birdclef-2025/train_audio/labter1/XC556483.ogg,Aves,11.64
labter1,labter1/XC589897.ogg,5.0,1.4898,-75.6801,birdclef-2025/train_audio/labter1/XC589897.ogg,Aves,7.0008125
labter1,labter1/XC604267.ogg,5.0,-14.625,-49.0051,birdclef-2025/train_audio/labter1/XC604267.ogg,Aves,3.2391875
labter1,labter1/XC630542.ogg,5.0,-32.0855,-58.1695,birdclef-2025/train_audio/labter1/XC630542.ogg,Aves,18.729
labter1,labter1/XC668764.ogg,5.0,-9.2856,-50.0142,birdclef-2025/train_audio/labter1/XC668764.ogg,Aves,19.14775
labter1,labter1/XC674493.ogg,5.0,-14.625,-49.0051,birdclef-2025/train_audio/labter1/XC674493.ogg,Aves,3.944
labter1,labter1/XC683572.ogg,5.0,-32.8606,-60.6486,birdclef-2025/train_audio/labter1/XC683572.ogg,Aves,17.08409375
labter1,labter1/XC708669.ogg,5.0,-19.727,-50.1938,birdclef-2025/train_audio/labter1/XC708669.ogg,Aves,6.55675
labter1,labter1/XC708670.ogg,5.0,-19.727,-50.1938,birdclef-2025/train_audio/labter1/XC708670.ogg,Aves,5.53796875
labter1,labter1/XC714305.ogg,4.0,-34.3338,-53.8347,birdclef-2025/train_audio/labter1/XC714305.ogg,Aves,10.47509375
labter1,labter1/XC794817.ogg,4.0,-9.2856,-50.0142,birdclef-2025/train_audio/labter1/XC794817.ogg,Aves,14.171375
labter1,labter1/XC837904.ogg,4.5,-14.0858,-50.8244,birdclef-2025/train_audio/labter1/XC837904.ogg,Aves,12.8
laufal1,laufal1/XC147266.ogg,5.0,9.904,-62.798,birdclef-2025/train_audio/laufal1/XC147266.ogg,Aves,8.784
laufal1,laufal1/XC167957.ogg,4.0,10.1654,-69.5186,birdclef-2025/train_audio/laufal1/XC167957.ogg,Aves,17.68490625
laufal1,laufal1/XC175263.ogg,4.0,1.6463,-75.5076,birdclef-2025/train_audio/laufal1/XC175263.ogg,Aves,9.82203125
laufal1,laufal1/XC189759.ogg,4.0,15.5654,-88.004,birdclef-2025/train_audio/laufal1/XC189759.ogg,Aves,5.51184375
laufal1,laufal1/XC212043.ogg,4.0,-13.7349,-46.3569,birdclef-2025/train_audio/laufal1/XC212043.ogg,Aves,13.752
laufal1,laufal1/XC264383.ogg,5.0,-1.333,-79.583,birdclef-2025/train_audio/laufal1/XC264383.ogg,Aves,7.44490625
laufal1,laufal1/XC281915.ogg,4.0,-0.7,-76.0,birdclef-2025/train_audio/laufal1/XC281915.ogg,Aves,18.4685625
laufal1,laufal1/XC297071.ogg,4.0,-5.7078,-79.7251,birdclef-2025/train_audio/laufal1/XC297071.ogg,Aves,13.92325
laufal1,laufal1/XC299181.ogg,4.0,-20.7882,-51.703,birdclef-2025/train_audio/laufal1/XC299181.ogg,Aves,17.472
laufal1,laufal1/XC311991.ogg,4.0,14.3817,-87.5955,birdclef-2025/train_audio/laufal1/XC311991.ogg,Aves,12.1991875
laufal1,laufal1/XC327072.ogg,4.0,4.8494,-73.2684,birdclef-2025/train_audio/laufal1/XC327072.ogg,Aves,7.152
laufal1,laufal1/XC327073.ogg,4.0,4.8515,-73.268,birdclef-2025/train_audio/laufal1/XC327073.ogg,Aves,11.952
laufal1,laufal1/XC349044.ogg,4.0,-20.309,-46.5234,birdclef-2025/train_audio/laufal1/XC349044.ogg,Aves,13.4791875
laufal1,laufal1/XC352299.ogg,4.0,20.3747,-97.2359,birdclef-2025/train_audio/laufal1/XC352299.ogg,Aves,7.91509375
laufal1,laufal1/XC353715.ogg,4.0,17.6414,-88.3521,birdclef-2025/train_audio/laufal1/XC353715.ogg,Aves,15.542
laufal1,laufal1/XC384177.ogg,4.0,-28.1672,-49.2214,birdclef-2025/train_audio/laufal1/XC384177.ogg,Aves,15.9085625
laufal1,laufal1/XC387567.ogg,5.0,5.6709,-67.5551,birdclef-2025/train_audio/laufal1/XC387567.ogg,Aves,10.08325
laufal1,laufal1/XC387866.ogg,4.5,5.6709,-67.5551,birdclef-2025/train_audio/laufal1/XC387866.ogg,Aves,10.05715625
laufal1,laufal1/XC401233.ogg,4.0,-16.5631,-49.285,birdclef-2025/train_audio/laufal1/XC401233.ogg,Aves,18.28571875
laufal1,laufal1/XC428631.ogg,4.0,-22.8842,-48.4442,birdclef-2025/train_audio/laufal1/XC428631.ogg,Aves,14.393
laufal1,laufal1/XC434158.ogg,5.0,9.4788,-68.6019,birdclef-2025/train_audio/laufal1/XC434158.ogg,Aves,10.296
laufal1,laufal1/XC440916.ogg,4.5,-11.9787,-49.8953,birdclef-2025/train_audio/laufal1/XC440916.ogg,Aves,12.0685625
laufal1,laufal1/XC466703.ogg,4.0,-14.0036,-65.0413,birdclef-2025/train_audio/laufal1/XC466703.ogg,Aves,14.352
laufal1,laufal1/XC493234.ogg,4.0,-6.7455,-46.9907,birdclef-2025/train_audio/laufal1/XC493234.ogg,Aves,7.44490625
laufal1,laufal1/XC513923.ogg,5.0,-4.272,-80.329,birdclef-2025/train_audio/laufal1/XC513923.ogg,Aves,14.44571875
laufal1,laufal1/XC537410.ogg,4.0,10.6872,-84.1808,birdclef-2025/train_audio/laufal1/XC537410.ogg,Aves,14.393
laufal1,laufal1/XC552716.ogg,4.0,4.351,-74.652,birdclef-2025/train_audio/laufal1/XC552716.ogg,Aves,18.432
laufal1,laufal1/XC557609.ogg,4.0,-9.4571,-70.4332,birdclef-2025/train_audio/laufal1/XC557609.ogg,Aves,4.4669375
laufal1,laufal1/XC604855.ogg,4.0,3.8232,-76.779,birdclef-2025/train_audio/laufal1/XC604855.ogg,Aves,18.36409375
laufal1,laufal1/XC604858.ogg,4.0,3.8232,-76.779,birdclef-2025/train_audio/laufal1/XC604858.ogg,Aves,13.87103125
laufal1,laufal1/XC620903.ogg,4.0,-25.7126,-54.4307,birdclef-2025/train_audio/laufal1/XC620903.ogg,Aves,16.30040625
laufal1,laufal1/XC655735.ogg,4.0,-22.9434,-43.0763,birdclef-2025/train_audio/laufal1/XC655735.ogg,Aves,13.844
laufal1,laufal1/XC692843.ogg,4.0,0.2029,-51.0869,birdclef-2025/train_audio/laufal1/XC692843.ogg,Aves,7.653875
laufal1,laufal1/XC749736.ogg,5.0,9.7776,-84.3673,birdclef-2025/train_audio/laufal1/XC749736.ogg,Aves,5.472
laufal1,laufal1/XC766440.ogg,5.0,10.437,-84.7093,birdclef-2025/train_audio/laufal1/XC766440.ogg,Aves,16.835
laufal1,laufal1/XC786231.ogg,4.0,5.0424,-75.7261,birdclef-2025/train_audio/laufal1/XC786231.ogg,Aves,18.324
laufal1,laufal1/XC796408.ogg,4.0,18.0251,-94.6837,birdclef-2025/train_audio/laufal1/XC796408.ogg,Aves,4.95059375
laufal1,laufal1/XC825375.ogg,4.0,-24.1783,-46.9469,birdclef-2025/train_audio/laufal1/XC825375.ogg,Aves,12.64621875
laufal1,laufal1/XC833940.ogg,4.0,-20.5723,-51.8519,birdclef-2025/train_audio/laufal1/XC833940.ogg,Aves,14.9085625
laufal1,laufal1/XC834685.ogg,4.0,18.0802,-94.4126,birdclef-2025/train_audio/laufal1/XC834685.ogg,Aves,15.76621875
laufal1,laufal1/XC844767.ogg,4.0,-15.558,-47.7749,birdclef-2025/train_audio/laufal1/XC844767.ogg,Aves,14.16334375
laufal1,laufal1/XC876154.ogg,4.0,18.0253,-94.6841,birdclef-2025/train_audio/laufal1/XC876154.ogg,Aves,17.13740625
laufal1,laufal1/XC898233.ogg,5.0,-16.5631,-49.285,birdclef-2025/train_audio/laufal1/XC898233.ogg,Aves,14.602
laufal1,laufal1/XC954659.ogg,5.0,10.1564,-84.9239,birdclef-2025/train_audio/laufal1/XC954659.ogg,Aves,19.8269375
leagre,leagre/XC123982.ogg,4.0,-18.1206,-63.6471,birdclef-2025/train_audio/leagre/XC123982.ogg,Aves,4.5714375
leagre,leagre/XC123988.ogg,4.0,-18.1206,-63.6471,birdclef-2025/train_audio/leagre/XC123988.ogg,Aves,11.31103125
leagre,leagre/XC257015.ogg,5.0,-17.767,-63.067,birdclef-2025/train_audio/leagre/XC257015.ogg,Aves,10.8408125
leagre,leagre/XC312735.ogg,4.0,28.2563,-96.7946,birdclef-2025/train_audio/leagre/XC312735.ogg,Aves,8.3330625
leagre,leagre/XC385346.ogg,5.0,9.9813,-69.5325,birdclef-2025/train_audio/leagre/XC385346.ogg,Aves,11.80734375
leagre,leagre/XC398757.ogg,4.0,13.0174,-87.1519,birdclef-2025/train_audio/leagre/XC398757.ogg,Aves,14.91590625
leagre,leagre/XC407347.ogg,4.0,-1.6759,-80.8144,birdclef-2025/train_audio/leagre/XC407347.ogg,Aves,9.024
leagre,leagre/XC413529.ogg,5.0,-14.625,-49.0051,birdclef-2025/train_audio/leagre/XC413529.ogg,Aves,5.38121875
leagre,leagre/XC452749.ogg,5.0,26.0737,-98.1442,birdclef-2025/train_audio/leagre/XC452749.ogg,Aves,12.648
leagre,leagre/XC47269.ogg,4.0,-3.9001,-80.8501,birdclef-2025/train_audio/leagre/XC47269.ogg,Aves,8.07184375
leagre,leagre/XC489138.ogg,4.0,-23.2148,-47.2504,birdclef-2025/train_audio/leagre/XC489138.ogg,Aves,18.336
leagre,leagre/XC503142.ogg,5.0,4.7864,-74.8339,birdclef-2025/train_audio/leagre/XC503142.ogg,Aves,12.0163125
leagre,leagre/XC51130.ogg,4.0,-22.1931,-63.9445,birdclef-2025/train_audio/leagre/XC51130.ogg,Aves,7.1836875
leagre,leagre/XC630003.ogg,4.0,-32.144,-53.728,birdclef-2025/train_audio/leagre/XC630003.ogg,Aves,4.536
leagre,leagre/XC664584.ogg,5.0,17.1583,-96.7624,birdclef-2025/train_audio/leagre/XC664584.ogg,Aves,19.7485625
leagre,leagre/XC691060.ogg,5.0,-16.5728,-49.3122,birdclef-2025/train_audio/leagre/XC691060.ogg,Aves,12.98284375
leagre,leagre/XC729487.ogg,5.0,17.2309,-96.7348,birdclef-2025/train_audio/leagre/XC729487.ogg,Aves,5.9036875
leagre,leagre/XC734292.ogg,4.0,13.9641,-87.1881,birdclef-2025/train_audio/leagre/XC734292.ogg,Aves,16.953
leagre,leagre/XC778725.ogg,5.0,-16.5728,-49.3122,birdclef-2025/train_audio/leagre/XC778725.ogg,Aves,10.370625
leagre,leagre/XC800134.ogg,5.0,17.1575,-96.7412,birdclef-2025/train_audio/leagre/XC800134.ogg,Aves,5.6163125
leagre,leagre/XC817510.ogg,4.5,17.0183,-96.6126,birdclef-2025/train_audio/leagre/XC817510.ogg,Aves,17.2074375
leagre,leagre/XC838981.ogg,4.0,11.4947,-69.5128,birdclef-2025/train_audio/leagre/XC838981.ogg,Aves,9.84815625
leagre,leagre/XC946246.ogg,4.0,3.5026,-76.3552,birdclef-2025/train_audio/leagre/XC946246.ogg,Aves,6.782875
leagre,leagre/XC946247.ogg,4.0,3.5026,-76.3552,birdclef-2025/train_audio/leagre/XC946247.ogg,Aves,4.33709375
leagre,leagre/XC946249.ogg,4.0,3.5026,-76.3552,birdclef-2025/train_audio/leagre/XC946249.ogg,Aves,7.817625
linwoo1,linwoo1/XC112919.ogg,4.0,9.164,-79.753,birdclef-2025/train_audio/linwoo1/XC112919.ogg,Aves,3.3175625
linwoo1,linwoo1/XC115671.ogg,5.0,-21.765,-43.3488,birdclef-2025/train_audio/linwoo1/XC115671.ogg,Aves,15.15103125
linwoo1,linwoo1/XC119140.ogg,4.0,-2.596,-59.9785,birdclef-2025/train_audio/linwoo1/XC119140.ogg,Aves,15.67346875
linwoo1,linwoo1/XC148292.ogg,4.0,1.8888,-76.2888,birdclef-2025/train_audio/linwoo1/XC148292.ogg,Aves,19.487
linwoo1,linwoo1/XC152686.ogg,5.0,-10.7,-74.2179,birdclef-2025/train_audio/linwoo1/XC152686.ogg,Aves,3.50040625
linwoo1,linwoo1/XC166820.ogg,4.0,10.417,-84.1248,birdclef-2025/train_audio/linwoo1/XC166820.ogg,Aves,3.57878125
linwoo1,linwoo1/XC174648.ogg,5.0,-27.7818,-51.1108,birdclef-2025/train_audio/linwoo1/XC174648.ogg,Aves,18.108
linwoo1,linwoo1/XC180670.ogg,4.0,-6.7394,-76.2311,birdclef-2025/train_audio/linwoo1/XC180670.ogg,Aves,9.84815625
linwoo1,linwoo1/XC183267.ogg,4.0,13.4339,-86.9162,birdclef-2025/train_audio/linwoo1/XC183267.ogg,Aves,15.04653125
linwoo1,linwoo1/XC197473.ogg,5.0,8.8211,-70.5013,birdclef-2025/train_audio/linwoo1/XC197473.ogg,Aves,8.4375625
linwoo1,linwoo1/XC198401.ogg,5.0,13.4993,-89.2681,birdclef-2025/train_audio/linwoo1/XC198401.ogg,Aves,4.392
linwoo1,linwoo1/XC198484.ogg,4.5,-4.272,-80.329,birdclef-2025/train_audio/linwoo1/XC198484.ogg,Aves,17.832
linwoo1,linwoo1/XC200175.ogg,5.0,-15.3851,-39.5709,birdclef-2025/train_audio/linwoo1/XC200175.ogg,Aves,18.15509375
linwoo1,linwoo1/XC202903.ogg,5.0,14.936,-88.0252,birdclef-2025/train_audio/linwoo1/XC202903.ogg,Aves,1.872
linwoo1,linwoo1/XC208718.ogg,4.0,-0.3445,-76.9941,birdclef-2025/train_audio/linwoo1/XC208718.ogg,Aves,1.54121875
linwoo1,linwoo1/XC208719.ogg,4.0,-0.3445,-76.9941,birdclef-2025/train_audio/linwoo1/XC208719.ogg,Aves,4.91103125
linwoo1,linwoo1/XC215281.ogg,4.0,15.6745,-88.091,birdclef-2025/train_audio/linwoo1/XC215281.ogg,Aves,11.80734375
linwoo1,linwoo1/XC235736.ogg,4.0,11.1009,-74.072,birdclef-2025/train_audio/linwoo1/XC235736.ogg,Aves,14.44571875
linwoo1,linwoo1/XC235738.ogg,4.0,11.1009,-74.072,birdclef-2025/train_audio/linwoo1/XC235738.ogg,Aves,16.90121875
linwoo1,linwoo1/XC238070.ogg,4.0,-0.524,-76.392,birdclef-2025/train_audio/linwoo1/XC238070.ogg,Aves,8.07184375
linwoo1,linwoo1/XC238244.ogg,4.0,-0.539,-79.124,birdclef-2025/train_audio/linwoo1/XC238244.ogg,Aves,4.80653125
linwoo1,linwoo1/XC239471.ogg,4.0,14.1207,-87.1958,birdclef-2025/train_audio/linwoo1/XC239471.ogg,Aves,5.7208125
linwoo1,linwoo1/XC252999.ogg,4.0,14.655,-87.0221,birdclef-2025/train_audio/linwoo1/XC252999.ogg,Aves,18.4163125
linwoo1,linwoo1/XC258054.ogg,5.0,-0.523,-76.438,birdclef-2025/train_audio/linwoo1/XC258054.ogg,Aves,8.07184375
linwoo1,linwoo1/XC258055.ogg,5.0,-0.548,-76.041,birdclef-2025/train_audio/linwoo1/XC258055.ogg,Aves,8.933875
linwoo1,linwoo1/XC258057.ogg,5.0,-0.472,-76.459,birdclef-2025/train_audio/linwoo1/XC258057.ogg,Aves,9.6653125
linwoo1,linwoo1/XC275321.ogg,5.0,0.783,-78.933,birdclef-2025/train_audio/linwoo1/XC275321.ogg,Aves,8.04571875
linwoo1,linwoo1/XC275322.ogg,5.0,0.75,-78.917,birdclef-2025/train_audio/linwoo1/XC275322.ogg,Aves,13.3224375
linwoo1,linwoo1/XC275323.ogg,5.0,0.883,-78.8,birdclef-2025/train_audio/linwoo1/XC275323.ogg,Aves,7.549375
linwoo1,linwoo1/XC282442.ogg,5.0,9.351,-83.9784,birdclef-2025/train_audio/linwoo1/XC282442.ogg,Aves,5.17225
linwoo1,linwoo1/XC286667.ogg,5.0,-16.6931,-52.1334,birdclef-2025/train_audio/linwoo1/XC286667.ogg,Aves,4.632
linwoo1,linwoo1/XC299175.ogg,4.0,-20.7882,-51.703,birdclef-2025/train_audio/linwoo1/XC299175.ogg,Aves,17.28
linwoo1,linwoo1/XC317598.ogg,5.0,18.8983,-104.0324,birdclef-2025/train_audio/linwoo1/XC317598.ogg,Aves,5.98203125
linwoo1,linwoo1/XC328919.ogg,4.0,-17.1775,-49.6277,birdclef-2025/train_audio/linwoo1/XC328919.ogg,Aves,15.04653125
linwoo1,linwoo1/XC338124.ogg,5.0,-15.8788,-40.5625,birdclef-2025/train_audio/linwoo1/XC338124.ogg,Aves,15.384
linwoo1,linwoo1/XC358762.ogg,4.0,-5.2036,-48.371,birdclef-2025/train_audio/linwoo1/XC358762.ogg,Aves,6.426125
linwoo1,linwoo1/XC379496.ogg,4.0,-24.1276,-55.5194,birdclef-2025/train_audio/linwoo1/XC379496.ogg,Aves,6.58284375
linwoo1,linwoo1/XC379497.ogg,5.0,-24.1367,-55.5229,birdclef-2025/train_audio/linwoo1/XC379497.ogg,Aves,5.17225
linwoo1,linwoo1/XC394444.ogg,5.0,-2.4042,-59.8673,birdclef-2025/train_audio/linwoo1/XC394444.ogg,Aves,16.169
linwoo1,linwoo1/XC394445.ogg,5.0,-2.4042,-59.8673,birdclef-2025/train_audio/linwoo1/XC394445.ogg,Aves,3.056
linwoo1,linwoo1/XC401123.ogg,4.0,26.9847,-108.9437,birdclef-2025/train_audio/linwoo1/XC401123.ogg,Aves,16.7445
linwoo1,linwoo1/XC405082.ogg,5.0,5.1267,-74.5707,birdclef-2025/train_audio/linwoo1/XC405082.ogg,Aves,8.304
linwoo1,linwoo1/XC405083.ogg,4.5,5.1267,-74.5707,birdclef-2025/train_audio/linwoo1/XC405083.ogg,Aves,9.96
linwoo1,linwoo1/XC405084.ogg,4.5,5.1267,-74.5707,birdclef-2025/train_audio/linwoo1/XC405084.ogg,Aves,7.752
linwoo1,linwoo1/XC405085.ogg,4.5,5.1267,-74.5707,birdclef-2025/train_audio/linwoo1/XC405085.ogg,Aves,8.592
linwoo1,linwoo1/XC405086.ogg,4.5,5.1267,-74.5707,birdclef-2025/train_audio/linwoo1/XC405086.ogg,Aves,5.688
linwoo1,linwoo1/XC405087.ogg,4.5,5.1267,-74.5707,birdclef-2025/train_audio/linwoo1/XC405087.ogg,Aves,7.2
linwoo1,linwoo1/XC408943.ogg,5.0,9.05,-79.6342,birdclef-2025/train_audio/linwoo1/XC408943.ogg,Aves,6.912
linwoo1,linwoo1/XC410686.ogg,4.5,8.939,-78.465,birdclef-2025/train_audio/linwoo1/XC410686.ogg,Aves,13.71428125
linwoo1,linwoo1/XC418611.ogg,4.5,-14.625,-49.0051,birdclef-2025/train_audio/linwoo1/XC418611.ogg,Aves,7.36653125
linwoo1,linwoo1/XC418612.ogg,5.0,-14.625,-49.0051,birdclef-2025/train_audio/linwoo1/XC418612.ogg,Aves,6.19103125
linwoo1,linwoo1/XC423606.ogg,4.0,-22.8813,-49.2265,birdclef-2025/train_audio/linwoo1/XC423606.ogg,Aves,16.104
linwoo1,linwoo1/XC424647.ogg,5.0,4.4192,-75.2178,birdclef-2025/train_audio/linwoo1/XC424647.ogg,Aves,4.176
linwoo1,linwoo1/XC430028.ogg,4.0,-9.5975,-55.9325,birdclef-2025/train_audio/linwoo1/XC430028.ogg,Aves,15.288
linwoo1,linwoo1/XC430032.ogg,4.0,-9.5975,-55.9325,birdclef-2025/train_audio/linwoo1/XC430032.ogg,Aves,2.664
linwoo1,linwoo1/XC451312.ogg,4.0,26.9847,-108.9437,birdclef-2025/train_audio/linwoo1/XC451312.ogg,Aves,9.76978125
linwoo1,linwoo1/XC465440.ogg,5.0,9.7776,-84.3673,birdclef-2025/train_audio/linwoo1/XC465440.ogg,Aves,10.50121875
linwoo1,linwoo1/XC465441.ogg,5.0,9.7776,-84.3673,birdclef-2025/train_audio/linwoo1/XC465441.ogg,Aves,13.4008125
linwoo1,linwoo1/XC479419.ogg,4.0,-9.546,-70.023,birdclef-2025/train_audio/linwoo1/XC479419.ogg,Aves,4.4669375
linwoo1,linwoo1/XC487246.ogg,4.0,-16.6869,-49.2648,birdclef-2025/train_audio/linwoo1/XC487246.ogg,Aves,6.478
linwoo1,linwoo1/XC508180.ogg,4.0,4.7216,-52.3073,birdclef-2025/train_audio/linwoo1/XC508180.ogg,Aves,6.9485625
linwoo1,linwoo1/XC508193.ogg,4.0,4.7216,-52.3073,birdclef-2025/train_audio/linwoo1/XC508193.ogg,Aves,8.69878125
linwoo1,linwoo1/XC508229.ogg,4.0,4.7216,-52.3073,birdclef-2025/train_audio/linwoo1/XC508229.ogg,Aves,7.0269375
linwoo1,linwoo1/XC513622.ogg,4.0,-22.4069,-47.5266,birdclef-2025/train_audio/linwoo1/XC513622.ogg,Aves,8.424
linwoo1,linwoo1/XC52599.ogg,4.0,-22.1931,-63.9445,birdclef-2025/train_audio/linwoo1/XC52599.ogg,Aves,8.2546875
linwoo1,linwoo1/XC565143.ogg,5.0,4.351,-74.652,birdclef-2025/train_audio/linwoo1/XC565143.ogg,Aves,8.592
linwoo1,linwoo1/XC582793.ogg,4.0,1.1226,-76.2932,birdclef-2025/train_audio/linwoo1/XC582793.ogg,Aves,3.68325
linwoo1,linwoo1/XC596614.ogg,4.0,-4.2889,-70.2948,birdclef-2025/train_audio/linwoo1/XC596614.ogg,Aves,7.344
linwoo1,linwoo1/XC596616.ogg,4.0,-4.2889,-70.2948,birdclef-2025/train_audio/linwoo1/XC596616.ogg,Aves,7.56
linwoo1,linwoo1/XC598697.ogg,4.0,-4.2889,-70.2948,birdclef-2025/train_audio/linwoo1/XC598697.ogg,Aves,10.704
linwoo1,linwoo1/XC599026.ogg,4.0,-26.8546,-54.9255,birdclef-2025/train_audio/linwoo1/XC599026.ogg,Aves,19.728
linwoo1,linwoo1/XC605368.ogg,4.0,8.6001,-80.1251,birdclef-2025/train_audio/linwoo1/XC605368.ogg,Aves,8.96
linwoo1,linwoo1/XC63209.ogg,4.0,-11.8667,-71.3667,birdclef-2025/train_audio/linwoo1/XC63209.ogg,Aves,2.916
linwoo1,linwoo1/XC640128.ogg,5.0,4.9857,-75.5436,birdclef-2025/train_audio/linwoo1/XC640128.ogg,Aves,12.59103125
linwoo1,linwoo1/XC645538.ogg,4.0,9.164,-79.753,birdclef-2025/train_audio/linwoo1/XC645538.ogg,Aves,18.552
linwoo1,linwoo1/XC646672.ogg,4.0,-26.519,-53.9887,birdclef-2025/train_audio/linwoo1/XC646672.ogg,Aves,8.2808125
linwoo1,linwoo1/XC655045.ogg,4.0,-13.4557,-62.0139,birdclef-2025/train_audio/linwoo1/XC655045.ogg,Aves,14.55
linwoo1,linwoo1/XC692842.ogg,4.0,0.2029,-51.0869,birdclef-2025/train_audio/linwoo1/XC692842.ogg,Aves,6.79184375
linwoo1,linwoo1/XC694335.ogg,5.0,16.5862,-94.8737,birdclef-2025/train_audio/linwoo1/XC694335.ogg,Aves,4.6236875
linwoo1,linwoo1/XC698607.ogg,5.0,-12.4906,-46.519,birdclef-2025/train_audio/linwoo1/XC698607.ogg,Aves,12.456
linwoo1,linwoo1/XC704342.ogg,4.5,-16.5631,-49.285,birdclef-2025/train_audio/linwoo1/XC704342.ogg,Aves,16.613875
linwoo1,linwoo1/XC707210.ogg,4.0,-16.791,-42.9998,birdclef-2025/train_audio/linwoo1/XC707210.ogg,Aves,18.048
linwoo1,linwoo1/XC708077.ogg,4.5,-16.631,-48.6674,birdclef-2025/train_audio/linwoo1/XC708077.ogg,Aves,13.13959375
linwoo1,linwoo1/XC709879.ogg,4.0,-18.1051,-63.5983,birdclef-2025/train_audio/linwoo1/XC709879.ogg,Aves,5.88
linwoo1,linwoo1/XC727452.ogg,4.0,-16.0538,-49.604,birdclef-2025/train_audio/linwoo1/XC727452.ogg,Aves,6.73959375
linwoo1,linwoo1/XC732161.ogg,5.0,-19.6078,-63.6033,birdclef-2025/train_audio/linwoo1/XC732161.ogg,Aves,16.013
linwoo1,linwoo1/XC737009.ogg,4.0,-16.1605,-49.5395,birdclef-2025/train_audio/linwoo1/XC737009.ogg,Aves,6.24325
linwoo1,linwoo1/XC792848.ogg,4.0,17.539,-89.1111,birdclef-2025/train_audio/linwoo1/XC792848.ogg,Aves,11.33715625
linwoo1,linwoo1/XC797387.ogg,5.0,17.125,-89.0592,birdclef-2025/train_audio/linwoo1/XC797387.ogg,Aves,15.37878125
linwoo1,linwoo1/XC797389.ogg,5.0,17.125,-89.0592,birdclef-2025/train_audio/linwoo1/XC797389.ogg,Aves,11.592125
linwoo1,linwoo1/XC800388.ogg,4.0,-16.4727,-49.4959,birdclef-2025/train_audio/linwoo1/XC800388.ogg,Aves,4.989375
linwoo1,linwoo1/XC811884.ogg,4.0,-16.9039,-49.2218,birdclef-2025/train_audio/linwoo1/XC811884.ogg,Aves,5.7469375
linwoo1,linwoo1/XC811886.ogg,4.5,-16.9039,-49.2218,birdclef-2025/train_audio/linwoo1/XC811886.ogg,Aves,7.7845
linwoo1,linwoo1/XC817274.ogg,5.0,-6.3761,-47.1085,birdclef-2025/train_audio/linwoo1/XC817274.ogg,Aves,3.84
linwoo1,linwoo1/XC838857.ogg,4.0,-6.0529,-77.8908,birdclef-2025/train_audio/linwoo1/XC838857.ogg,Aves,11.65140625
linwoo1,linwoo1/XC85087.ogg,4.0,-23.4727,-45.1892,birdclef-2025/train_audio/linwoo1/XC85087.ogg,Aves,8.62040625
linwoo1,linwoo1/XC912033.ogg,5.0,-0.0553,-78.7704,birdclef-2025/train_audio/linwoo1/XC912033.ogg,Aves,5.52634375
linwoo1,linwoo1/XC928167.ogg,4.0,15.8637,-96.3645,birdclef-2025/train_audio/linwoo1/XC928167.ogg,Aves,4.416
linwoo1,linwoo1/XC933262.ogg,4.0,0.082,-79.0561,birdclef-2025/train_audio/linwoo1/XC933262.ogg,Aves,8.3069375
linwoo1,linwoo1/XC939972.ogg,5.0,1.7895,-61.1926,birdclef-2025/train_audio/linwoo1/XC939972.ogg,Aves,4.284
linwoo1,linwoo1/XC946079.ogg,4.0,3.5026,-76.3552,birdclef-2025/train_audio/linwoo1/XC946079.ogg,Aves,15.5096875
linwoo1,linwoo1/XC946080.ogg,4.0,3.5026,-76.3552,birdclef-2025/train_audio/linwoo1/XC946080.ogg,Aves,1.8455
linwoo1,linwoo1/XC946081.ogg,4.0,3.5026,-76.3552,birdclef-2025/train_audio/linwoo1/XC946081.ogg,Aves,7.934
littin1,littin1/XC11044.ogg,4.0,-4.9548,-78.9792,birdclef-2025/train_audio/littin1/XC11044.ogg,Aves,10.109375
littin1,littin1/XC112959.ogg,4.0,8.6315,-83.1787,birdclef-2025/train_audio/littin1/XC112959.ogg,Aves,16.7445
littin1,littin1/XC119998.ogg,4.0,0.472,-79.2139,birdclef-2025/train_audio/littin1/XC119998.ogg,Aves,14.7330625
littin1,littin1/XC125697.ogg,4.0,-1.095,-52.653,birdclef-2025/train_audio/littin1/XC125697.ogg,Aves,13.5053125
littin1,littin1/XC127107.ogg,5.0,-19.8189,-40.2739,birdclef-2025/train_audio/littin1/XC127107.ogg,Aves,9.5869375
littin1,littin1/XC130752.ogg,4.0,4.6717,-75.6283,birdclef-2025/train_audio/littin1/XC130752.ogg,Aves,17.47590625
littin1,littin1/XC132720.ogg,4.0,15.2219,-88.3163,birdclef-2025/train_audio/littin1/XC132720.ogg,Aves,9.12
littin1,littin1/XC133409.ogg,4.0,-8.2633,-49.2643,birdclef-2025/train_audio/littin1/XC133409.ogg,Aves,12.53878125
littin1,littin1/XC166643.ogg,4.0,8.5264,-83.3951,birdclef-2025/train_audio/littin1/XC166643.ogg,Aves,13.87103125
littin1,littin1/XC171048.ogg,5.0,-2.6007,-59.9242,birdclef-2025/train_audio/littin1/XC171048.ogg,Aves,12.1469375
littin1,littin1/XC171120.ogg,5.0,-2.6007,-59.9242,birdclef-2025/train_audio/littin1/XC171120.ogg,Aves,12.1469375
littin1,littin1/XC175264.ogg,4.0,1.6463,-75.5076,birdclef-2025/train_audio/littin1/XC175264.ogg,Aves,14.91590625
littin1,littin1/XC202653.ogg,5.0,-4.0908,-78.9588,birdclef-2025/train_audio/littin1/XC202653.ogg,Aves,16.0914375
littin1,littin1/XC204091.ogg,4.0,5.6201,-67.6278,birdclef-2025/train_audio/littin1/XC204091.ogg,Aves,19.2
littin1,littin1/XC204092.ogg,5.0,5.6201,-67.6278,birdclef-2025/train_audio/littin1/XC204092.ogg,Aves,10.8669375
littin1,littin1/XC217696.ogg,5.0,-5.9642,-50.3653,birdclef-2025/train_audio/littin1/XC217696.ogg,Aves,12.2514375
littin1,littin1/XC225388.ogg,4.0,6.963,-64.899,birdclef-2025/train_audio/littin1/XC225388.ogg,Aves,6.58284375
littin1,littin1/XC275171.ogg,5.0,0.883,-78.8,birdclef-2025/train_audio/littin1/XC275171.ogg,Aves,17.3714375
littin1,littin1/XC297011.ogg,5.0,-5.6842,-77.6578,birdclef-2025/train_audio/littin1/XC297011.ogg,Aves,9.76978125
littin1,littin1/XC314824.ogg,4.0,-19.1167,-39.9501,birdclef-2025/train_audio/littin1/XC314824.ogg,Aves,13.13959375
littin1,littin1/XC32223.ogg,5.0,5.9334,-74.1834,birdclef-2025/train_audio/littin1/XC32223.ogg,Aves,18.86040625
littin1,littin1/XC332389.ogg,5.0,9.4939,-84.048,birdclef-2025/train_audio/littin1/XC332389.ogg,Aves,18.5208125
littin1,littin1/XC358884.ogg,4.0,-5.3217,-48.3606,birdclef-2025/train_audio/littin1/XC358884.ogg,Aves,14.26284375
littin1,littin1/XC378904.ogg,5.0,11.2392,-73.4887,birdclef-2025/train_audio/littin1/XC378904.ogg,Aves,3.36978125
littin1,littin1/XC387848.ogg,4.0,5.6709,-67.5551,birdclef-2025/train_audio/littin1/XC387848.ogg,Aves,11.441625
littin1,littin1/XC393336.ogg,4.0,-2.4042,-59.8673,birdclef-2025/train_audio/littin1/XC393336.ogg,Aves,15.69959375
littin1,littin1/XC400315.ogg,4.0,-15.6421,-57.1899,birdclef-2025/train_audio/littin1/XC400315.ogg,Aves,4.23184375
littin1,littin1/XC424382.ogg,4.0,4.4804,-75.1069,birdclef-2025/train_audio/littin1/XC424382.ogg,Aves,19.848
littin1,littin1/XC441760.ogg,4.0,-2.3731,-59.968,birdclef-2025/train_audio/littin1/XC441760.ogg,Aves,5.511
littin1,littin1/XC47059.ogg,4.0,8.1506,-77.9997,birdclef-2025/train_audio/littin1/XC47059.ogg,Aves,9.24734375
littin1,littin1/XC472327.ogg,4.0,-22.4312,-42.0337,birdclef-2025/train_audio/littin1/XC472327.ogg,Aves,16.0653125
littin1,littin1/XC493436.ogg,5.0,-6.3761,-47.1085,birdclef-2025/train_audio/littin1/XC493436.ogg,Aves,5.59021875
littin1,littin1/XC494772.ogg,4.0,-15.2798,-39.0897,birdclef-2025/train_audio/littin1/XC494772.ogg,Aves,10.109375
littin1,littin1/XC538980.ogg,4.0,4.7962,-52.4577,birdclef-2025/train_audio/littin1/XC538980.ogg,Aves,13.3224375
littin1,littin1/XC552350.ogg,4.0,-9.2093,-35.8681,birdclef-2025/train_audio/littin1/XC552350.ogg,Aves,7.653875
littin1,littin1/XC585806.ogg,5.0,0.0797,-78.6838,birdclef-2025/train_audio/littin1/XC585806.ogg,Aves,18.0245
littin1,littin1/XC604135.ogg,5.0,-13.3807,-62.0084,birdclef-2025/train_audio/littin1/XC604135.ogg,Aves,5.04
littin1,littin1/XC629962.ogg,4.0,11.2257,-69.6166,birdclef-2025/train_audio/littin1/XC629962.ogg,Aves,16.84896875
littin1,littin1/XC63329.ogg,4.0,-11.8667,-71.3667,birdclef-2025/train_audio/littin1/XC63329.ogg,Aves,3.168
littin1,littin1/XC705473.ogg,5.0,-8.9293,-69.0886,birdclef-2025/train_audio/littin1/XC705473.ogg,Aves,19.64409375
littin1,littin1/XC755078.ogg,4.0,-11.7734,-55.3891,birdclef-2025/train_audio/littin1/XC755078.ogg,Aves,4.17959375
littin1,littin1/XC763566.ogg,4.0,5.023,-74.3285,birdclef-2025/train_audio/littin1/XC763566.ogg,Aves,2.208
littin1,littin1/XC821655.ogg,5.0,-8.482,-63.9555,birdclef-2025/train_audio/littin1/XC821655.ogg,Aves,6.16490625
littin1,littin1/XC928650.ogg,4.0,0.1219,-79.138,birdclef-2025/train_audio/littin1/XC928650.ogg,Aves,19.9836875
littin1,littin1/XC955636.ogg,4.0,10.4314,-84.039,birdclef-2025/train_audio/littin1/XC955636.ogg,Aves,18.816
littin1,littin1/XC9940.ogg,4.0,-0.4714,-76.4603,birdclef-2025/train_audio/littin1/XC9940.ogg,Aves,4.937
mastit1,mastit1/XC118761.ogg,4.0,20.8475,-86.9013,birdclef-2025/train_audio/mastit1/XC118761.ogg,Aves,3.52653125
mastit1,mastit1/XC120652.ogg,4.0,1.1823,-78.7561,birdclef-2025/train_audio/mastit1/XC120652.ogg,Aves,9.5346875
mastit1,mastit1/XC125979.ogg,5.0,14.6526,-91.4974,birdclef-2025/train_audio/mastit1/XC125979.ogg,Aves,6.03428125
mastit1,mastit1/XC125980.ogg,5.0,14.6526,-91.4974,birdclef-2025/train_audio/mastit1/XC125980.ogg,Aves,9.43021875
mastit1,mastit1/XC166005.ogg,4.0,9.7751,-84.6167,birdclef-2025/train_audio/mastit1/XC166005.ogg,Aves,4.5191875
mastit1,mastit1/XC188101.ogg,5.0,-4.4511,-76.657,birdclef-2025/train_audio/mastit1/XC188101.ogg,Aves,4.67590625
mastit1,mastit1/XC198389.ogg,5.0,14.126,-88.908,birdclef-2025/train_audio/mastit1/XC198389.ogg,Aves,16.512
mastit1,mastit1/XC259061.ogg,5.0,-3.6,-73.15,birdclef-2025/train_audio/mastit1/XC259061.ogg,Aves,13.4791875
mastit1,mastit1/XC259062.ogg,5.0,-0.32,-79.018,birdclef-2025/train_audio/mastit1/XC259062.ogg,Aves,10.8669375
mastit1,mastit1/XC262267.ogg,4.5,0.883,-78.8,birdclef-2025/train_audio/mastit1/XC262267.ogg,Aves,16.770625
mastit1,mastit1/XC262268.ogg,4.5,0.883,-78.8,birdclef-2025/train_audio/mastit1/XC262268.ogg,Aves,8.90775
mastit1,mastit1/XC262269.ogg,5.0,0.85,-78.95,birdclef-2025/train_audio/mastit1/XC262269.ogg,Aves,11.20653125
mastit1,mastit1/XC275488.ogg,4.5,0.883,-78.8,birdclef-2025/train_audio/mastit1/XC275488.ogg,Aves,18.75590625
mastit1,mastit1/XC28766.ogg,4.0,23.1162,-99.1414,birdclef-2025/train_audio/mastit1/XC28766.ogg,Aves,5.27675
mastit1,mastit1/XC350001.ogg,4.0,13.7028,-89.2773,birdclef-2025/train_audio/mastit1/XC350001.ogg,Aves,11.598375
mastit1,mastit1/XC360990.ogg,4.0,19.516,-96.938,birdclef-2025/train_audio/mastit1/XC360990.ogg,Aves,2.064
mastit1,mastit1/XC401764.ogg,4.0,10.4495,-84.0181,birdclef-2025/train_audio/mastit1/XC401764.ogg,Aves,19.7485625
mastit1,mastit1/XC445045.ogg,4.0,11.1003,-74.0842,birdclef-2025/train_audio/mastit1/XC445045.ogg,Aves,8.3591875
mastit1,mastit1/XC453661.ogg,4.0,-18.4874,-51.5195,birdclef-2025/train_audio/mastit1/XC453661.ogg,Aves,4.205
mastit1,mastit1/XC465444.ogg,5.0,9.7776,-84.3673,birdclef-2025/train_audio/mastit1/XC465444.ogg,Aves,10.8930625
mastit1,mastit1/XC493240.ogg,5.0,-6.7455,-46.9907,birdclef-2025/train_audio/mastit1/XC493240.ogg,Aves,19.56571875
mastit1,mastit1/XC501164.ogg,4.0,21.4616,-105.1549,birdclef-2025/train_audio/mastit1/XC501164.ogg,Aves,12.336
mastit1,mastit1/XC501171.ogg,4.0,21.4616,-105.1549,birdclef-2025/train_audio/mastit1/XC501171.ogg,Aves,19.92
mastit1,mastit1/XC501172.ogg,4.0,21.4616,-105.1549,birdclef-2025/train_audio/mastit1/XC501172.ogg,Aves,10.392
mastit1,mastit1/XC641714.ogg,5.0,1.7135,-75.7326,birdclef-2025/train_audio/mastit1/XC641714.ogg,Aves,5.32896875
mastit1,mastit1/XC641715.ogg,5.0,1.7135,-75.7326,birdclef-2025/train_audio/mastit1/XC641715.ogg,Aves,6.8963125
mastit1,mastit1/XC698623.ogg,5.0,-6.4818,-47.8109,birdclef-2025/train_audio/mastit1/XC698623.ogg,Aves,3.984
mastit1,mastit1/XC769450.ogg,5.0,-6.3761,-47.1085,birdclef-2025/train_audio/mastit1/XC769450.ogg,Aves,12.48653125
mastit1,mastit1/XC769452.ogg,5.0,-6.3761,-47.1085,birdclef-2025/train_audio/mastit1/XC769452.ogg,Aves,9.24734375
mastit1,mastit1/XC782162.ogg,5.0,-11.362,-55.4185,birdclef-2025/train_audio/mastit1/XC782162.ogg,Aves,9.691
mastit1,mastit1/XC821547.ogg,5.0,-8.6866,-63.8677,birdclef-2025/train_audio/mastit1/XC821547.ogg,Aves,1.72409375
mastit1,mastit1/XC821548.ogg,5.0,-8.6866,-63.8677,birdclef-2025/train_audio/mastit1/XC821548.ogg,Aves,5.48571875
mastit1,mastit1/XC830674.ogg,4.0,-6.0553,-50.2539,birdclef-2025/train_audio/mastit1/XC830674.ogg,Aves,2.925
mastit1,mastit1/XC843356.ogg,5.0,-25.6076,-54.4913,birdclef-2025/train_audio/mastit1/XC843356.ogg,Aves,3.213
mastit1,mastit1/XC863769.ogg,4.5,-18.9287,-51.679,birdclef-2025/train_audio/mastit1/XC863769.ogg,Aves,9.247
mastit1,mastit1/XC863804.ogg,5.0,-18.9287,-51.679,birdclef-2025/train_audio/mastit1/XC863804.ogg,Aves,14.08
mastit1,mastit1/XC863865.ogg,5.0,-18.9287,-51.679,birdclef-2025/train_audio/mastit1/XC863865.ogg,Aves,14.236
mastit1,mastit1/XC901372.ogg,4.0,-13.8891,-50.1832,birdclef-2025/train_audio/mastit1/XC901372.ogg,Aves,2.928
mastit1,mastit1/XC901375.ogg,5.0,-13.8891,-50.1832,birdclef-2025/train_audio/mastit1/XC901375.ogg,Aves,2.28
mastit1,mastit1/XC953346.ogg,5.0,-13.752,-56.6786,birdclef-2025/train_audio/mastit1/XC953346.ogg,Aves,13.224
mastit1,mastit1/XC955122.ogg,4.0,9.8328,-83.5635,birdclef-2025/train_audio/mastit1/XC955122.ogg,Aves,17.136
neocor,neocor/XC150345.ogg,4.0,-12.0707,-77.1585,birdclef-2025/train_audio/neocor/XC150345.ogg,Aves,9.37796875
neocor,neocor/XC184773.ogg,4.0,33.5497,-111.6423,birdclef-2025/train_audio/neocor/XC184773.ogg,Aves,8.07184375
neocor,neocor/XC187422.ogg,4.0,33.5258,-112.2822,birdclef-2025/train_audio/neocor/XC187422.ogg,Aves,5.30284375
neocor,neocor/XC206844.ogg,5.0,-22.4508,-42.7735,birdclef-2025/train_audio/neocor/XC206844.ogg,Aves,15.504
neocor,neocor/XC213315.ogg,4.0,-6.2076,-49.9741,birdclef-2025/train_audio/neocor/XC213315.ogg,Aves,13.728
neocor,neocor/XC237429.ogg,4.0,33.5258,-112.2822,birdclef-2025/train_audio/neocor/XC237429.ogg,Aves,3.55265625
neocor,neocor/XC243699.ogg,5.0,-22.4508,-42.7735,birdclef-2025/train_audio/neocor/XC243699.ogg,Aves,9.024
neocor,neocor/XC257255.ogg,4.5,-0.703,-80.2,birdclef-2025/train_audio/neocor/XC257255.ogg,Aves,18.5469375
neocor,neocor/XC257256.ogg,5.0,-0.703,-80.2,birdclef-2025/train_audio/neocor/XC257256.ogg,Aves,8.2808125
neocor,neocor/XC257257.ogg,4.0,-3.417,-79.95,birdclef-2025/train_audio/neocor/XC257257.ogg,Aves,15.09878125
neocor,neocor/XC306694.ogg,5.0,-4.3585,-80.2736,birdclef-2025/train_audio/neocor/XC306694.ogg,Aves,18.07675
neocor,neocor/XC352993.ogg,4.0,-12.2245,-76.9891,birdclef-2025/train_audio/neocor/XC352993.ogg,Aves,15.36
neocor,neocor/XC421667.ogg,5.0,33.3607,-111.7343,birdclef-2025/train_audio/neocor/XC421667.ogg,Aves,10.536
neocor,neocor/XC521291.ogg,4.0,21.219,-99.4714,birdclef-2025/train_audio/neocor/XC521291.ogg,Aves,6.768
neocor,neocor/XC572827.ogg,4.0,25.6602,-109.0033,birdclef-2025/train_audio/neocor/XC572827.ogg,Aves,13.165
neocor,neocor/XC595952.ogg,5.0,4.655,-74.0944,birdclef-2025/train_audio/neocor/XC595952.ogg,Aves,10.032
neocor,neocor/XC686946.ogg,5.0,-32.035,-52.104,birdclef-2025/train_audio/neocor/XC686946.ogg,Aves,6.426125
neocor,neocor/XC763567.ogg,4.5,5.023,-74.3285,birdclef-2025/train_audio/neocor/XC763567.ogg,Aves,16.248
neocor,neocor/XC814171.ogg,4.0,-0.888,-46.6546,birdclef-2025/train_audio/neocor/XC814171.ogg,Aves,8.741375
neocor,neocor/XC827112.ogg,4.0,-31.4191,-64.5015,birdclef-2025/train_audio/neocor/XC827112.ogg,Aves,1.645
neocor,neocor/XC857367.ogg,4.0,32.2597,-110.8747,birdclef-2025/train_audio/neocor/XC857367.ogg,Aves,6.51334375
neocor,neocor/XC901134.ogg,5.0,-13.2516,-50.5893,birdclef-2025/train_audio/neocor/XC901134.ogg,Aves,3.944
orcpar,orcpar/XC189097.ogg,5.0,10.3972,-85.8077,birdclef-2025/train_audio/orcpar/XC189097.ogg,Aves,15.384
orcpar,orcpar/XC244198.ogg,5.0,8.8211,-70.5013,birdclef-2025/train_audio/orcpar/XC244198.ogg,Aves,12.6955
orcpar,orcpar/XC244200.ogg,4.0,8.7171,-71.3304,birdclef-2025/train_audio/orcpar/XC244200.ogg,Aves,12.85225
orcpar,orcpar/XC269925.ogg,4.0,14.0929,-87.2014,birdclef-2025/train_audio/orcpar/XC269925.ogg,Aves,18.10284375
orcpar,orcpar/XC270539.ogg,4.0,14.0929,-87.2014,birdclef-2025/train_audio/orcpar/XC270539.ogg,Aves,12.0685625
orcpar,orcpar/XC276856.ogg,5.0,12.8869,-87.507,birdclef-2025/train_audio/orcpar/XC276856.ogg,Aves,18.28571875
orcpar,orcpar/XC298670.ogg,4.0,7.8273,-72.6175,birdclef-2025/train_audio/orcpar/XC298670.ogg,Aves,3.709375
orcpar,orcpar/XC302191.ogg,4.0,15.8762,-93.6898,birdclef-2025/train_audio/orcpar/XC302191.ogg,Aves,7.41878125
orcpar,orcpar/XC312446.ogg,5.0,11.1334,-74.1001,birdclef-2025/train_audio/orcpar/XC312446.ogg,Aves,10.464
orcpar,orcpar/XC321603.ogg,4.0,8.807,-78.6278,birdclef-2025/train_audio/orcpar/XC321603.ogg,Aves,4.368
orcpar,orcpar/XC334715.ogg,4.0,15.4963,-92.8881,birdclef-2025/train_audio/orcpar/XC334715.ogg,Aves,8.8555
orcpar,orcpar/XC334716.ogg,4.5,15.9492,-93.8029,birdclef-2025/train_audio/orcpar/XC334716.ogg,Aves,13.71428125
orcpar,orcpar/XC371455.ogg,5.0,10.0421,-84.912,birdclef-2025/train_audio/orcpar/XC371455.ogg,Aves,9.7175625
orcpar,orcpar/XC371458.ogg,4.0,10.471,-84.646,birdclef-2025/train_audio/orcpar/XC371458.ogg,Aves,9.95265625
orcpar,orcpar/XC409434.ogg,5.0,9.0574,-79.6303,birdclef-2025/train_audio/orcpar/XC409434.ogg,Aves,13.344
orcpar,orcpar/XC423120.ogg,4.5,4.371,-75.2307,birdclef-2025/train_audio/orcpar/XC423120.ogg,Aves,15.696
orcpar,orcpar/XC441039.ogg,4.0,15.5746,-93.1928,birdclef-2025/train_audio/orcpar/XC441039.ogg,Aves,18.80815625
orcpar,orcpar/XC441047.ogg,5.0,15.2899,-92.9603,birdclef-2025/train_audio/orcpar/XC441047.ogg,Aves,17.946125
orcpar,orcpar/XC447746.ogg,5.0,15.3983,-92.9111,birdclef-2025/train_audio/orcpar/XC447746.ogg,Aves,1.69796875
orcpar,orcpar/XC447747.ogg,4.0,15.3983,-92.9111,birdclef-2025/train_audio/orcpar/XC447747.ogg,Aves,7.0269375
orcpar,orcpar/XC46977.ogg,4.0,9.0245,-79.5528,birdclef-2025/train_audio/orcpar/XC46977.ogg,Aves,6.426125
orcpar,orcpar/XC595030.ogg,4.0,8.6001,-80.1251,birdclef-2025/train_audio/orcpar/XC595030.ogg,Aves,17.893
orcpar,orcpar/XC615724.ogg,5.0,6.0654,-74.5102,birdclef-2025/train_audio/orcpar/XC615724.ogg,Aves,10.318375
orcpar,orcpar/XC697633.ogg,5.0,2.0065,-75.9266,birdclef-2025/train_audio/orcpar/XC697633.ogg,Aves,15.281625
orcpar,orcpar/XC843696.ogg,4.0,5.3161,-74.913,birdclef-2025/train_audio/orcpar/XC843696.ogg,Aves,10.9146875
orcpar,orcpar/XC880435.ogg,4.0,10.673,-84.241,birdclef-2025/train_audio/orcpar/XC880435.ogg,Aves,5.82071875
orcpar,orcpar/XC915036.ogg,4.0,5.3366,-74.7327,birdclef-2025/train_audio/orcpar/XC915036.ogg,Aves,10.27578125
orcpar,orcpar/XC928015.ogg,4.0,14.397,-91.0909,birdclef-2025/train_audio/orcpar/XC928015.ogg,Aves,5.70921875
orcpar,orcpar/XC958207.ogg,5.0,3.4761,-76.5351,birdclef-2025/train_audio/orcpar/XC958207.ogg,Aves,1.7545625
palhor2,palhor2/XC128812.ogg,5.0,-16.7581,-56.8764,birdclef-2025/train_audio/palhor2/XC128812.ogg,Aves,16.368
palhor2,palhor2/XC129028.ogg,5.0,-12.0478,-69.6759,birdclef-2025/train_audio/palhor2/XC129028.ogg,Aves,11.23265625
palhor2,palhor2/XC206392.ogg,4.0,-7.9408,-39.2954,birdclef-2025/train_audio/palhor2/XC206392.ogg,Aves,13.2963125
palhor2,palhor2/XC2440.ogg,4.5,-11.0192,-66.0987,birdclef-2025/train_audio/palhor2/XC2440.ogg,Aves,13.5836875
palhor2,palhor2/XC249968.ogg,4.0,-2.55,-77.9,birdclef-2025/train_audio/palhor2/XC249968.ogg,Aves,9.76978125
palhor2,palhor2/XC257071.ogg,5.0,-6.733,-76.383,birdclef-2025/train_audio/palhor2/XC257071.ogg,Aves,11.546125
palhor2,palhor2/XC298939.ogg,4.0,-3.4501,-72.8801,birdclef-2025/train_audio/palhor2/XC298939.ogg,Aves,12.8
palhor2,palhor2/XC298940.ogg,4.0,-3.4501,-72.8801,birdclef-2025/train_audio/palhor2/XC298940.ogg,Aves,13.03509375
palhor2,palhor2/XC340954.ogg,4.5,-16.5167,-56.7167,birdclef-2025/train_audio/palhor2/XC340954.ogg,Aves,10.05715625
palhor2,palhor2/XC427398.ogg,5.0,-7.0849,-40.0832,birdclef-2025/train_audio/palhor2/XC427398.ogg,Aves,10.05715625
palhor2,palhor2/XC483046.ogg,4.0,-9.69,-70.04,birdclef-2025/train_audio/palhor2/XC483046.ogg,Aves,9.37796875
palhor2,palhor2/XC50371.ogg,4.0,-16.5122,-56.7126,birdclef-2025/train_audio/palhor2/XC50371.ogg,Aves,11.04978125
palhor2,palhor2/XC523892.ogg,4.0,9.9,-75.1167,birdclef-2025/train_audio/palhor2/XC523892.ogg,Aves,16.666125
palhor2,palhor2/XC523896.ogg,4.0,9.63,-74.9122,birdclef-2025/train_audio/palhor2/XC523896.ogg,Aves,15.72571875
palhor2,palhor2/XC571783.ogg,4.0,-9.4382,-70.427,birdclef-2025/train_audio/palhor2/XC571783.ogg,Aves,10.1355
palhor2,palhor2/XC63451.ogg,4.0,-11.8667,-71.3667,birdclef-2025/train_audio/palhor2/XC63451.ogg,Aves,5.328
palhor2,palhor2/XC654339.ogg,4.0,-16.7546,-56.8813,birdclef-2025/train_audio/palhor2/XC654339.ogg,Aves,9.5608125
palhor2,palhor2/XC654365.ogg,4.0,-16.7546,-56.8859,birdclef-2025/train_audio/palhor2/XC654365.ogg,Aves,13.4530625
palhor2,palhor2/XC704841.ogg,4.0,-9.5326,-50.0906,birdclef-2025/train_audio/palhor2/XC704841.ogg,Aves,12.0946875
palhor2,palhor2/XC707337.ogg,4.0,-15.1394,-44.2422,birdclef-2025/train_audio/palhor2/XC707337.ogg,Aves,15.024
palhor2,palhor2/XC80804.ogg,5.0,-14.3834,-40.2001,birdclef-2025/train_audio/palhor2/XC80804.ogg,Aves,17.60653125
palhor2,palhor2/XC80806.ogg,4.0,-16.5167,-56.7167,birdclef-2025/train_audio/palhor2/XC80806.ogg,Aves,12.6955
palhor2,palhor2/XC80807.ogg,4.5,-10.0333,-38.5,birdclef-2025/train_audio/palhor2/XC80807.ogg,Aves,7.1053125
palhor2,palhor2/XC834189.ogg,4.0,-9.5937,-50.1049,birdclef-2025/train_audio/palhor2/XC834189.ogg,Aves,11.79278125
palhor2,palhor2/XC835874.ogg,4.0,1.8167,-61.1167,birdclef-2025/train_audio/palhor2/XC835874.ogg,Aves,9.288
palhor2,palhor2/XC838838.ogg,5.0,10.8564,-68.3634,birdclef-2025/train_audio/palhor2/XC838838.ogg,Aves,9.5346875
paltan1,paltan1/XC115077.ogg,4.0,-20.79,-42.8882,birdclef-2025/train_audio/paltan1/XC115077.ogg,Aves,6.530625
paltan1,paltan1/XC123441.ogg,4.0,-12.4775,-69.0881,birdclef-2025/train_audio/paltan1/XC123441.ogg,Aves,4.512
paltan1,paltan1/XC141588.ogg,4.0,-28.638,-49.498,birdclef-2025/train_audio/paltan1/XC141588.ogg,Aves,15.15103125
paltan1,paltan1/XC173950.ogg,4.0,-27.3544,-49.3456,birdclef-2025/train_audio/paltan1/XC173950.ogg,Aves,4.248
paltan1,paltan1/XC213479.ogg,4.0,5.4992,-76.5418,birdclef-2025/train_audio/paltan1/XC213479.ogg,Aves,8.4114375
paltan1,paltan1/XC215428.ogg,5.0,-9.5981,-55.932,birdclef-2025/train_audio/paltan1/XC215428.ogg,Aves,15.490625
paltan1,paltan1/XC243188.ogg,4.0,-3.654,-79.753,birdclef-2025/train_audio/paltan1/XC243188.ogg,Aves,18.6253125
paltan1,paltan1/XC259688.ogg,4.5,-0.105,-77.584,birdclef-2025/train_audio/paltan1/XC259688.ogg,Aves,7.39265625
paltan1,paltan1/XC259690.ogg,5.0,-0.712,-77.741,birdclef-2025/train_audio/paltan1/XC259690.ogg,Aves,12.1469375
paltan1,paltan1/XC259691.ogg,5.0,-0.051,-78.778,birdclef-2025/train_audio/paltan1/XC259691.ogg,Aves,8.96
paltan1,paltan1/XC262620.ogg,5.0,0.883,-78.8,birdclef-2025/train_audio/paltan1/XC262620.ogg,Aves,8.1763125
paltan1,paltan1/XC262621.ogg,5.0,0.883,-78.8,birdclef-2025/train_audio/paltan1/XC262621.ogg,Aves,13.79265625
paltan1,paltan1/XC275642.ogg,4.5,0.883,-78.8,birdclef-2025/train_audio/paltan1/XC275642.ogg,Aves,13.949375
paltan1,paltan1/XC275643.ogg,5.0,0.883,-78.8,birdclef-2025/train_audio/paltan1/XC275643.ogg,Aves,7.31428125
paltan1,paltan1/XC303451.ogg,4.0,1.4787,-62.2446,birdclef-2025/train_audio/paltan1/XC303451.ogg,Aves,17.088
paltan1,paltan1/XC354905.ogg,4.0,2.8526,-60.6349,birdclef-2025/train_audio/paltan1/XC354905.ogg,Aves,16.416
paltan1,paltan1/XC360398.ogg,4.0,9.4997,-75.3501,birdclef-2025/train_audio/paltan1/XC360398.ogg,Aves,6.530625
paltan1,paltan1/XC377199.ogg,5.0,0.9242,-51.2155,birdclef-2025/train_audio/paltan1/XC377199.ogg,Aves,14.001625
paltan1,paltan1/XC395355.ogg,5.0,-2.4042,-59.8673,birdclef-2025/train_audio/paltan1/XC395355.ogg,Aves,18.285
paltan1,paltan1/XC421509.ogg,5.0,-15.9693,-39.5321,birdclef-2025/train_audio/paltan1/XC421509.ogg,Aves,15.12490625
paltan1,paltan1/XC421510.ogg,4.0,-15.9693,-39.5321,birdclef-2025/train_audio/paltan1/XC421510.ogg,Aves,5.7991875
paltan1,paltan1/XC421602.ogg,5.0,-16.7707,-47.612,birdclef-2025/train_audio/paltan1/XC421602.ogg,Aves,14.7853125
paltan1,paltan1/XC422551.ogg,4.0,-16.3458,-39.1395,birdclef-2025/train_audio/paltan1/XC422551.ogg,Aves,3.9445
paltan1,paltan1/XC424719.ogg,5.0,5.8959,-74.8589,birdclef-2025/train_audio/paltan1/XC424719.ogg,Aves,18.768
paltan1,paltan1/XC428042.ogg,5.0,-6.1742,-50.3362,birdclef-2025/train_audio/paltan1/XC428042.ogg,Aves,19.272
paltan1,paltan1/XC428549.ogg,5.0,-6.3761,-47.1085,birdclef-2025/train_audio/paltan1/XC428549.ogg,Aves,19.8530625
paltan1,paltan1/XC432992.ogg,4.0,4.5825,-74.5488,birdclef-2025/train_audio/paltan1/XC432992.ogg,Aves,3.474
paltan1,paltan1/XC439063.ogg,4.5,-4.2889,-70.2948,birdclef-2025/train_audio/paltan1/XC439063.ogg,Aves,10.29225
paltan1,paltan1/XC493211.ogg,5.0,-6.7455,-46.9907,birdclef-2025/train_audio/paltan1/XC493211.ogg,Aves,6.478375
paltan1,paltan1/XC494071.ogg,5.0,-2.0533,-60.0238,birdclef-2025/train_audio/paltan1/XC494071.ogg,Aves,16.69225
paltan1,paltan1/XC497440.ogg,4.0,-11.9894,-68.57,birdclef-2025/train_audio/paltan1/XC497440.ogg,Aves,19.848
paltan1,paltan1/XC537310.ogg,5.0,-22.9048,-43.1028,birdclef-2025/train_audio/paltan1/XC537310.ogg,Aves,11.328
paltan1,paltan1/XC537981.ogg,5.0,4.351,-74.652,birdclef-2025/train_audio/paltan1/XC537981.ogg,Aves,5.48571875
paltan1,paltan1/XC539843.ogg,5.0,4.351,-74.652,birdclef-2025/train_audio/paltan1/XC539843.ogg,Aves,14.47184375
paltan1,paltan1/XC539844.ogg,5.0,4.351,-74.652,birdclef-2025/train_audio/paltan1/XC539844.ogg,Aves,6.426125
paltan1,paltan1/XC543342.ogg,5.0,1.4898,-75.6801,birdclef-2025/train_audio/paltan1/XC543342.ogg,Aves,19.08
paltan1,paltan1/XC544948.ogg,4.5,4.351,-74.652,birdclef-2025/train_audio/paltan1/XC544948.ogg,Aves,16.22203125
paltan1,paltan1/XC551840.ogg,5.0,-14.6386,-66.2843,birdclef-2025/train_audio/paltan1/XC551840.ogg,Aves,3.708
paltan1,paltan1/XC576037.ogg,5.0,4.5585,-75.3275,birdclef-2025/train_audio/paltan1/XC576037.ogg,Aves,13.632
paltan1,paltan1/XC589591.ogg,5.0,-9.626,-35.8062,birdclef-2025/train_audio/paltan1/XC589591.ogg,Aves,6.34775
paltan1,paltan1/XC64265.ogg,4.0,-11.8667,-71.3667,birdclef-2025/train_audio/paltan1/XC64265.ogg,Aves,14.8114375
paltan1,paltan1/XC708162.ogg,4.0,-13.7656,-66.1005,birdclef-2025/train_audio/paltan1/XC708162.ogg,Aves,4.32
paltan1,paltan1/XC719958.ogg,4.0,11.1229,-74.095,birdclef-2025/train_audio/paltan1/XC719958.ogg,Aves,19.435
paltan1,paltan1/XC737443.ogg,4.0,-17.1888,-48.7335,birdclef-2025/train_audio/paltan1/XC737443.ogg,Aves,15.54284375
paltan1,paltan1/XC769487.ogg,4.0,-6.3761,-47.1085,birdclef-2025/train_audio/paltan1/XC769487.ogg,Aves,4.10121875
paltan1,paltan1/XC774181.ogg,5.0,-0.0523,-78.7764,birdclef-2025/train_audio/paltan1/XC774181.ogg,Aves,19.08996875
paltan1,paltan1/XC803728.ogg,4.0,-16.4727,-49.4959,birdclef-2025/train_audio/paltan1/XC803728.ogg,Aves,18.5730625
paltan1,paltan1/XC816885.ogg,4.0,-7.3499,-48.2929,birdclef-2025/train_audio/paltan1/XC816885.ogg,Aves,8.62040625
paltan1,paltan1/XC838481.ogg,4.0,11.1801,-69.6299,birdclef-2025/train_audio/paltan1/XC838481.ogg,Aves,7.7845
paltan1,paltan1/XC84787.ogg,4.0,-12.6167,-41.3167,birdclef-2025/train_audio/paltan1/XC84787.ogg,Aves,11.25878125
paltan1,paltan1/XC872314.ogg,4.0,4.5652,-52.2098,birdclef-2025/train_audio/paltan1/XC872314.ogg,Aves,17.616
paltan1,paltan1/XC906772.ogg,4.0,4.5665,-52.4659,birdclef-2025/train_audio/paltan1/XC906772.ogg,Aves,13.714
paltan1,paltan1/XC918980.ogg,4.0,11.2407,-69.613,birdclef-2025/train_audio/paltan1/XC918980.ogg,Aves,3.99675
paltan1,paltan1/XC926604.ogg,4.0,4.8612,-52.5211,birdclef-2025/train_audio/paltan1/XC926604.ogg,Aves,10.9714375
paltan1,paltan1/XC9389.ogg,4.0,-0.4,-76.333,birdclef-2025/train_audio/paltan1/XC9389.ogg,Aves,18.729
paltan1,paltan1/XC939054.ogg,4.0,-22.9048,-43.1028,birdclef-2025/train_audio/paltan1/XC939054.ogg,Aves,10.488
paltan1,paltan1/XC939105.ogg,5.0,2.8044,-60.6718,birdclef-2025/train_audio/paltan1/XC939105.ogg,Aves,10.579
paltan1,paltan1/XC939550.ogg,5.0,1.4022,-60.9869,birdclef-2025/train_audio/paltan1/XC939550.ogg,Aves,4.257
paltan1,paltan1/XC939926.ogg,5.0,1.7914,-61.1375,birdclef-2025/train_audio/paltan1/XC939926.ogg,Aves,3.761
paltan1,paltan1/XC940049.ogg,5.0,5.1073,-60.8461,birdclef-2025/train_audio/paltan1/XC940049.ogg,Aves,14.21
paltan1,paltan1/XC946268.ogg,4.0,3.5026,-76.3552,birdclef-2025/train_audio/paltan1/XC946268.ogg,Aves,3.605
pavpig2,pavpig2/XC105.ogg,4.0,-12.856,-69.362,birdclef-2025/train_audio/pavpig2/XC105.ogg,Aves,16.64
pavpig2,pavpig2/XC127601.ogg,4.0,4.1809,-72.9136,birdclef-2025/train_audio/pavpig2/XC127601.ogg,Aves,18.5730625
pavpig2,pavpig2/XC127855.ogg,5.0,4.1809,-72.9136,birdclef-2025/train_audio/pavpig2/XC127855.ogg,Aves,12.40815625
pavpig2,pavpig2/XC145458.ogg,4.0,-15.8155,-48.0631,birdclef-2025/train_audio/pavpig2/XC145458.ogg,Aves,11.07590625
pavpig2,pavpig2/XC198994.ogg,4.0,9.1332,-79.7195,birdclef-2025/train_audio/pavpig2/XC198994.ogg,Aves,4.752
pavpig2,pavpig2/XC211676.ogg,4.0,-23.43,-47.599,birdclef-2025/train_audio/pavpig2/XC211676.ogg,Aves,16.30040625
pavpig2,pavpig2/XC221559.ogg,5.0,7.4943,-67.8362,birdclef-2025/train_audio/pavpig2/XC221559.ogg,Aves,10.7363125
pavpig2,pavpig2/XC221565.ogg,5.0,7.5637,-69.4968,birdclef-2025/train_audio/pavpig2/XC221565.ogg,Aves,18.4946875
pavpig2,pavpig2/XC225325.ogg,5.0,7.059,-69.494,birdclef-2025/train_audio/pavpig2/XC225325.ogg,Aves,18.5208125
pavpig2,pavpig2/XC238760.ogg,4.0,-1.673,-80.786,birdclef-2025/train_audio/pavpig2/XC238760.ogg,Aves,10.8408125
pavpig2,pavpig2/XC257595.ogg,5.0,-0.548,-76.041,birdclef-2025/train_audio/pavpig2/XC257595.ogg,Aves,13.3485625
pavpig2,pavpig2/XC257598.ogg,5.0,-2.159,-80.037,birdclef-2025/train_audio/pavpig2/XC257598.ogg,Aves,17.3191875
pavpig2,pavpig2/XC325553.ogg,4.0,-2.6557,-57.9652,birdclef-2025/train_audio/pavpig2/XC325553.ogg,Aves,12.456
pavpig2,pavpig2/XC353930.ogg,5.0,6.0498,-74.2614,birdclef-2025/train_audio/pavpig2/XC353930.ogg,Aves,14.784
pavpig2,pavpig2/XC377640.ogg,4.0,0.9242,-51.2155,birdclef-2025/train_audio/pavpig2/XC377640.ogg,Aves,8.15021875
pavpig2,pavpig2/XC389464.ogg,4.0,-23.0746,-46.2311,birdclef-2025/train_audio/pavpig2/XC389464.ogg,Aves,14.31509375
pavpig2,pavpig2/XC419248.ogg,4.0,-14.625,-49.0051,birdclef-2025/train_audio/pavpig2/XC419248.ogg,Aves,2.71675
pavpig2,pavpig2/XC419250.ogg,5.0,-14.625,-49.0051,birdclef-2025/train_audio/pavpig2/XC419250.ogg,Aves,8.07184375
pavpig2,pavpig2/XC422110.ogg,4.5,-17.7445,-48.625,birdclef-2025/train_audio/pavpig2/XC422110.ogg,Aves,15.56896875
pavpig2,pavpig2/XC454953.ogg,4.5,-16.631,-48.6674,birdclef-2025/train_audio/pavpig2/XC454953.ogg,Aves,8.202
pavpig2,pavpig2/XC455159.ogg,5.0,4.843,-75.8187,birdclef-2025/train_audio/pavpig2/XC455159.ogg,Aves,8.75103125
pavpig2,pavpig2/XC532827.ogg,4.0,5.2461,-75.6853,birdclef-2025/train_audio/pavpig2/XC532827.ogg,Aves,19.48734375
pavpig2,pavpig2/XC549979.ogg,4.0,1.4898,-75.6801,birdclef-2025/train_audio/pavpig2/XC549979.ogg,Aves,10.344
pavpig2,pavpig2/XC558364.ogg,4.0,2.4799,-76.5406,birdclef-2025/train_audio/pavpig2/XC558364.ogg,Aves,4.3363125
pavpig2,pavpig2/XC591108.ogg,4.0,1.4898,-75.6801,birdclef-2025/train_audio/pavpig2/XC591108.ogg,Aves,10.7624375
pavpig2,pavpig2/XC592238.ogg,4.0,-4.2889,-70.2948,birdclef-2025/train_audio/pavpig2/XC592238.ogg,Aves,10.968
pavpig2,pavpig2/XC63288.ogg,4.0,-11.8667,-71.3667,birdclef-2025/train_audio/pavpig2/XC63288.ogg,Aves,8.244
pavpig2,pavpig2/XC646807.ogg,4.0,-9.8112,-50.1683,birdclef-2025/train_audio/pavpig2/XC646807.ogg,Aves,18.050625
pavpig2,pavpig2/XC689045.ogg,4.0,0.7623,-50.1636,birdclef-2025/train_audio/pavpig2/XC689045.ogg,Aves,9.76978125
pavpig2,pavpig2/XC689897.ogg,4.0,0.7623,-50.1636,birdclef-2025/train_audio/pavpig2/XC689897.ogg,Aves,9.6914375
pavpig2,pavpig2/XC711046.ogg,4.0,-9.2856,-50.0142,birdclef-2025/train_audio/pavpig2/XC711046.ogg,Aves,11.91184375
pavpig2,pavpig2/XC720794.ogg,4.0,-9.2856,-50.0142,birdclef-2025/train_audio/pavpig2/XC720794.ogg,Aves,11.650625
pavpig2,pavpig2/XC737478.ogg,5.0,-17.1888,-48.7335,birdclef-2025/train_audio/pavpig2/XC737478.ogg,Aves,19.9314375
pavpig2,pavpig2/XC78186.ogg,4.0,-19.1824,-48.3936,birdclef-2025/train_audio/pavpig2/XC78186.ogg,Aves,11.12815625
pavpig2,pavpig2/XC782002.ogg,4.0,4.9142,-52.3624,birdclef-2025/train_audio/pavpig2/XC782002.ogg,Aves,4.31
pavpig2,pavpig2/XC820771.ogg,4.0,9.568,-75.566,birdclef-2025/train_audio/pavpig2/XC820771.ogg,Aves,18.194
pavpig2,pavpig2/XC933500.ogg,4.0,-18.2568,-53.0118,birdclef-2025/train_audio/pavpig2/XC933500.ogg,Aves,9.00575
piepuf1,piepuf1/XC206415.ogg,5.0,-1.5956,-46.2808,birdclef-2025/train_audio/piepuf1/XC206415.ogg,Aves,15.490625
piepuf1,piepuf1/XC257064.ogg,5.0,-5.311,-76.294,birdclef-2025/train_audio/piepuf1/XC257064.ogg,Aves,8.3591875
piepuf1,piepuf1/XC257065.ogg,5.0,-5.311,-76.294,birdclef-2025/train_audio/piepuf1/XC257065.ogg,Aves,15.36
piepuf1,piepuf1/XC257956.ogg,5.0,-0.498,-76.373,birdclef-2025/train_audio/piepuf1/XC257956.ogg,Aves,13.81878125
piepuf1,piepuf1/XC261842.ogg,5.0,1.064,-78.681,birdclef-2025/train_audio/piepuf1/XC261842.ogg,Aves,10.42284375
piepuf1,piepuf1/XC264506.ogg,5.0,-0.498,-76.373,birdclef-2025/train_audio/piepuf1/XC264506.ogg,Aves,15.20325
piepuf1,piepuf1/XC4006.ogg,4.0,8.1101,-61.6714,birdclef-2025/train_audio/piepuf1/XC4006.ogg,Aves,13.3224375
piepuf1,piepuf1/XC450600.ogg,4.0,4.7962,-52.4577,birdclef-2025/train_audio/piepuf1/XC450600.ogg,Aves,5.093875
piepuf1,piepuf1/XC454063.ogg,4.0,9.0334,-80.1334,birdclef-2025/train_audio/piepuf1/XC454063.ogg,Aves,16.32653125
piepuf1,piepuf1/XC456220.ogg,4.0,3.3821,-61.4464,birdclef-2025/train_audio/piepuf1/XC456220.ogg,Aves,18.624
piepuf1,piepuf1/XC456438.ogg,4.0,4.6294,-52.3958,birdclef-2025/train_audio/piepuf1/XC456438.ogg,Aves,9.82203125
piepuf1,piepuf1/XC456440.ogg,4.0,4.6294,-52.3958,birdclef-2025/train_audio/piepuf1/XC456440.ogg,Aves,7.41878125
piepuf1,piepuf1/XC497998.ogg,4.0,-9.4462,-70.4362,birdclef-2025/train_audio/piepuf1/XC497998.ogg,Aves,3.0563125
piepuf1,piepuf1/XC568155.ogg,5.0,-2.3913,-59.8855,birdclef-2025/train_audio/piepuf1/XC568155.ogg,Aves,9.7436875
piepuf1,piepuf1/XC702091.ogg,5.0,-12.4151,-64.4502,birdclef-2025/train_audio/piepuf1/XC702091.ogg,Aves,10.631
piepuf1,piepuf1/XC705228.ogg,4.0,-4.293,-47.5569,birdclef-2025/train_audio/piepuf1/XC705228.ogg,Aves,7.20978125
piepuf1,piepuf1/XC705229.ogg,4.0,-4.954,-47.5036,birdclef-2025/train_audio/piepuf1/XC705229.ogg,Aves,6.55675
piepuf1,piepuf1/XC723335.ogg,5.0,-12.4151,-64.4502,birdclef-2025/train_audio/piepuf1/XC723335.ogg,Aves,11.964
piepuf1,piepuf1/XC754109.ogg,5.0,-11.7734,-55.3891,birdclef-2025/train_audio/piepuf1/XC754109.ogg,Aves,5.825
piepuf1,piepuf1/XC754906.ogg,4.5,-11.7519,-55.638,birdclef-2025/train_audio/piepuf1/XC754906.ogg,Aves,8.3069375
piepuf1,piepuf1/XC755186.ogg,4.0,-11.7519,-55.638,birdclef-2025/train_audio/piepuf1/XC755186.ogg,Aves,4.23184375
piepuf1,piepuf1/XC755198.ogg,4.0,-11.7519,-55.638,birdclef-2025/train_audio/piepuf1/XC755198.ogg,Aves,9.95265625
piepuf1,piepuf1/XC769651.ogg,5.0,-6.3761,-47.1085,birdclef-2025/train_audio/piepuf1/XC769651.ogg,Aves,12.3036875
piepuf1,piepuf1/XC769655.ogg,4.5,-6.3761,-47.1085,birdclef-2025/train_audio/piepuf1/XC769655.ogg,Aves,13.3224375
piepuf1,piepuf1/XC776173.ogg,4.0,-12.4946,-64.5291,birdclef-2025/train_audio/piepuf1/XC776173.ogg,Aves,12.506625
piepuf1,piepuf1/XC782006.ogg,4.0,4.9158,-52.3644,birdclef-2025/train_audio/piepuf1/XC782006.ogg,Aves,2.403
pirfly1,pirfly1/XC115776.ogg,4.0,-20.79,-42.8882,birdclef-2025/train_audio/pirfly1/XC115776.ogg,Aves,13.87103125
pirfly1,pirfly1/XC119808.ogg,4.0,-6.1924,-50.202,birdclef-2025/train_audio/pirfly1/XC119808.ogg,Aves,18.72978125
pirfly1,pirfly1/XC131097.ogg,4.0,-22.4508,-42.7735,birdclef-2025/train_audio/pirfly1/XC131097.ogg,Aves,14.112
pirfly1,pirfly1/XC164658.ogg,4.0,-22.4334,-44.6334,birdclef-2025/train_audio/pirfly1/XC164658.ogg,Aves,12.0163125
pirfly1,pirfly1/XC166652.ogg,4.0,8.5264,-83.3951,birdclef-2025/train_audio/pirfly1/XC166652.ogg,Aves,18.5208125
pirfly1,pirfly1/XC199153.ogg,5.0,-23.445,-51.253,birdclef-2025/train_audio/pirfly1/XC199153.ogg,Aves,13.68815625
pirfly1,pirfly1/XC199221.ogg,5.0,-23.4673,-51.0356,birdclef-2025/train_audio/pirfly1/XC199221.ogg,Aves,14.49796875
pirfly1,pirfly1/XC249418.ogg,4.5,-0.915,-77.84,birdclef-2025/train_audio/pirfly1/XC249418.ogg,Aves,11.18040625
pirfly1,pirfly1/XC259030.ogg,5.0,-1.035,-77.399,birdclef-2025/train_audio/pirfly1/XC259030.ogg,Aves,12.64325
pirfly1,pirfly1/XC275477.ogg,4.5,0.883,-78.8,birdclef-2025/train_audio/pirfly1/XC275477.ogg,Aves,19.9575625
pirfly1,pirfly1/XC275479.ogg,4.5,0.867,-78.733,birdclef-2025/train_audio/pirfly1/XC275479.ogg,Aves,19.04325
pirfly1,pirfly1/XC275480.ogg,4.5,0.883,-78.8,birdclef-2025/train_audio/pirfly1/XC275480.ogg,Aves,9.37796875
pirfly1,pirfly1/XC309685.ogg,4.0,14.7885,-84.5098,birdclef-2025/train_audio/pirfly1/XC309685.ogg,Aves,10.318375
pirfly1,pirfly1/XC32307.ogg,4.0,-23.6834,-64.8834,birdclef-2025/train_audio/pirfly1/XC32307.ogg,Aves,19.04325
pirfly1,pirfly1/XC325460.ogg,4.0,-16.2891,-39.335,birdclef-2025/train_audio/pirfly1/XC325460.ogg,Aves,16.416
pirfly1,pirfly1/XC325461.ogg,5.0,-16.4525,-39.2554,birdclef-2025/train_audio/pirfly1/XC325461.ogg,Aves,19.608
pirfly1,pirfly1/XC345794.ogg,5.0,-4.6767,-79.1187,birdclef-2025/train_audio/pirfly1/XC345794.ogg,Aves,16.45715625
pirfly1,pirfly1/XC383419.ogg,4.0,9.1363,-83.7073,birdclef-2025/train_audio/pirfly1/XC383419.ogg,Aves,11.937
pirfly1,pirfly1/XC401102.ogg,4.0,-15.6421,-57.1899,birdclef-2025/train_audio/pirfly1/XC401102.ogg,Aves,9.6130625
pirfly1,pirfly1/XC407701.ogg,5.0,-16.62,-56.732,birdclef-2025/train_audio/pirfly1/XC407701.ogg,Aves,14.001625
pirfly1,pirfly1/XC411902.ogg,4.0,18.4329,-94.9625,birdclef-2025/train_audio/pirfly1/XC411902.ogg,Aves,8.8555
pirfly1,pirfly1/XC420565.ogg,5.0,0.9382,-76.5938,birdclef-2025/train_audio/pirfly1/XC420565.ogg,Aves,8.88
pirfly1,pirfly1/XC432582.ogg,5.0,-9.6296,-55.9504,birdclef-2025/train_audio/pirfly1/XC432582.ogg,Aves,10.104
pirfly1,pirfly1/XC471082.ogg,4.0,-17.1028,-64.7792,birdclef-2025/train_audio/pirfly1/XC471082.ogg,Aves,18.25959375
pirfly1,pirfly1/XC471373.ogg,4.0,13.242,-87.061,birdclef-2025/train_audio/pirfly1/XC471373.ogg,Aves,19.356
pirfly1,pirfly1/XC506364.ogg,4.5,-15.2144,-51.1947,birdclef-2025/train_audio/pirfly1/XC506364.ogg,Aves,14.7330625
pirfly1,pirfly1/XC549929.ogg,5.0,1.4898,-75.6801,birdclef-2025/train_audio/pirfly1/XC549929.ogg,Aves,19.32
pirfly1,pirfly1/XC550056.ogg,4.0,-3.833,-78.7722,birdclef-2025/train_audio/pirfly1/XC550056.ogg,Aves,3.970625
pirfly1,pirfly1/XC552699.ogg,5.0,4.351,-74.652,birdclef-2025/train_audio/pirfly1/XC552699.ogg,Aves,19.46121875
pirfly1,pirfly1/XC580708.ogg,4.5,6.077,-74.524,birdclef-2025/train_audio/pirfly1/XC580708.ogg,Aves,18.12896875
pirfly1,pirfly1/XC589901.ogg,5.0,1.4898,-75.6801,birdclef-2025/train_audio/pirfly1/XC589901.ogg,Aves,11.493875
pirfly1,pirfly1/XC609543.ogg,5.0,0.7002,-75.245,birdclef-2025/train_audio/pirfly1/XC609543.ogg,Aves,16.0653125
pirfly1,pirfly1/XC63590.ogg,4.0,-11.8667,-71.3667,birdclef-2025/train_audio/pirfly1/XC63590.ogg,Aves,13.536
pirfly1,pirfly1/XC675142.ogg,4.5,-16.4314,-49.1459,birdclef-2025/train_audio/pirfly1/XC675142.ogg,Aves,8.3330625
pirfly1,pirfly1/XC678119.ogg,5.0,-23.0167,-44.5167,birdclef-2025/train_audio/pirfly1/XC678119.ogg,Aves,12.43428125
pirfly1,pirfly1/XC678124.ogg,5.0,-23.0167,-44.5167,birdclef-2025/train_audio/pirfly1/XC678124.ogg,Aves,1.296
pirfly1,pirfly1/XC697437.ogg,4.0,-9.2524,-36.4187,birdclef-2025/train_audio/pirfly1/XC697437.ogg,Aves,6.426125
pirfly1,pirfly1/XC697447.ogg,5.0,-9.2524,-36.4187,birdclef-2025/train_audio/pirfly1/XC697447.ogg,Aves,5.59021875
pirfly1,pirfly1/XC704366.ogg,4.5,-16.6003,-49.2802,birdclef-2025/train_audio/pirfly1/XC704366.ogg,Aves,7.536
pirfly1,pirfly1/XC705746.ogg,5.0,-16.4525,-39.2554,birdclef-2025/train_audio/pirfly1/XC705746.ogg,Aves,13.81878125
pirfly1,pirfly1/XC773178.ogg,4.5,4.5657,-52.4679,birdclef-2025/train_audio/pirfly1/XC773178.ogg,Aves,19.992
pirfly1,pirfly1/XC781245.ogg,5.0,4.9142,-52.3624,birdclef-2025/train_audio/pirfly1/XC781245.ogg,Aves,13.871
pirfly1,pirfly1/XC838434.ogg,5.0,-18.9287,-51.679,birdclef-2025/train_audio/pirfly1/XC838434.ogg,Aves,10.52734375
pirfly1,pirfly1/XC861241.ogg,4.0,-0.0113,-76.1737,birdclef-2025/train_audio/pirfly1/XC861241.ogg,Aves,14.0908125
pirfly1,pirfly1/XC863719.ogg,5.0,-18.9287,-51.679,birdclef-2025/train_audio/pirfly1/XC863719.ogg,Aves,7.026
pirfly1,pirfly1/XC895859.ogg,4.0,-23.375,-46.4883,birdclef-2025/train_audio/pirfly1/XC895859.ogg,Aves,19.90034375
pirfly1,pirfly1/XC896090.ogg,5.0,17.7289,-96.3308,birdclef-2025/train_audio/pirfly1/XC896090.ogg,Aves,16.0713125
pirfly1,pirfly1/XC922925.ogg,4.0,19.3959,-97.0388,birdclef-2025/train_audio/pirfly1/XC922925.ogg,Aves,18.734375
pirfly1,pirfly1/XC939693.ogg,5.0,1.4637,-60.9724,birdclef-2025/train_audio/pirfly1/XC939693.ogg,Aves,4.336
pirfly1,pirfly1/XC939694.ogg,5.0,1.4637,-60.9724,birdclef-2025/train_audio/pirfly1/XC939694.ogg,Aves,9.377
pirfly1,pirfly1/XC944066.ogg,4.5,-6.7455,-46.9907,birdclef-2025/train_audio/pirfly1/XC944066.ogg,Aves,14.654
pirfly1,pirfly1/XC944068.ogg,5.0,-6.7455,-46.9907,birdclef-2025/train_audio/pirfly1/XC944068.ogg,Aves,17.711
plbwoo1,plbwoo1/XC235225.ogg,4.0,-0.0523,-78.7764,birdclef-2025/train_audio/plbwoo1/XC235225.ogg,Aves,5.6424375
plbwoo1,plbwoo1/XC235670.ogg,5.0,11.1009,-74.072,birdclef-2025/train_audio/plbwoo1/XC235670.ogg,Aves,10.60571875
plbwoo1,plbwoo1/XC235671.ogg,5.0,11.1009,-74.072,birdclef-2025/train_audio/plbwoo1/XC235671.ogg,Aves,9.6914375
plbwoo1,plbwoo1/XC235676.ogg,5.0,11.1009,-74.072,birdclef-2025/train_audio/plbwoo1/XC235676.ogg,Aves,8.75103125
plbwoo1,plbwoo1/XC244812.ogg,4.0,5.8334,-74.8667,birdclef-2025/train_audio/plbwoo1/XC244812.ogg,Aves,9.14284375
plbwoo1,plbwoo1/XC248266.ogg,5.0,0.883,-78.514,birdclef-2025/train_audio/plbwoo1/XC248266.ogg,Aves,14.39346875
plbwoo1,plbwoo1/XC248437.ogg,5.0,0.217,-78.89,birdclef-2025/train_audio/plbwoo1/XC248437.ogg,Aves,11.28490625
plbwoo1,plbwoo1/XC248836.ogg,4.0,-0.539,-79.124,birdclef-2025/train_audio/plbwoo1/XC248836.ogg,Aves,7.20978125
plbwoo1,plbwoo1/XC249559.ogg,5.0,-1.542,-77.751,birdclef-2025/train_audio/plbwoo1/XC249559.ogg,Aves,8.4375625
plbwoo1,plbwoo1/XC257073.ogg,5.0,-4.283,-77.233,birdclef-2025/train_audio/plbwoo1/XC257073.ogg,Aves,15.56896875
plbwoo1,plbwoo1/XC258246.ogg,5.0,-0.712,-77.741,birdclef-2025/train_audio/plbwoo1/XC258246.ogg,Aves,10.71021875
plbwoo1,plbwoo1/XC258249.ogg,5.0,-0.398,-76.128,birdclef-2025/train_audio/plbwoo1/XC258249.ogg,Aves,14.44571875
plbwoo1,plbwoo1/XC258250.ogg,5.0,-0.051,-78.778,birdclef-2025/train_audio/plbwoo1/XC258250.ogg,Aves,10.29225
plbwoo1,plbwoo1/XC261958.ogg,5.0,0.883,-78.8,birdclef-2025/train_audio/plbwoo1/XC261958.ogg,Aves,12.1208125
plbwoo1,plbwoo1/XC261959.ogg,4.5,0.867,-78.733,birdclef-2025/train_audio/plbwoo1/XC261959.ogg,Aves,7.44490625
plbwoo1,plbwoo1/XC261960.ogg,5.0,0.683,-79.017,birdclef-2025/train_audio/plbwoo1/XC261960.ogg,Aves,12.0424375
plbwoo1,plbwoo1/XC261962.ogg,5.0,0.633,-78.983,birdclef-2025/train_audio/plbwoo1/XC261962.ogg,Aves,11.650625
plbwoo1,plbwoo1/XC275940.ogg,5.0,-3.654,-79.753,birdclef-2025/train_audio/plbwoo1/XC275940.ogg,Aves,16.7445
plbwoo1,plbwoo1/XC382498.ogg,4.0,6.8714,-75.8098,birdclef-2025/train_audio/plbwoo1/XC382498.ogg,Aves,14.16
plbwoo1,plbwoo1/XC387196.ogg,4.0,6.833,-74.7692,birdclef-2025/train_audio/plbwoo1/XC387196.ogg,Aves,5.172
plbwoo1,plbwoo1/XC387304.ogg,4.0,-2.972,-59.9656,birdclef-2025/train_audio/plbwoo1/XC387304.ogg,Aves,17.4
plbwoo1,plbwoo1/XC394818.ogg,5.0,-2.4042,-59.8673,birdclef-2025/train_audio/plbwoo1/XC394818.ogg,Aves,8.542
plbwoo1,plbwoo1/XC395952.ogg,4.0,-3.7224,-46.7065,birdclef-2025/train_audio/plbwoo1/XC395952.ogg,Aves,10.056
plbwoo1,plbwoo1/XC400209.ogg,4.0,-15.6421,-57.1899,birdclef-2025/train_audio/plbwoo1/XC400209.ogg,Aves,5.45959375
plbwoo1,plbwoo1/XC464817.ogg,4.0,3.3821,-61.4464,birdclef-2025/train_audio/plbwoo1/XC464817.ogg,Aves,18.288
plbwoo1,plbwoo1/XC484542.ogg,4.0,-0.4383,-76.2791,birdclef-2025/train_audio/plbwoo1/XC484542.ogg,Aves,19.25225
plbwoo1,plbwoo1/XC493145.ogg,5.0,-7.0908,-48.2134,birdclef-2025/train_audio/plbwoo1/XC493145.ogg,Aves,9.37796875
plbwoo1,plbwoo1/XC532472.ogg,4.0,5.2461,-75.6853,birdclef-2025/train_audio/plbwoo1/XC532472.ogg,Aves,10.08325
plbwoo1,plbwoo1/XC559802.ogg,4.0,4.7216,-52.3073,birdclef-2025/train_audio/plbwoo1/XC559802.ogg,Aves,12.40815625
plbwoo1,plbwoo1/XC63384.ogg,4.0,-11.8667,-71.3667,birdclef-2025/train_audio/plbwoo1/XC63384.ogg,Aves,16.056
plbwoo1,plbwoo1/XC63385.ogg,4.0,-11.8667,-71.3667,birdclef-2025/train_audio/plbwoo1/XC63385.ogg,Aves,18.288
plbwoo1,plbwoo1/XC636065.ogg,5.0,1.1316,-75.6081,birdclef-2025/train_audio/plbwoo1/XC636065.ogg,Aves,11.52
plbwoo1,plbwoo1/XC705318.ogg,4.0,-5.173,-47.7829,birdclef-2025/train_audio/plbwoo1/XC705318.ogg,Aves,4.70203125
plbwoo1,plbwoo1/XC708756.ogg,5.0,-3.2659,-50.3234,birdclef-2025/train_audio/plbwoo1/XC708756.ogg,Aves,7.872
plbwoo1,plbwoo1/XC71303.ogg,4.0,0.136,-79.134,birdclef-2025/train_audio/plbwoo1/XC71303.ogg,Aves,4.989375
plbwoo1,plbwoo1/XC715312.ogg,4.0,-1.6779,-80.7952,birdclef-2025/train_audio/plbwoo1/XC715312.ogg,Aves,10.344
plbwoo1,plbwoo1/XC716628.ogg,5.0,-6.1814,-50.152,birdclef-2025/train_audio/plbwoo1/XC716628.ogg,Aves,11.976
plbwoo1,plbwoo1/XC72654.ogg,4.0,0.892,-78.533,birdclef-2025/train_audio/plbwoo1/XC72654.ogg,Aves,15.9608125
plbwoo1,plbwoo1/XC823803.ogg,5.0,4.9459,-55.183,birdclef-2025/train_audio/plbwoo1/XC823803.ogg,Aves,16.10915625
plbwoo1,plbwoo1/XC823922.ogg,5.0,-0.0537,-78.7608,birdclef-2025/train_audio/plbwoo1/XC823922.ogg,Aves,17.11
plbwoo1,plbwoo1/XC830164.ogg,5.0,-6.0697,-50.0627,birdclef-2025/train_audio/plbwoo1/XC830164.ogg,Aves,12.251
plbwoo1,plbwoo1/XC841730.ogg,4.5,-0.0819,-80.1502,birdclef-2025/train_audio/plbwoo1/XC841730.ogg,Aves,10.29225
plbwoo1,plbwoo1/XC871278.ogg,4.5,-1.6012,-80.746,birdclef-2025/train_audio/plbwoo1/XC871278.ogg,Aves,19.67203125
plbwoo1,plbwoo1/XC9112.ogg,4.0,8.1101,-61.6714,birdclef-2025/train_audio/plbwoo1/XC9112.ogg,Aves,13.531
plbwoo1,plbwoo1/XC912018.ogg,5.0,-0.0553,-78.7704,birdclef-2025/train_audio/plbwoo1/XC912018.ogg,Aves,2.48128125
purgal2,purgal2/XC109039.ogg,5.0,28.899,-81.808,birdclef-2025/train_audio/purgal2/XC109039.ogg,Aves,5.496
purgal2,purgal2/XC123921.ogg,4.0,-22.6771,-47.9831,birdclef-2025/train_audio/purgal2/XC123921.ogg,Aves,15.30775
purgal2,purgal2/XC130986.ogg,4.0,26.479,-80.143,birdclef-2025/train_audio/purgal2/XC130986.ogg,Aves,17.2930625
purgal2,purgal2/XC131146.ogg,5.0,-22.4508,-42.7735,birdclef-2025/train_audio/purgal2/XC131146.ogg,Aves,9.624
purgal2,purgal2/XC131340.ogg,4.0,-22.4508,-42.7735,birdclef-2025/train_audio/purgal2/XC131340.ogg,Aves,4.632
purgal2,purgal2/XC145702.ogg,4.0,18.0024,-94.5653,birdclef-2025/train_audio/purgal2/XC145702.ogg,Aves,10.7624375
purgal2,purgal2/XC145703.ogg,4.0,18.0024,-94.5653,birdclef-2025/train_audio/purgal2/XC145703.ogg,Aves,7.1836875
purgal2,purgal2/XC145835.ogg,4.0,28.5785,-80.9961,birdclef-2025/train_audio/purgal2/XC145835.ogg,Aves,17.184
purgal2,purgal2/XC147540.ogg,5.0,-22.6771,-47.9831,birdclef-2025/train_audio/purgal2/XC147540.ogg,Aves,7.41878125
purgal2,purgal2/XC165829.ogg,4.0,9.8903,-83.6556,birdclef-2025/train_audio/purgal2/XC165829.ogg,Aves,10.9453125
purgal2,purgal2/XC166165.ogg,4.0,9.89,-83.654,birdclef-2025/train_audio/purgal2/XC166165.ogg,Aves,6.79184375
purgal2,purgal2/XC166166.ogg,4.0,9.89,-83.654,birdclef-2025/train_audio/purgal2/XC166166.ogg,Aves,7.549375
purgal2,purgal2/XC166167.ogg,4.0,9.89,-83.654,birdclef-2025/train_audio/purgal2/XC166167.ogg,Aves,9.40409375
purgal2,purgal2/XC166168.ogg,4.0,9.89,-83.654,birdclef-2025/train_audio/purgal2/XC166168.ogg,Aves,14.6024375
purgal2,purgal2/XC173808.ogg,4.0,28.5785,-80.9961,birdclef-2025/train_audio/purgal2/XC173808.ogg,Aves,4.632
purgal2,purgal2/XC173810.ogg,4.0,28.5785,-80.9961,birdclef-2025/train_audio/purgal2/XC173810.ogg,Aves,9.24
purgal2,purgal2/XC173812.ogg,5.0,28.5785,-80.9961,birdclef-2025/train_audio/purgal2/XC173812.ogg,Aves,12.408
purgal2,purgal2/XC196254.ogg,5.0,26.4873,-80.161,birdclef-2025/train_audio/purgal2/XC196254.ogg,Aves,9.36
purgal2,purgal2/XC196255.ogg,4.0,26.4873,-80.161,birdclef-2025/train_audio/purgal2/XC196255.ogg,Aves,5.64
purgal2,purgal2/XC196256.ogg,4.0,26.4873,-80.161,birdclef-2025/train_audio/purgal2/XC196256.ogg,Aves,10.632
purgal2,purgal2/XC196257.ogg,4.0,26.4873,-80.161,birdclef-2025/train_audio/purgal2/XC196257.ogg,Aves,9.336
purgal2,purgal2/XC228330.ogg,4.0,28.5785,-80.9961,birdclef-2025/train_audio/purgal2/XC228330.ogg,Aves,13.176
purgal2,purgal2/XC240303.ogg,5.0,13.3325,-88.2486,birdclef-2025/train_audio/purgal2/XC240303.ogg,Aves,14.106125
purgal2,purgal2/XC244973.ogg,5.0,5.3131,-71.3681,birdclef-2025/train_audio/purgal2/XC244973.ogg,Aves,9.4563125
purgal2,purgal2/XC255140.ogg,4.0,17.974,-94.5056,birdclef-2025/train_audio/purgal2/XC255140.ogg,Aves,11.83346875
purgal2,purgal2/XC255142.ogg,4.0,17.974,-94.5056,birdclef-2025/train_audio/purgal2/XC255142.ogg,Aves,4.04896875
purgal2,purgal2/XC255143.ogg,4.0,17.974,-94.5056,birdclef-2025/train_audio/purgal2/XC255143.ogg,Aves,11.96409375
purgal2,purgal2/XC257453.ogg,5.0,-2.427,-79.605,birdclef-2025/train_audio/purgal2/XC257453.ogg,Aves,14.23675
purgal2,purgal2/XC257455.ogg,5.0,-0.703,-80.2,birdclef-2025/train_audio/purgal2/XC257455.ogg,Aves,13.87103125
purgal2,purgal2/XC257456.ogg,5.0,-0.703,-80.2,birdclef-2025/train_audio/purgal2/XC257456.ogg,Aves,10.44896875
purgal2,purgal2/XC257457.ogg,5.0,-0.703,-80.2,birdclef-2025/train_audio/purgal2/XC257457.ogg,Aves,19.14775
purgal2,purgal2/XC257458.ogg,5.0,-0.703,-80.2,birdclef-2025/train_audio/purgal2/XC257458.ogg,Aves,8.2024375
purgal2,purgal2/XC257459.ogg,5.0,-0.703,-80.2,birdclef-2025/train_audio/purgal2/XC257459.ogg,Aves,8.64653125
purgal2,purgal2/XC264307.ogg,4.0,18.0024,-94.5653,birdclef-2025/train_audio/purgal2/XC264307.ogg,Aves,5.53796875
purgal2,purgal2/XC317160.ogg,4.0,29.951,-93.079,birdclef-2025/train_audio/purgal2/XC317160.ogg,Aves,8.54203125
purgal2,purgal2/XC317166.ogg,4.0,29.951,-93.079,birdclef-2025/train_audio/purgal2/XC317166.ogg,Aves,18.6775625
purgal2,purgal2/XC326531.ogg,4.0,32.1779,-81.1091,birdclef-2025/train_audio/purgal2/XC326531.ogg,Aves,17.736
purgal2,purgal2/XC368525.ogg,4.0,29.951,-93.079,birdclef-2025/train_audio/purgal2/XC368525.ogg,Aves,11.88571875
purgal2,purgal2/XC368527.ogg,4.0,29.951,-93.079,birdclef-2025/train_audio/purgal2/XC368527.ogg,Aves,12.98284375
purgal2,purgal2/XC368528.ogg,4.0,29.951,-93.079,birdclef-2025/train_audio/purgal2/XC368528.ogg,Aves,9.40409375
purgal2,purgal2/XC368530.ogg,4.0,29.951,-93.079,birdclef-2025/train_audio/purgal2/XC368530.ogg,Aves,7.0791875
purgal2,purgal2/XC368534.ogg,4.0,29.951,-93.079,birdclef-2025/train_audio/purgal2/XC368534.ogg,Aves,11.57225
purgal2,purgal2/XC368536.ogg,4.0,29.951,-93.079,birdclef-2025/train_audio/purgal2/XC368536.ogg,Aves,14.158375
purgal2,purgal2/XC443410.ogg,5.0,-14.625,-49.0051,birdclef-2025/train_audio/purgal2/XC443410.ogg,Aves,4.85878125
purgal2,purgal2/XC443411.ogg,4.0,-14.625,-49.0051,birdclef-2025/train_audio/purgal2/XC443411.ogg,Aves,5.9036875
purgal2,purgal2/XC443412.ogg,4.0,-14.625,-49.0051,birdclef-2025/train_audio/purgal2/XC443412.ogg,Aves,10.9714375
purgal2,purgal2/XC504760.ogg,4.0,-9.2594,-35.8457,birdclef-2025/train_audio/purgal2/XC504760.ogg,Aves,10.71021875
purgal2,purgal2/XC511097.ogg,4.0,10.3436,-85.3415,birdclef-2025/train_audio/purgal2/XC511097.ogg,Aves,8.48978125
purgal2,purgal2/XC516437.ogg,5.0,5.8449,-55.147,birdclef-2025/train_audio/purgal2/XC516437.ogg,Aves,15.048
purgal2,purgal2/XC516441.ogg,5.0,5.8449,-55.147,birdclef-2025/train_audio/purgal2/XC516441.ogg,Aves,12.048
purgal2,purgal2/XC623995.ogg,4.0,15.669,-96.5732,birdclef-2025/train_audio/purgal2/XC623995.ogg,Aves,5.198
purgal2,purgal2/XC623996.ogg,4.0,15.669,-96.5732,birdclef-2025/train_audio/purgal2/XC623996.ogg,Aves,4.832
purgal2,purgal2/XC660135.ogg,5.0,0.9672,-76.3113,birdclef-2025/train_audio/purgal2/XC660135.ogg,Aves,4.88490625
purgal2,purgal2/XC705557.ogg,4.0,25.7551,-80.7664,birdclef-2025/train_audio/purgal2/XC705557.ogg,Aves,10.3445
purgal2,purgal2/XC707781.ogg,4.0,-30.2561,-57.5979,birdclef-2025/train_audio/purgal2/XC707781.ogg,Aves,12.96
purgal2,purgal2/XC723138.ogg,5.0,8.8117,-82.9609,birdclef-2025/train_audio/purgal2/XC723138.ogg,Aves,6.696
purgal2,purgal2/XC744993.ogg,5.0,-21.2345,-48.6366,birdclef-2025/train_audio/purgal2/XC744993.ogg,Aves,5.799
purgal2,purgal2/XC769510.ogg,5.0,-6.3761,-47.1085,birdclef-2025/train_audio/purgal2/XC769510.ogg,Aves,9.84815625
purgal2,purgal2/XC769512.ogg,4.0,-6.3761,-47.1085,birdclef-2025/train_audio/purgal2/XC769512.ogg,Aves,16.69225
purgal2,purgal2/XC769517.ogg,4.0,-6.3761,-47.1085,birdclef-2025/train_audio/purgal2/XC769517.ogg,Aves,7.47103125
purgal2,purgal2/XC941308.ogg,5.0,26.4855,-80.1623,birdclef-2025/train_audio/purgal2/XC941308.ogg,Aves,13.24409375
ragmac1,ragmac1/XC125937.ogg,5.0,-1.095,-52.653,birdclef-2025/train_audio/ragmac1/XC125937.ogg,Aves,13.13959375
ragmac1,ragmac1/XC131121.ogg,4.0,-12.0478,-69.6759,birdclef-2025/train_audio/ragmac1/XC131121.ogg,Aves,10.8930625
ragmac1,ragmac1/XC145811.ogg,4.0,-19.4788,-56.9868,birdclef-2025/train_audio/ragmac1/XC145811.ogg,Aves,6.5045
ragmac1,ragmac1/XC145813.ogg,5.0,-19.2499,-57.0294,birdclef-2025/train_audio/ragmac1/XC145813.ogg,Aves,13.24409375
ragmac1,ragmac1/XC195317.ogg,4.0,-12.4503,-70.6692,birdclef-2025/train_audio/ragmac1/XC195317.ogg,Aves,17.00571875
ragmac1,ragmac1/XC247084.ogg,4.0,7.5591,-60.9225,birdclef-2025/train_audio/ragmac1/XC247084.ogg,Aves,7.0791875
ragmac1,ragmac1/XC257029.ogg,5.0,-7.133,-75.683,birdclef-2025/train_audio/ragmac1/XC257029.ogg,Aves,11.389375
ragmac1,ragmac1/XC303083.ogg,4.0,1.4787,-62.2446,birdclef-2025/train_audio/ragmac1/XC303083.ogg,Aves,13.176
ragmac1,ragmac1/XC329021.ogg,4.0,-10.79,-69.6054,birdclef-2025/train_audio/ragmac1/XC329021.ogg,Aves,9.024
ragmac1,ragmac1/XC332958.ogg,5.0,-14.9299,-60.0211,birdclef-2025/train_audio/ragmac1/XC332958.ogg,Aves,11.57225
ragmac1,ragmac1/XC345123.ogg,4.0,-9.5549,-65.3226,birdclef-2025/train_audio/ragmac1/XC345123.ogg,Aves,15.04653125
ragmac1,ragmac1/XC393349.ogg,4.0,-2.4042,-59.8673,birdclef-2025/train_audio/ragmac1/XC393349.ogg,Aves,6.243
ragmac1,ragmac1/XC395902.ogg,5.0,-14.167,-67.917,birdclef-2025/train_audio/ragmac1/XC395902.ogg,Aves,18.10284375
ragmac1,ragmac1/XC431532.ogg,5.0,-9.5565,-55.9085,birdclef-2025/train_audio/ragmac1/XC431532.ogg,Aves,19.392
ragmac1,ragmac1/XC433181.ogg,4.0,-9.5565,-55.9085,birdclef-2025/train_audio/ragmac1/XC433181.ogg,Aves,12.072
ragmac1,ragmac1/XC441437.ogg,4.0,-9.8781,-56.0981,birdclef-2025/train_audio/ragmac1/XC441437.ogg,Aves,4.992
ragmac1,ragmac1/XC445807.ogg,4.0,3.8943,-67.9357,birdclef-2025/train_audio/ragmac1/XC445807.ogg,Aves,10.8408125
ragmac1,ragmac1/XC491694.ogg,4.0,-9.545,-70.089,birdclef-2025/train_audio/ragmac1/XC491694.ogg,Aves,18.4946875
ragmac1,ragmac1/XC575164.ogg,5.0,-12.4384,-70.6803,birdclef-2025/train_audio/ragmac1/XC575164.ogg,Aves,11.88571875
ragmac1,ragmac1/XC636820.ogg,5.0,-1.66,-56.603,birdclef-2025/train_audio/ragmac1/XC636820.ogg,Aves,7.296
ragmac1,ragmac1/XC664498.ogg,5.0,-11.2646,-70.2437,birdclef-2025/train_audio/ragmac1/XC664498.ogg,Aves,4.179
ragmac1,ragmac1/XC830382.ogg,5.0,-5.9138,-49.9126,birdclef-2025/train_audio/ragmac1/XC830382.ogg,Aves,18.128
ragmac1,ragmac1/XC830833.ogg,5.0,-6.0806,-50.0454,birdclef-2025/train_audio/ragmac1/XC830833.ogg,Aves,9.221
ragmac1,ragmac1/XC84888.ogg,4.0,-9.8781,-56.0981,birdclef-2025/train_audio/ragmac1/XC84888.ogg,Aves,5.093875
ragmac1,ragmac1/XC860588.ogg,5.0,-14.1689,-67.9178,birdclef-2025/train_audio/ragmac1/XC860588.ogg,Aves,20.0
ragmac1,ragmac1/XC860592.ogg,5.0,-14.1689,-67.9178,birdclef-2025/train_audio/ragmac1/XC860592.ogg,Aves,16.23003125
ragmac1,ragmac1/XC939501.ogg,4.5,1.4022,-60.9869,birdclef-2025/train_audio/ragmac1/XC939501.ogg,Aves,4.675
ragmac1,ragmac1/XC951975.ogg,4.0,-15.4072,-55.8328,birdclef-2025/train_audio/ragmac1/XC951975.ogg,Aves,4.519
rebbla1,rebbla1/XC148712.ogg,4.0,-0.44,-77.8624,birdclef-2025/train_audio/rebbla1/XC148712.ogg,Aves,9.090625
rebbla1,rebbla1/XC221570.ogg,5.0,7.5637,-69.4968,birdclef-2025/train_audio/rebbla1/XC221570.ogg,Aves,15.15103125
rebbla1,rebbla1/XC257158.ogg,5.0,-12.65,-69.3,birdclef-2025/train_audio/rebbla1/XC257158.ogg,Aves,19.0955
rebbla1,rebbla1/XC257159.ogg,5.0,-5.311,-76.294,birdclef-2025/train_audio/rebbla1/XC257159.ogg,Aves,12.3036875
rebbla1,rebbla1/XC340165.ogg,5.0,-3.1025,-60.1677,birdclef-2025/train_audio/rebbla1/XC340165.ogg,Aves,16.872
rebbla1,rebbla1/XC506019.ogg,4.0,4.7962,-52.4577,birdclef-2025/train_audio/rebbla1/XC506019.ogg,Aves,6.373875
rebbla1,rebbla1/XC627408.ogg,5.0,1.4898,-75.6801,birdclef-2025/train_audio/rebbla1/XC627408.ogg,Aves,16.19590625
rebbla1,rebbla1/XC627409.ogg,5.0,1.4898,-75.6801,birdclef-2025/train_audio/rebbla1/XC627409.ogg,Aves,10.05715625
rebbla1,rebbla1/XC781956.ogg,5.0,5.0461,-52.6055,birdclef-2025/train_audio/rebbla1/XC781956.ogg,Aves,3.5
rebbla1,rebbla1/XC781963.ogg,5.0,5.1045,-52.584,birdclef-2025/train_audio/rebbla1/XC781963.ogg,Aves,6.896
rebbla1,rebbla1/XC925555.ogg,4.0,4.913,-52.515,birdclef-2025/train_audio/rebbla1/XC925555.ogg,Aves,11.937
rebbla1,rebbla1/XC944057.ogg,5.0,-6.7455,-46.9907,birdclef-2025/train_audio/rebbla1/XC944057.ogg,Aves,5.25
recwoo1,recwoo1/XC166013.ogg,4.0,9.7751,-84.6167,birdclef-2025/train_audio/recwoo1/XC166013.ogg,Aves,2.11590625
recwoo1,recwoo1/XC197465.ogg,4.0,8.7171,-71.3304,birdclef-2025/train_audio/recwoo1/XC197465.ogg,Aves,3.65715625
recwoo1,recwoo1/XC246925.ogg,5.0,7.059,-69.494,birdclef-2025/train_audio/recwoo1/XC246925.ogg,Aves,4.17959375
recwoo1,recwoo1/XC246926.ogg,5.0,7.5637,-69.4968,birdclef-2025/train_audio/recwoo1/XC246926.ogg,Aves,10.65796875
recwoo1,recwoo1/XC246927.ogg,5.0,7.5637,-69.4968,birdclef-2025/train_audio/recwoo1/XC246927.ogg,Aves,2.16815625
recwoo1,recwoo1/XC254137.ogg,4.0,8.299,-70.0851,birdclef-2025/train_audio/recwoo1/XC254137.ogg,Aves,3.65715625
recwoo1,recwoo1/XC312918.ogg,4.0,11.1334,-74.1001,birdclef-2025/train_audio/recwoo1/XC312918.ogg,Aves,16.104
recwoo1,recwoo1/XC317805.ogg,5.0,8.8667,-75.7859,birdclef-2025/train_audio/recwoo1/XC317805.ogg,Aves,5.43346875
recwoo1,recwoo1/XC353643.ogg,4.5,11.2643,-74.1833,birdclef-2025/train_audio/recwoo1/XC353643.ogg,Aves,7.752
recwoo1,recwoo1/XC359324.ogg,5.0,8.8983,-79.5823,birdclef-2025/train_audio/recwoo1/XC359324.ogg,Aves,2.89959375
recwoo1,recwoo1/XC360377.ogg,4.0,9.4975,-75.3507,birdclef-2025/train_audio/recwoo1/XC360377.ogg,Aves,14.08
recwoo1,recwoo1/XC380689.ogg,4.0,11.2643,-74.1833,birdclef-2025/train_audio/recwoo1/XC380689.ogg,Aves,7.824
recwoo1,recwoo1/XC382474.ogg,4.0,9.9261,-75.1074,birdclef-2025/train_audio/recwoo1/XC382474.ogg,Aves,7.2
recwoo1,recwoo1/XC408359.ogg,5.0,9.05,-79.6342,birdclef-2025/train_audio/recwoo1/XC408359.ogg,Aves,8.904
recwoo1,recwoo1/XC433575.ogg,5.0,6.5574,-75.8604,birdclef-2025/train_audio/recwoo1/XC433575.ogg,Aves,6.72
recwoo1,recwoo1/XC437834.ogg,4.0,3.3641,-76.5402,birdclef-2025/train_audio/recwoo1/XC437834.ogg,Aves,2.71675
recwoo1,recwoo1/XC459229.ogg,4.0,4.843,-75.8187,birdclef-2025/train_audio/recwoo1/XC459229.ogg,Aves,7.0269375
recwoo1,recwoo1/XC459234.ogg,4.5,4.843,-75.8187,birdclef-2025/train_audio/recwoo1/XC459234.ogg,Aves,10.50121875
recwoo1,recwoo1/XC467820.ogg,4.5,4.4611,-75.2151,birdclef-2025/train_audio/recwoo1/XC467820.ogg,Aves,4.152
recwoo1,recwoo1/XC520568.ogg,4.5,4.5646,-74.9392,birdclef-2025/train_audio/recwoo1/XC520568.ogg,Aves,14.136
recwoo1,recwoo1/XC538089.ogg,5.0,3.3794,-76.5406,birdclef-2025/train_audio/recwoo1/XC538089.ogg,Aves,3.0824375
recwoo1,recwoo1/XC562911.ogg,4.5,9.0095,-79.4684,birdclef-2025/train_audio/recwoo1/XC562911.ogg,Aves,5.146
recwoo1,recwoo1/XC569963.ogg,4.0,4.8101,-75.71,birdclef-2025/train_audio/recwoo1/XC569963.ogg,Aves,10.213875
recwoo1,recwoo1/XC589604.ogg,5.0,2.1869,-75.5584,birdclef-2025/train_audio/recwoo1/XC589604.ogg,Aves,4.5714375
recwoo1,recwoo1/XC589605.ogg,5.0,2.1869,-75.5584,birdclef-2025/train_audio/recwoo1/XC589605.ogg,Aves,4.5714375
recwoo1,recwoo1/XC617292.ogg,4.0,4.3307,-74.3726,birdclef-2025/train_audio/recwoo1/XC617292.ogg,Aves,12.744
recwoo1,recwoo1/XC65955.ogg,4.5,8.9498,-68.0831,birdclef-2025/train_audio/recwoo1/XC65955.ogg,Aves,6.9224375
recwoo1,recwoo1/XC661054.ogg,4.0,11.4947,-69.5128,birdclef-2025/train_audio/recwoo1/XC661054.ogg,Aves,9.72
recwoo1,recwoo1/XC672030.ogg,4.0,4.3307,-74.3726,birdclef-2025/train_audio/recwoo1/XC672030.ogg,Aves,6.864
recwoo1,recwoo1/XC799796.ogg,4.0,5.0861,-74.7076,birdclef-2025/train_audio/recwoo1/XC799796.ogg,Aves,5.438875
recwoo1,recwoo1/XC837792.ogg,5.0,11.8168,-69.9414,birdclef-2025/train_audio/recwoo1/XC837792.ogg,Aves,7.0530625
recwoo1,recwoo1/XC837793.ogg,5.0,11.8168,-69.9414,birdclef-2025/train_audio/recwoo1/XC837793.ogg,Aves,6.269375
recwoo1,recwoo1/XC838674.ogg,5.0,11.4947,-69.5128,birdclef-2025/train_audio/recwoo1/XC838674.ogg,Aves,8.664
recwoo1,recwoo1/XC860524.ogg,4.0,8.6999,-83.2042,birdclef-2025/train_audio/recwoo1/XC860524.ogg,Aves,10.135
recwoo1,recwoo1/XC865988.ogg,4.0,9.2717,-83.8812,birdclef-2025/train_audio/recwoo1/XC865988.ogg,Aves,4.702
recwoo1,recwoo1/XC946140.ogg,4.0,3.5026,-76.3552,birdclef-2025/train_audio/recwoo1/XC946140.ogg,Aves,3.7521875
recwoo1,recwoo1/XC946141.ogg,4.0,3.5026,-76.3552,birdclef-2025/train_audio/recwoo1/XC946141.ogg,Aves,2.0765
recwoo1,recwoo1/XC946142.ogg,4.0,3.5026,-76.3552,birdclef-2025/train_audio/recwoo1/XC946142.ogg,Aves,2.358125
recwoo1,recwoo1/XC946143.ogg,4.0,3.5026,-76.3552,birdclef-2025/train_audio/recwoo1/XC946143.ogg,Aves,1.3535625
recwoo1,recwoo1/XC946954.ogg,4.0,6.271,-75.564,birdclef-2025/train_audio/recwoo1/XC946954.ogg,Aves,15.263375
rinkin1,rinkin1/XC123604.ogg,4.0,-16.7581,-56.8764,birdclef-2025/train_audio/rinkin1/XC123604.ogg,Aves,9.288
rinkin1,rinkin1/XC128792.ogg,4.0,-12.2292,-69.3256,birdclef-2025/train_audio/rinkin1/XC128792.ogg,Aves,4.5714375
rinkin1,rinkin1/XC148288.ogg,4.0,1.8888,-76.2888,birdclef-2025/train_audio/rinkin1/XC148288.ogg,Aves,18.755
rinkin1,rinkin1/XC156990.ogg,4.0,15.8572,-84.7884,birdclef-2025/train_audio/rinkin1/XC156990.ogg,Aves,4.392
rinkin1,rinkin1/XC158323.ogg,4.0,-0.0523,-78.7764,birdclef-2025/train_audio/rinkin1/XC158323.ogg,Aves,8.3069375
rinkin1,rinkin1/XC173693.ogg,5.0,-27.3546,-49.3459,birdclef-2025/train_audio/rinkin1/XC173693.ogg,Aves,19.116
rinkin1,rinkin1/XC174790.ogg,4.0,-25.5166,-48.523,birdclef-2025/train_audio/rinkin1/XC174790.ogg,Aves,6.373875
rinkin1,rinkin1/XC238448.ogg,4.0,-0.539,-79.124,birdclef-2025/train_audio/rinkin1/XC238448.ogg,Aves,3.42203125
rinkin1,rinkin1/XC238449.ogg,4.0,-1.951,-80.552,birdclef-2025/train_audio/rinkin1/XC238449.ogg,Aves,6.9485625
rinkin1,rinkin1/XC238451.ogg,4.0,-3.431,-80.1,birdclef-2025/train_audio/rinkin1/XC238451.ogg,Aves,13.3224375
rinkin1,rinkin1/XC245099.ogg,4.0,2.5828,-72.717,birdclef-2025/train_audio/rinkin1/XC245099.ogg,Aves,14.55021875
rinkin1,rinkin1/XC245474.ogg,4.0,6.33,-71.77,birdclef-2025/train_audio/rinkin1/XC245474.ogg,Aves,11.76
rinkin1,rinkin1/XC257909.ogg,5.0,-0.703,-80.2,birdclef-2025/train_audio/rinkin1/XC257909.ogg,Aves,15.20325
rinkin1,rinkin1/XC257910.ogg,4.5,-0.633,-80.367,birdclef-2025/train_audio/rinkin1/XC257910.ogg,Aves,13.4008125
rinkin1,rinkin1/XC269073.ogg,4.0,30.2078,-91.9016,birdclef-2025/train_audio/rinkin1/XC269073.ogg,Aves,7.39265625
rinkin1,rinkin1/XC274834.ogg,5.0,-22.4508,-42.7735,birdclef-2025/train_audio/rinkin1/XC274834.ogg,Aves,12.35590625
rinkin1,rinkin1/XC286817.ogg,4.0,-22.4508,-42.7735,birdclef-2025/train_audio/rinkin1/XC286817.ogg,Aves,10.05715625
rinkin1,rinkin1/XC288524.ogg,4.0,-28.3286,-49.5848,birdclef-2025/train_audio/rinkin1/XC288524.ogg,Aves,6.576
rinkin1,rinkin1/XC297552.ogg,4.0,26.5151,-99.1156,birdclef-2025/train_audio/rinkin1/XC297552.ogg,Aves,16.1175625
rinkin1,rinkin1/XC297553.ogg,4.0,26.5151,-99.1156,birdclef-2025/train_audio/rinkin1/XC297553.ogg,Aves,13.16571875
rinkin1,rinkin1/XC327295.ogg,5.0,-1.6691,-55.9094,birdclef-2025/train_audio/rinkin1/XC327295.ogg,Aves,9.696
rinkin1,rinkin1/XC327820.ogg,4.0,14.7927,-88.0149,birdclef-2025/train_audio/rinkin1/XC327820.ogg,Aves,9.0645
rinkin1,rinkin1/XC340493.ogg,4.0,26.1376,-98.3314,birdclef-2025/train_audio/rinkin1/XC340493.ogg,Aves,12.3036875
rinkin1,rinkin1/XC359022.ogg,5.0,26.5151,-99.1156,birdclef-2025/train_audio/rinkin1/XC359022.ogg,Aves,18.144
rinkin1,rinkin1/XC359121.ogg,4.0,26.5151,-99.1156,birdclef-2025/train_audio/rinkin1/XC359121.ogg,Aves,4.512
rinkin1,rinkin1/XC378399.ogg,4.0,9.8788,-85.5502,birdclef-2025/train_audio/rinkin1/XC378399.ogg,Aves,10.9714375
rinkin1,rinkin1/XC381942.ogg,4.0,-16.7581,-56.8764,birdclef-2025/train_audio/rinkin1/XC381942.ogg,Aves,4.78040625
rinkin1,rinkin1/XC387973.ogg,4.0,-15.6421,-57.1899,birdclef-2025/train_audio/rinkin1/XC387973.ogg,Aves,18.25959375
rinkin1,rinkin1/XC391256.ogg,4.0,25.6603,-100.2612,birdclef-2025/train_audio/rinkin1/XC391256.ogg,Aves,8.751
rinkin1,rinkin1/XC393149.ogg,4.0,-15.6065,-56.0641,birdclef-2025/train_audio/rinkin1/XC393149.ogg,Aves,17.76325
rinkin1,rinkin1/XC396165.ogg,4.0,-22.4508,-42.7735,birdclef-2025/train_audio/rinkin1/XC396165.ogg,Aves,17.016
rinkin1,rinkin1/XC415207.ogg,4.0,-25.0719,-58.141,birdclef-2025/train_audio/rinkin1/XC415207.ogg,Aves,16.24815625
rinkin1,rinkin1/XC423017.ogg,4.0,-18.002,-40.381,birdclef-2025/train_audio/rinkin1/XC423017.ogg,Aves,9.528
rinkin1,rinkin1/XC451226.ogg,4.0,4.5069,-74.5249,birdclef-2025/train_audio/rinkin1/XC451226.ogg,Aves,2.481
rinkin1,rinkin1/XC453017.ogg,5.0,26.5151,-99.1156,birdclef-2025/train_audio/rinkin1/XC453017.ogg,Aves,5.4
rinkin1,rinkin1/XC47247.ogg,4.0,-6.8001,-79.2834,birdclef-2025/train_audio/rinkin1/XC47247.ogg,Aves,13.4269375
rinkin1,rinkin1/XC474925.ogg,5.0,-0.4383,-76.2791,birdclef-2025/train_audio/rinkin1/XC474925.ogg,Aves,9.40409375
rinkin1,rinkin1/XC482066.ogg,4.0,-8.9828,-62.5856,birdclef-2025/train_audio/rinkin1/XC482066.ogg,Aves,10.248
rinkin1,rinkin1/XC51488.ogg,4.0,-30.583,-59.949,birdclef-2025/train_audio/rinkin1/XC51488.ogg,Aves,7.549375
rinkin1,rinkin1/XC537719.ogg,4.0,4.7216,-52.3073,birdclef-2025/train_audio/rinkin1/XC537719.ogg,Aves,10.8930625
rinkin1,rinkin1/XC538037.ogg,5.0,4.351,-74.652,birdclef-2025/train_audio/rinkin1/XC538037.ogg,Aves,10.05715625
rinkin1,rinkin1/XC550262.ogg,4.0,-26.5723,-53.8018,birdclef-2025/train_audio/rinkin1/XC550262.ogg,Aves,9.576
rinkin1,rinkin1/XC550263.ogg,4.0,-26.5723,-53.8018,birdclef-2025/train_audio/rinkin1/XC550263.ogg,Aves,10.248
rinkin1,rinkin1/XC552726.ogg,5.0,4.351,-74.652,birdclef-2025/train_audio/rinkin1/XC552726.ogg,Aves,15.4645
rinkin1,rinkin1/XC586843.ogg,4.0,-11.5833,-72.95,birdclef-2025/train_audio/rinkin1/XC586843.ogg,Aves,12.384
rinkin1,rinkin1/XC592830.ogg,4.0,1.4898,-75.6801,birdclef-2025/train_audio/rinkin1/XC592830.ogg,Aves,8.3591875
rinkin1,rinkin1/XC618014.ogg,4.0,18.4523,-95.0676,birdclef-2025/train_audio/rinkin1/XC618014.ogg,Aves,6.12
rinkin1,rinkin1/XC646540.ogg,5.0,-9.6773,-35.7805,birdclef-2025/train_audio/rinkin1/XC646540.ogg,Aves,9.11675
rinkin1,rinkin1/XC664495.ogg,4.0,17.539,-89.1111,birdclef-2025/train_audio/rinkin1/XC664495.ogg,Aves,15.595
rinkin1,rinkin1/XC683901.ogg,4.0,1.4898,-75.6801,birdclef-2025/train_audio/rinkin1/XC683901.ogg,Aves,8.56815625
rinkin1,rinkin1/XC705777.ogg,4.0,-21.5841,-46.5997,birdclef-2025/train_audio/rinkin1/XC705777.ogg,Aves,9.0645
rinkin1,rinkin1/XC713695.ogg,4.0,-16.5631,-49.285,birdclef-2025/train_audio/rinkin1/XC713695.ogg,Aves,15.12490625
rinkin1,rinkin1/XC720672.ogg,4.0,-16.7573,-56.8764,birdclef-2025/train_audio/rinkin1/XC720672.ogg,Aves,15.30775
rinkin1,rinkin1/XC731567.ogg,4.0,-14.625,-49.0051,birdclef-2025/train_audio/rinkin1/XC731567.ogg,Aves,8.437
rinkin1,rinkin1/XC740935.ogg,4.0,-38.2227,-71.7512,birdclef-2025/train_audio/rinkin1/XC740935.ogg,Aves,9.87428125
rinkin1,rinkin1/XC744403.ogg,4.0,-21.3186,-48.4016,birdclef-2025/train_audio/rinkin1/XC744403.ogg,Aves,10.1355
rinkin1,rinkin1/XC769575.ogg,5.0,-6.3776,-47.4047,birdclef-2025/train_audio/rinkin1/XC769575.ogg,Aves,7.1575625
rinkin1,rinkin1/XC781957.ogg,4.0,5.0202,-52.6437,birdclef-2025/train_audio/rinkin1/XC781957.ogg,Aves,14.55
rinkin1,rinkin1/XC781958.ogg,5.0,5.0202,-52.6437,birdclef-2025/train_audio/rinkin1/XC781958.ogg,Aves,6.269
rinkin1,rinkin1/XC797391.ogg,5.0,17.125,-89.0592,birdclef-2025/train_audio/rinkin1/XC797391.ogg,Aves,15.06940625
rinkin1,rinkin1/XC809468.ogg,4.0,18.416,-93.1668,birdclef-2025/train_audio/rinkin1/XC809468.ogg,Aves,8.986
rinkin1,rinkin1/XC819716.ogg,4.0,-39.801,-73.2522,birdclef-2025/train_audio/rinkin1/XC819716.ogg,Aves,4.754
rinkin1,rinkin1/XC824729.ogg,5.0,-31.3976,-64.5081,birdclef-2025/train_audio/rinkin1/XC824729.ogg,Aves,17.319
rinkin1,rinkin1/XC827887.ogg,4.0,18.0472,-94.4026,birdclef-2025/train_audio/rinkin1/XC827887.ogg,Aves,19.2
rinkin1,rinkin1/XC84980.ogg,4.0,-11.3834,-37.4001,birdclef-2025/train_audio/rinkin1/XC84980.ogg,Aves,16.32653125
rinkin1,rinkin1/XC84981.ogg,4.0,-24.2667,-48.3834,birdclef-2025/train_audio/rinkin1/XC84981.ogg,Aves,18.5991875
rinkin1,rinkin1/XC84982.ogg,4.0,-20.0834,-55.9501,birdclef-2025/train_audio/rinkin1/XC84982.ogg,Aves,6.5045
rinkin1,rinkin1/XC894319.ogg,4.0,-24.9119,-57.6905,birdclef-2025/train_audio/rinkin1/XC894319.ogg,Aves,12.5980625
rinkin1,rinkin1/XC897028.ogg,4.0,25.6614,-100.2615,birdclef-2025/train_audio/rinkin1/XC897028.ogg,Aves,3.36978125
rinkin1,rinkin1/XC900389.ogg,5.0,-34.3729,-58.751,birdclef-2025/train_audio/rinkin1/XC900389.ogg,Aves,5.592
rinkin1,rinkin1/XC901121.ogg,4.5,-13.2516,-50.5893,birdclef-2025/train_audio/rinkin1/XC901121.ogg,Aves,6.191
rinkin1,rinkin1/XC919164.ogg,4.0,25.6681,-100.2515,birdclef-2025/train_audio/rinkin1/XC919164.ogg,Aves,9.432
rinkin1,rinkin1/XC939808.ogg,4.0,1.9309,-61.0128,birdclef-2025/train_audio/rinkin1/XC939808.ogg,Aves,9.534
rinkin1,rinkin1/XC962667.ogg,5.0,-32.8606,-60.6486,birdclef-2025/train_audio/rinkin1/XC962667.ogg,Aves,10.66003125
roahaw,roahaw/XC117302.ogg,4.0,9.63,-74.9122,birdclef-2025/train_audio/roahaw/XC117302.ogg,Aves,18.364
roahaw,roahaw/XC117546.ogg,4.0,1.3486,-76.1031,birdclef-2025/train_audio/roahaw/XC117546.ogg,Aves,15.333
roahaw,roahaw/XC117664.ogg,4.0,10.5753,-73.3106,birdclef-2025/train_audio/roahaw/XC117664.ogg,Aves,14.602
roahaw,roahaw/XC117800.ogg,5.0,5.7297,-73.4628,birdclef-2025/train_audio/roahaw/XC117800.ogg,Aves,18.468
roahaw,roahaw/XC129391.ogg,4.0,9.7031,-69.6048,birdclef-2025/train_audio/roahaw/XC129391.ogg,Aves,18.5208125
roahaw,roahaw/XC130171.ogg,4.0,4.6717,-75.6283,birdclef-2025/train_audio/roahaw/XC130171.ogg,Aves,11.441625
roahaw,roahaw/XC144659.ogg,4.0,-23.267,-45.028,birdclef-2025/train_audio/roahaw/XC144659.ogg,Aves,10.161625
roahaw,roahaw/XC164877.ogg,4.0,-0.081,-78.7679,birdclef-2025/train_audio/roahaw/XC164877.ogg,Aves,14.44571875
roahaw,roahaw/XC166656.ogg,4.0,8.5264,-83.3951,birdclef-2025/train_audio/roahaw/XC166656.ogg,Aves,15.8563125
roahaw,roahaw/XC169907.ogg,4.0,-19.2204,-42.4832,birdclef-2025/train_audio/roahaw/XC169907.ogg,Aves,6.4
roahaw,roahaw/XC174808.ogg,5.0,-28.7137,-49.3091,birdclef-2025/train_audio/roahaw/XC174808.ogg,Aves,6.765
roahaw,roahaw/XC189825.ogg,5.0,10.9818,-84.3358,birdclef-2025/train_audio/roahaw/XC189825.ogg,Aves,15.69959375
roahaw,roahaw/XC198408.ogg,4.0,13.3797,-88.4101,birdclef-2025/train_audio/roahaw/XC198408.ogg,Aves,18.432
roahaw,roahaw/XC206675.ogg,5.0,-22.4508,-42.7735,birdclef-2025/train_audio/roahaw/XC206675.ogg,Aves,13.848
roahaw,roahaw/XC208974.ogg,4.0,14.8541,-89.1553,birdclef-2025/train_audio/roahaw/XC208974.ogg,Aves,15.56896875
roahaw,roahaw/XC208977.ogg,4.0,14.8541,-89.1553,birdclef-2025/train_audio/roahaw/XC208977.ogg,Aves,10.9453125
roahaw,roahaw/XC208978.ogg,4.0,14.8541,-89.1553,birdclef-2025/train_audio/roahaw/XC208978.ogg,Aves,4.989375
roahaw,roahaw/XC217449.ogg,4.0,0.1431,-79.1334,birdclef-2025/train_audio/roahaw/XC217449.ogg,Aves,4.10121875
roahaw,roahaw/XC217457.ogg,4.0,0.1431,-79.1334,birdclef-2025/train_audio/roahaw/XC217457.ogg,Aves,15.04653125
roahaw,roahaw/XC237880.ogg,4.0,4.6683,-75.6275,birdclef-2025/train_audio/roahaw/XC237880.ogg,Aves,19.61796875
roahaw,roahaw/XC238994.ogg,5.0,-4.036,-78.58,birdclef-2025/train_audio/roahaw/XC238994.ogg,Aves,15.12490625
roahaw,roahaw/XC238995.ogg,4.0,-4.036,-78.58,birdclef-2025/train_audio/roahaw/XC238995.ogg,Aves,6.58284375
roahaw,roahaw/XC255046.ogg,4.0,-22.1816,-44.6453,birdclef-2025/train_audio/roahaw/XC255046.ogg,Aves,3.60490625
roahaw,roahaw/XC261526.ogg,4.5,0.883,-78.8,birdclef-2025/train_audio/roahaw/XC261526.ogg,Aves,16.97959375
roahaw,roahaw/XC288830.ogg,5.0,2.2653,-75.664,birdclef-2025/train_audio/roahaw/XC288830.ogg,Aves,18.048
roahaw,roahaw/XC296338.ogg,4.0,-18.0858,-64.7068,birdclef-2025/train_audio/roahaw/XC296338.ogg,Aves,3.0824375
roahaw,roahaw/XC318760.ogg,5.0,4.7302,-74.1405,birdclef-2025/train_audio/roahaw/XC318760.ogg,Aves,14.7069375
roahaw,roahaw/XC324970.ogg,5.0,-17.3986,-44.8068,birdclef-2025/train_audio/roahaw/XC324970.ogg,Aves,17.3453125
roahaw,roahaw/XC328131.ogg,4.0,13.8054,-89.3952,birdclef-2025/train_audio/roahaw/XC328131.ogg,Aves,4.248
roahaw,roahaw/XC332597.ogg,5.0,18.1181,-89.7951,birdclef-2025/train_audio/roahaw/XC332597.ogg,Aves,18.33796875
roahaw,roahaw/XC339950.ogg,4.0,15.713,-86.83,birdclef-2025/train_audio/roahaw/XC339950.ogg,Aves,15.56896875
roahaw,roahaw/XC339953.ogg,4.0,15.713,-86.83,birdclef-2025/train_audio/roahaw/XC339953.ogg,Aves,10.9453125
roahaw,roahaw/XC349195.ogg,4.0,6.2904,-75.6383,birdclef-2025/train_audio/roahaw/XC349195.ogg,Aves,10.3445
roahaw,roahaw/XC353868.ogg,4.0,4.1813,-73.6511,birdclef-2025/train_audio/roahaw/XC353868.ogg,Aves,14.76
roahaw,roahaw/XC363465.ogg,4.0,17.3343,-95.0521,birdclef-2025/train_audio/roahaw/XC363465.ogg,Aves,19.104
roahaw,roahaw/XC363466.ogg,4.0,17.3343,-95.0521,birdclef-2025/train_audio/roahaw/XC363466.ogg,Aves,17.376
roahaw,roahaw/XC376367.ogg,5.0,10.7789,-85.6588,birdclef-2025/train_audio/roahaw/XC376367.ogg,Aves,16.37878125
roahaw,roahaw/XC376368.ogg,5.0,10.7789,-85.6588,birdclef-2025/train_audio/roahaw/XC376368.ogg,Aves,10.68409375
roahaw,roahaw/XC376369.ogg,4.0,10.7789,-85.6588,birdclef-2025/train_audio/roahaw/XC376369.ogg,Aves,16.58775
roahaw,roahaw/XC398765.ogg,4.0,14.9126,-87.9828,birdclef-2025/train_audio/roahaw/XC398765.ogg,Aves,18.75590625
roahaw,roahaw/XC414814.ogg,5.0,-15.7773,-48.8222,birdclef-2025/train_audio/roahaw/XC414814.ogg,Aves,15.9869375
roahaw,roahaw/XC414816.ogg,5.0,-14.625,-49.0051,birdclef-2025/train_audio/roahaw/XC414816.ogg,Aves,12.1730625
roahaw,roahaw/XC425511.ogg,4.0,5.8959,-74.8589,birdclef-2025/train_audio/roahaw/XC425511.ogg,Aves,13.3485625
roahaw,roahaw/XC433445.ogg,4.0,4.7761,-75.5924,birdclef-2025/train_audio/roahaw/XC433445.ogg,Aves,5.146125
roahaw,roahaw/XC437231.ogg,5.0,4.7642,-74.0765,birdclef-2025/train_audio/roahaw/XC437231.ogg,Aves,9.351
roahaw,roahaw/XC437829.ogg,5.0,3.3641,-76.5402,birdclef-2025/train_audio/roahaw/XC437829.ogg,Aves,17.3191875
roahaw,roahaw/XC439536.ogg,4.0,3.2866,-75.5858,birdclef-2025/train_audio/roahaw/XC439536.ogg,Aves,9.691
roahaw,roahaw/XC443166.ogg,5.0,4.7175,-75.6242,birdclef-2025/train_audio/roahaw/XC443166.ogg,Aves,4.70203125
roahaw,roahaw/XC450272.ogg,4.0,-11.5226,-74.8155,birdclef-2025/train_audio/roahaw/XC450272.ogg,Aves,16.2
roahaw,roahaw/XC455465.ogg,4.0,-26.9334,-54.2167,birdclef-2025/train_audio/roahaw/XC455465.ogg,Aves,8.04571875
roahaw,roahaw/XC48631.ogg,4.0,-23.7031,-64.547,birdclef-2025/train_audio/roahaw/XC48631.ogg,Aves,3.47428125
roahaw,roahaw/XC490104.ogg,5.0,-9.595,-70.179,birdclef-2025/train_audio/roahaw/XC490104.ogg,Aves,14.7591875
roahaw,roahaw/XC491749.ogg,4.0,14.9389,-87.8889,birdclef-2025/train_audio/roahaw/XC491749.ogg,Aves,17.60653125
roahaw,roahaw/XC493189.ogg,5.0,-7.0908,-48.2134,birdclef-2025/train_audio/roahaw/XC493189.ogg,Aves,13.71428125
roahaw,roahaw/XC494046.ogg,5.0,-2.0533,-60.0238,birdclef-2025/train_audio/roahaw/XC494046.ogg,Aves,3.36978125
roahaw,roahaw/XC498206.ogg,5.0,-16.5631,-49.285,birdclef-2025/train_audio/roahaw/XC498206.ogg,Aves,17.3975625
roahaw,roahaw/XC502174.ogg,5.0,15.4915,-88.0375,birdclef-2025/train_audio/roahaw/XC502174.ogg,Aves,5.35509375
roahaw,roahaw/XC51320.ogg,4.0,-22.1931,-63.9445,birdclef-2025/train_audio/roahaw/XC51320.ogg,Aves,17.05796875
roahaw,roahaw/XC51324.ogg,4.0,-22.1931,-63.9445,birdclef-2025/train_audio/roahaw/XC51324.ogg,Aves,3.918375
roahaw,roahaw/XC51325.ogg,4.0,-22.1931,-63.9445,birdclef-2025/train_audio/roahaw/XC51325.ogg,Aves,13.27021875
roahaw,roahaw/XC51326.ogg,4.0,-34.2342,-58.8861,birdclef-2025/train_audio/roahaw/XC51326.ogg,Aves,5.38121875
roahaw,roahaw/XC52691.ogg,4.0,4.5331,-75.4167,birdclef-2025/train_audio/roahaw/XC52691.ogg,Aves,11.15428125
roahaw,roahaw/XC533566.ogg,4.0,-22.8788,-42.9365,birdclef-2025/train_audio/roahaw/XC533566.ogg,Aves,5.067
roahaw,roahaw/XC545187.ogg,4.0,-26.373,-49.2965,birdclef-2025/train_audio/roahaw/XC545187.ogg,Aves,13.68
roahaw,roahaw/XC549987.ogg,4.0,1.4898,-75.6801,birdclef-2025/train_audio/roahaw/XC549987.ogg,Aves,2.352
roahaw,roahaw/XC549988.ogg,4.0,1.4898,-75.6801,birdclef-2025/train_audio/roahaw/XC549988.ogg,Aves,12.792
roahaw,roahaw/XC558090.ogg,4.0,1.4898,-75.6801,birdclef-2025/train_audio/roahaw/XC558090.ogg,Aves,3.888
roahaw,roahaw/XC577137.ogg,4.0,5.0407,-74.3014,birdclef-2025/train_audio/roahaw/XC577137.ogg,Aves,8.088
roahaw,roahaw/XC580630.ogg,4.0,-22.9511,-43.0384,birdclef-2025/train_audio/roahaw/XC580630.ogg,Aves,6.295
roahaw,roahaw/XC591184.ogg,5.0,1.4457,-75.6583,birdclef-2025/train_audio/roahaw/XC591184.ogg,Aves,11.91184375
roahaw,roahaw/XC593515.ogg,5.0,-4.532,-79.1309,birdclef-2025/train_audio/roahaw/XC593515.ogg,Aves,4.83265625
roahaw,roahaw/XC62180.ogg,4.0,-10.1681,-75.5789,birdclef-2025/train_audio/roahaw/XC62180.ogg,Aves,10.60571875
roahaw,roahaw/XC626292.ogg,4.0,-16.6003,-49.2802,birdclef-2025/train_audio/roahaw/XC626292.ogg,Aves,15.30775
roahaw,roahaw/XC63198.ogg,4.0,-13.0501,-71.5564,birdclef-2025/train_audio/roahaw/XC63198.ogg,Aves,7.7845
roahaw,roahaw/XC672029.ogg,4.0,4.3307,-74.3726,birdclef-2025/train_audio/roahaw/XC672029.ogg,Aves,2.56
roahaw,roahaw/XC723139.ogg,4.0,8.8117,-82.9609,birdclef-2025/train_audio/roahaw/XC723139.ogg,Aves,15.768
roahaw,roahaw/XC738971.ogg,4.5,-16.0538,-49.604,birdclef-2025/train_audio/roahaw/XC738971.ogg,Aves,19.069375
roahaw,roahaw/XC743228.ogg,4.0,-16.5456,-49.1572,birdclef-2025/train_audio/roahaw/XC743228.ogg,Aves,2.95184375
roahaw,roahaw/XC764067.ogg,5.0,4.9295,-73.9805,birdclef-2025/train_audio/roahaw/XC764067.ogg,Aves,10.104
roahaw,roahaw/XC769389.ogg,4.0,-6.3761,-47.1085,birdclef-2025/train_audio/roahaw/XC769389.ogg,Aves,2.0375625
roahaw,roahaw/XC769393.ogg,5.0,-6.3761,-47.1085,birdclef-2025/train_audio/roahaw/XC769393.ogg,Aves,1.9591875
roahaw,roahaw/XC774203.ogg,4.0,17.539,-89.1111,birdclef-2025/train_audio/roahaw/XC774203.ogg,Aves,14.976875
roahaw,roahaw/XC778921.ogg,5.0,-17.8006,-64.7147,birdclef-2025/train_audio/roahaw/XC778921.ogg,Aves,13.9755
roahaw,roahaw/XC779337.ogg,5.0,-0.5004,-77.2853,birdclef-2025/train_audio/roahaw/XC779337.ogg,Aves,14.976
roahaw,roahaw/XC788960.ogg,5.0,-13.3558,-47.2809,birdclef-2025/train_audio/roahaw/XC788960.ogg,Aves,9.090625
roahaw,roahaw/XC789042.ogg,5.0,-13.3558,-47.2809,birdclef-2025/train_audio/roahaw/XC789042.ogg,Aves,17.4236875
roahaw,roahaw/XC789185.ogg,5.0,14.7295,-92.4164,birdclef-2025/train_audio/roahaw/XC789185.ogg,Aves,10.44
roahaw,roahaw/XC805867.ogg,4.0,-31.7701,-52.3409,birdclef-2025/train_audio/roahaw/XC805867.ogg,Aves,5.25
roahaw,roahaw/XC808966.ogg,4.0,-0.0018,-78.7078,birdclef-2025/train_audio/roahaw/XC808966.ogg,Aves,11.45234375
roahaw,roahaw/XC837930.ogg,5.0,-14.0858,-50.8244,birdclef-2025/train_audio/roahaw/XC837930.ogg,Aves,2.97796875
roahaw,roahaw/XC843462.ogg,5.0,-25.627,-54.453,birdclef-2025/train_audio/roahaw/XC843462.ogg,Aves,7.418
roahaw,roahaw/XC843790.ogg,5.0,5.0876,-75.5025,birdclef-2025/train_audio/roahaw/XC843790.ogg,Aves,5.9326875
roahaw,roahaw/XC843902.ogg,4.0,-0.0166,-78.9875,birdclef-2025/train_audio/roahaw/XC843902.ogg,Aves,19.33259375
roahaw,roahaw/XC859233.ogg,5.0,-16.9039,-49.2218,birdclef-2025/train_audio/roahaw/XC859233.ogg,Aves,13.557
roahaw,roahaw/XC884465.ogg,5.0,18.1406,-94.4467,birdclef-2025/train_audio/roahaw/XC884465.ogg,Aves,18.02128125
roahaw,roahaw/XC911028.ogg,4.0,5.123,-74.256,birdclef-2025/train_audio/roahaw/XC911028.ogg,Aves,3.410875
roahaw,roahaw/XC928873.ogg,4.0,0.1284,-79.1418,birdclef-2025/train_audio/roahaw/XC928873.ogg,Aves,13.24409375
roahaw,roahaw/XC939132.ogg,5.0,2.8044,-60.6718,birdclef-2025/train_audio/roahaw/XC939132.ogg,Aves,3.604
roahaw,roahaw/XC939486.ogg,5.0,1.4637,-60.9724,birdclef-2025/train_audio/roahaw/XC939486.ogg,Aves,4.78
roahaw,roahaw/XC939749.ogg,5.0,1.4896,-61.0027,birdclef-2025/train_audio/roahaw/XC939749.ogg,Aves,10.945
roahaw,roahaw/XC946199.ogg,4.0,3.5026,-76.3552,birdclef-2025/train_audio/roahaw/XC946199.ogg,Aves,10.14584375
rtlhum,rtlhum/XC128384.ogg,4.0,4.6197,-75.851,birdclef-2025/train_audio/rtlhum/XC128384.ogg,Aves,17.28
rtlhum,rtlhum/XC129709.ogg,4.0,4.5538,-75.6604,birdclef-2025/train_audio/rtlhum/XC129709.ogg,Aves,19.226125
rtlhum,rtlhum/XC137684.ogg,4.0,10.2993,-84.8174,birdclef-2025/train_audio/rtlhum/XC137684.ogg,Aves,4.848
rtlhum,rtlhum/XC137685.ogg,5.0,10.2993,-84.8174,birdclef-2025/train_audio/rtlhum/XC137685.ogg,Aves,4.752
rtlhum,rtlhum/XC163521.ogg,4.0,-0.081,-78.7679,birdclef-2025/train_audio/rtlhum/XC163521.ogg,Aves,4.04896875
rtlhum,rtlhum/XC217689.ogg,4.0,-0.0523,-78.7764,birdclef-2025/train_audio/rtlhum/XC217689.ogg,Aves,10.8146875
rtlhum,rtlhum/XC217957.ogg,4.0,-0.0523,-78.7764,birdclef-2025/train_audio/rtlhum/XC217957.ogg,Aves,4.96325
rtlhum,rtlhum/XC217960.ogg,5.0,-0.0523,-78.7764,birdclef-2025/train_audio/rtlhum/XC217960.ogg,Aves,7.601625
rtlhum,rtlhum/XC250465.ogg,4.0,0.533,-79.217,birdclef-2025/train_audio/rtlhum/XC250465.ogg,Aves,5.6163125
rtlhum,rtlhum/XC257820.ogg,5.0,-0.32,-79.018,birdclef-2025/train_audio/rtlhum/XC257820.ogg,Aves,16.37878125
rtlhum,rtlhum/XC261741.ogg,4.5,0.883,-78.8,birdclef-2025/train_audio/rtlhum/XC261741.ogg,Aves,16.666125
rtlhum,rtlhum/XC261743.ogg,5.0,1.133,-78.967,birdclef-2025/train_audio/rtlhum/XC261743.ogg,Aves,13.03509375
rtlhum,rtlhum/XC261744.ogg,5.0,0.883,-78.8,birdclef-2025/train_audio/rtlhum/XC261744.ogg,Aves,10.109375
rtlhum,rtlhum/XC261745.ogg,4.5,0.883,-78.8,birdclef-2025/train_audio/rtlhum/XC261745.ogg,Aves,14.08
rtlhum,rtlhum/XC261746.ogg,5.0,0.883,-78.8,birdclef-2025/train_audio/rtlhum/XC261746.ogg,Aves,11.546125
rtlhum,rtlhum/XC261747.ogg,4.5,1.133,-78.967,birdclef-2025/train_audio/rtlhum/XC261747.ogg,Aves,12.0424375
rtlhum,rtlhum/XC275266.ogg,4.0,0.75,-78.917,birdclef-2025/train_audio/rtlhum/XC275266.ogg,Aves,16.1175625
rtlhum,rtlhum/XC28580.ogg,5.0,16.7812,-88.4587,birdclef-2025/train_audio/rtlhum/XC28580.ogg,Aves,8.54203125
rtlhum,rtlhum/XC286816.ogg,4.0,6.1411,-75.6168,birdclef-2025/train_audio/rtlhum/XC286816.ogg,Aves,19.173875
rtlhum,rtlhum/XC307626.ogg,5.0,-1.7103,-79.3876,birdclef-2025/train_audio/rtlhum/XC307626.ogg,Aves,18.5469375
rtlhum,rtlhum/XC308306.ogg,4.0,13.166,-85.8629,birdclef-2025/train_audio/rtlhum/XC308306.ogg,Aves,11.88571875
rtlhum,rtlhum/XC312441.ogg,4.0,11.1334,-74.1001,birdclef-2025/train_audio/rtlhum/XC312441.ogg,Aves,19.488
rtlhum,rtlhum/XC360582.ogg,4.0,9.4997,-75.3501,birdclef-2025/train_audio/rtlhum/XC360582.ogg,Aves,6.321625
rtlhum,rtlhum/XC371385.ogg,4.0,9.8799,-85.5309,birdclef-2025/train_audio/rtlhum/XC371385.ogg,Aves,9.7175625
rtlhum,rtlhum/XC371388.ogg,4.0,10.3062,-84.8076,birdclef-2025/train_audio/rtlhum/XC371388.ogg,Aves,10.1355
rtlhum,rtlhum/XC400104.ogg,4.0,17.7656,-96.3387,birdclef-2025/train_audio/rtlhum/XC400104.ogg,Aves,8.75103125
rtlhum,rtlhum/XC489446.ogg,4.0,10.4347,-84.7095,birdclef-2025/train_audio/rtlhum/XC489446.ogg,Aves,3.84
rtlhum,rtlhum/XC496258.ogg,4.0,7.4779,-81.7225,birdclef-2025/train_audio/rtlhum/XC496258.ogg,Aves,7.575
rtlhum,rtlhum/XC498295.ogg,4.0,10.1563,-84.5361,birdclef-2025/train_audio/rtlhum/XC498295.ogg,Aves,13.00896875
rtlhum,rtlhum/XC499850.ogg,5.0,9.9809,-84.0789,birdclef-2025/train_audio/rtlhum/XC499850.ogg,Aves,15.8824375
rtlhum,rtlhum/XC522880.ogg,5.0,17.539,-89.1111,birdclef-2025/train_audio/rtlhum/XC522880.ogg,Aves,12.9045
rtlhum,rtlhum/XC531457.ogg,4.0,10.0573,-84.4965,birdclef-2025/train_audio/rtlhum/XC531457.ogg,Aves,7.88896875
rtlhum,rtlhum/XC531551.ogg,4.0,10.0573,-84.4965,birdclef-2025/train_audio/rtlhum/XC531551.ogg,Aves,8.4114375
rtlhum,rtlhum/XC537444.ogg,4.0,4.351,-74.652,birdclef-2025/train_audio/rtlhum/XC537444.ogg,Aves,5.43346875
rtlhum,rtlhum/XC539975.ogg,5.0,8.6717,-82.2207,birdclef-2025/train_audio/rtlhum/XC539975.ogg,Aves,7.056
rtlhum,rtlhum/XC56691.ogg,4.0,0.01,-78.6776,birdclef-2025/train_audio/rtlhum/XC56691.ogg,Aves,9.97878125
rtlhum,rtlhum/XC56693.ogg,4.0,0.01,-78.6776,birdclef-2025/train_audio/rtlhum/XC56693.ogg,Aves,8.8555
rtlhum,rtlhum/XC568691.ogg,5.0,4.351,-74.652,birdclef-2025/train_audio/rtlhum/XC568691.ogg,Aves,19.992
rtlhum,rtlhum/XC6684.ogg,5.0,0.01,-78.6776,birdclef-2025/train_audio/rtlhum/XC6684.ogg,Aves,14.7069375
rtlhum,rtlhum/XC690571.ogg,5.0,10.437,-84.7093,birdclef-2025/train_audio/rtlhum/XC690571.ogg,Aves,14.36734375
rtlhum,rtlhum/XC727620.ogg,5.0,4.0847,-76.1962,birdclef-2025/train_audio/rtlhum/XC727620.ogg,Aves,5.544
rtlhum,rtlhum/XC774115.ogg,5.0,10.2993,-84.8174,birdclef-2025/train_audio/rtlhum/XC774115.ogg,Aves,17.18278125
rtlhum,rtlhum/XC774118.ogg,5.0,10.2993,-84.8174,birdclef-2025/train_audio/rtlhum/XC774118.ogg,Aves,7.37515625
rtlhum,rtlhum/XC796949.ogg,4.0,17.1543,-88.8522,birdclef-2025/train_audio/rtlhum/XC796949.ogg,Aves,4.49465625
rtlhum,rtlhum/XC796950.ogg,4.0,17.1543,-88.8522,birdclef-2025/train_audio/rtlhum/XC796950.ogg,Aves,17.287125
rtlhum,rtlhum/XC796951.ogg,4.0,17.1543,-88.8522,birdclef-2025/train_audio/rtlhum/XC796951.ogg,Aves,3.1615
rtlhum,rtlhum/XC833564.ogg,5.0,-0.0763,-78.7651,birdclef-2025/train_audio/rtlhum/XC833564.ogg,Aves,1.488
rtlhum,rtlhum/XC833567.ogg,5.0,-0.0763,-78.7651,birdclef-2025/train_audio/rtlhum/XC833567.ogg,Aves,2.507
rtlhum,rtlhum/XC843952.ogg,4.0,-0.0525,-78.7813,birdclef-2025/train_audio/rtlhum/XC843952.ogg,Aves,15.991625
rtlhum,rtlhum/XC871533.ogg,4.0,10.1831,-83.899,birdclef-2025/train_audio/rtlhum/XC871533.ogg,Aves,13.67471875
rtlhum,rtlhum/XC894370.ogg,5.0,17.9904,-92.9733,birdclef-2025/train_audio/rtlhum/XC894370.ogg,Aves,3.09146875
rtlhum,rtlhum/XC894371.ogg,4.5,17.9904,-92.9733,birdclef-2025/train_audio/rtlhum/XC894371.ogg,Aves,19.2639375
rtlhum,rtlhum/XC946297.ogg,4.0,3.5026,-76.3552,birdclef-2025/train_audio/rtlhum/XC946297.ogg,Aves,2.12696875
rtlhum,rtlhum/XC946298.ogg,4.0,3.5026,-76.3552,birdclef-2025/train_audio/rtlhum/XC946298.ogg,Aves,2.43075
rtlhum,rtlhum/XC955327.ogg,4.0,9.8328,-83.5635,birdclef-2025/train_audio/rtlhum/XC955327.ogg,Aves,12.528
rtlhum,rtlhum/XC955329.ogg,4.0,9.8328,-83.5635,birdclef-2025/train_audio/rtlhum/XC955329.ogg,Aves,14.52
rtlhum,rtlhum/XC955331.ogg,4.0,9.8328,-83.5635,birdclef-2025/train_audio/rtlhum/XC955331.ogg,Aves,10.91771875
rubsee1,rubsee1/XC148981.ogg,5.0,13.1561,-87.4289,birdclef-2025/train_audio/rubsee1/XC148981.ogg,Aves,4.3624375
rubsee1,rubsee1/XC384213.ogg,5.0,12.9261,-87.4414,birdclef-2025/train_audio/rubsee1/XC384213.ogg,Aves,2.71675
rubsee1,rubsee1/XC506105.ogg,4.0,5.1267,-74.5707,birdclef-2025/train_audio/rubsee1/XC506105.ogg,Aves,13.176
rubsee1,rubsee1/XC591115.ogg,5.0,2.2192,-75.6135,birdclef-2025/train_audio/rubsee1/XC591115.ogg,Aves,6.68734375
rubsee1,rubsee1/XC640936.ogg,4.5,9.1195,-79.713,birdclef-2025/train_audio/rubsee1/XC640936.ogg,Aves,18.096
rubsee1,rubsee1/XC789192.ogg,5.0,14.7295,-92.4164,birdclef-2025/train_audio/rubsee1/XC789192.ogg,Aves,11.16
rubsee1,rubsee1/XC946227.ogg,4.0,3.5026,-76.3552,birdclef-2025/train_audio/rubsee1/XC946227.ogg,Aves,8.93265625
rubsee1,rubsee1/XC946228.ogg,4.0,3.5026,-76.3552,birdclef-2025/train_audio/rubsee1/XC946228.ogg,Aves,3.5330625
rubsee1,rubsee1/XC946229.ogg,4.0,3.5026,-76.3552,birdclef-2025/train_audio/rubsee1/XC946229.ogg,Aves,3.93890625
rubsee1,rubsee1/XC946230.ogg,4.0,3.5026,-76.3552,birdclef-2025/train_audio/rubsee1/XC946230.ogg,Aves,3.98128125
rubsee1,rubsee1/XC946231.ogg,4.0,3.5026,-76.3552,birdclef-2025/train_audio/rubsee1/XC946231.ogg,Aves,11.4694375
rubsee1,rubsee1/XC956453.ogg,5.0,15.816,-97.0211,birdclef-2025/train_audio/rubsee1/XC956453.ogg,Aves,17.08409375
rufmot1,rufmot1/XC238036.ogg,4.0,-0.593,-79.363,birdclef-2025/train_audio/rufmot1/XC238036.ogg,Aves,17.03184375
rufmot1,rufmot1/XC238039.ogg,5.0,-0.593,-79.363,birdclef-2025/train_audio/rufmot1/XC238039.ogg,Aves,14.6285625
rufmot1,rufmot1/XC261828.ogg,5.0,0.883,-78.8,birdclef-2025/train_audio/rufmot1/XC261828.ogg,Aves,12.56490625
rufmot1,rufmot1/XC423586.ogg,4.0,-9.5046,-65.3634,birdclef-2025/train_audio/rufmot1/XC423586.ogg,Aves,8.304
rufmot1,rufmot1/XC475789.ogg,4.0,-9.3589,-69.9266,birdclef-2025/train_audio/rufmot1/XC475789.ogg,Aves,17.232
rufmot1,rufmot1/XC489586.ogg,4.0,10.4314,-84.039,birdclef-2025/train_audio/rufmot1/XC489586.ogg,Aves,16.056
rufmot1,rufmot1/XC511047.ogg,4.0,10.4587,-84.6606,birdclef-2025/train_audio/rufmot1/XC511047.ogg,Aves,12.0424375
rufmot1,rufmot1/XC534872.ogg,4.0,3.8328,-76.8896,birdclef-2025/train_audio/rufmot1/XC534872.ogg,Aves,4.96325
rufmot1,rufmot1/XC585706.ogg,5.0,-0.0487,-78.7752,birdclef-2025/train_audio/rufmot1/XC585706.ogg,Aves,15.09878125
rufmot1,rufmot1/XC625533.ogg,5.0,1.7247,-75.6625,birdclef-2025/train_audio/rufmot1/XC625533.ogg,Aves,15.09878125
rugdov,rugdov/XC113787.ogg,4.0,-20.8004,-42.8884,birdclef-2025/train_audio/rugdov/XC113787.ogg,Aves,4.5975625
rugdov,rugdov/XC17582.ogg,4.5,-22.5001,-42.7167,birdclef-2025/train_audio/rugdov/XC17582.ogg,Aves,19.7224375
rugdov,rugdov/XC288557.ogg,5.0,-17.8673,-50.6773,birdclef-2025/train_audio/rugdov/XC288557.ogg,Aves,13.776
rugdov,rugdov/XC353900.ogg,5.0,6.8614,-73.3842,birdclef-2025/train_audio/rugdov/XC353900.ogg,Aves,7.8
rugdov,rugdov/XC359191.ogg,4.0,-22.3926,-42.3662,birdclef-2025/train_audio/rugdov/XC359191.ogg,Aves,15.41225
rugdov,rugdov/XC443524.ogg,4.0,-14.625,-49.0051,birdclef-2025/train_audio/rugdov/XC443524.ogg,Aves,11.67675
rugdov,rugdov/XC449463.ogg,4.0,5.1567,-52.6698,birdclef-2025/train_audio/rugdov/XC449463.ogg,Aves,14.02775
rugdov,rugdov/XC456341.ogg,4.0,4.843,-75.8187,birdclef-2025/train_audio/rugdov/XC456341.ogg,Aves,8.881625
rugdov,rugdov/XC520570.ogg,4.5,4.5646,-74.9392,birdclef-2025/train_audio/rugdov/XC520570.ogg,Aves,19.224
rugdov,rugdov/XC619986.ogg,4.0,-14.625,-49.0051,birdclef-2025/train_audio/rugdov/XC619986.ogg,Aves,11.337
rugdov,rugdov/XC645171.ogg,4.0,-22.9511,-43.0384,birdclef-2025/train_audio/rugdov/XC645171.ogg,Aves,10.272
rugdov,rugdov/XC688644.ogg,4.0,18.6906,-100.3324,birdclef-2025/train_audio/rugdov/XC688644.ogg,Aves,7.0791875
rugdov,rugdov/XC690979.ogg,5.0,1.4898,-75.6801,birdclef-2025/train_audio/rugdov/XC690979.ogg,Aves,14.053875
rugdov,rugdov/XC690980.ogg,5.0,1.4898,-75.6801,birdclef-2025/train_audio/rugdov/XC690980.ogg,Aves,9.7175625
rugdov,rugdov/XC720796.ogg,4.0,-9.2856,-50.0142,birdclef-2025/train_audio/rugdov/XC720796.ogg,Aves,19.67021875
rugdov,rugdov/XC769547.ogg,5.0,-6.3761,-47.1085,birdclef-2025/train_audio/rugdov/XC769547.ogg,Aves,10.9714375
rugdov,rugdov/XC789063.ogg,5.0,-13.3558,-47.2809,birdclef-2025/train_audio/rugdov/XC789063.ogg,Aves,9.35184375
rugdov,rugdov/XC789234.ogg,4.0,15.6538,-93.3759,birdclef-2025/train_audio/rugdov/XC789234.ogg,Aves,14.784
rugdov,rugdov/XC800724.ogg,5.0,-16.4727,-49.4959,birdclef-2025/train_audio/rugdov/XC800724.ogg,Aves,11.75509375
rugdov,rugdov/XC863775.ogg,5.0,-18.9287,-51.679,birdclef-2025/train_audio/rugdov/XC863775.ogg,Aves,8.202
rugdov,rugdov/XC863780.ogg,5.0,-18.9287,-51.679,birdclef-2025/train_audio/rugdov/XC863780.ogg,Aves,8.881
rugdov,rugdov/XC898284.ogg,5.0,-13.7349,-46.3569,birdclef-2025/train_audio/rugdov/XC898284.ogg,Aves,15.621
rugdov,rugdov/XC920674.ogg,5.0,-16.5631,-49.285,birdclef-2025/train_audio/rugdov/XC920674.ogg,Aves,7.0008125
rugdov,rugdov/XC924675.ogg,5.0,-16.4353,-49.3948,birdclef-2025/train_audio/rugdov/XC924675.ogg,Aves,9.978
rugdov,rugdov/XC945998.ogg,4.0,6.271,-75.564,birdclef-2025/train_audio/rugdov/XC945998.ogg,Aves,11.477125
rugdov,rugdov/XC946058.ogg,4.0,3.5026,-76.3552,birdclef-2025/train_audio/rugdov/XC946058.ogg,Aves,9.0165625
rugdov,rugdov/XC946059.ogg,4.0,3.5026,-76.3552,birdclef-2025/train_audio/rugdov/XC946059.ogg,Aves,12.969625
rumfly1,rumfly1/XC11283.ogg,4.0,-0.0523,-78.7764,birdclef-2025/train_audio/rumfly1/XC11283.ogg,Aves,17.841625
rumfly1,rumfly1/XC113473.ogg,4.0,-16.4277,-56.3132,birdclef-2025/train_audio/rumfly1/XC113473.ogg,Aves,5.9036875
rumfly1,rumfly1/XC123644.ogg,4.0,-16.7581,-56.8764,birdclef-2025/train_audio/rumfly1/XC123644.ogg,Aves,7.224
rumfly1,rumfly1/XC123674.ogg,5.0,-16.7581,-56.8764,birdclef-2025/train_audio/rumfly1/XC123674.ogg,Aves,7.032
rumfly1,rumfly1/XC127204.ogg,4.0,4.1809,-72.9136,birdclef-2025/train_audio/rumfly1/XC127204.ogg,Aves,10.71021875
rumfly1,rumfly1/XC169040.ogg,5.0,-0.0523,-78.7764,birdclef-2025/train_audio/rumfly1/XC169040.ogg,Aves,7.39265625
rumfly1,rumfly1/XC197488.ogg,4.0,7.059,-69.494,birdclef-2025/train_audio/rumfly1/XC197488.ogg,Aves,3.42203125
rumfly1,rumfly1/XC197492.ogg,5.0,7.3682,-69.4407,birdclef-2025/train_audio/rumfly1/XC197492.ogg,Aves,12.98284375
rumfly1,rumfly1/XC2265.ogg,5.0,-13.55,-61.01,birdclef-2025/train_audio/rumfly1/XC2265.ogg,Aves,7.88896875
rumfly1,rumfly1/XC248165.ogg,4.0,1.154,-78.851,birdclef-2025/train_audio/rumfly1/XC248165.ogg,Aves,14.36734375
rumfly1,rumfly1/XC248259.ogg,5.0,0.883,-78.514,birdclef-2025/train_audio/rumfly1/XC248259.ogg,Aves,6.13878125
rumfly1,rumfly1/XC248260.ogg,5.0,0.883,-78.514,birdclef-2025/train_audio/rumfly1/XC248260.ogg,Aves,18.10284375
rumfly1,rumfly1/XC262243.ogg,5.0,0.883,-78.8,birdclef-2025/train_audio/rumfly1/XC262243.ogg,Aves,15.36
rumfly1,rumfly1/XC262244.ogg,5.0,0.883,-78.8,birdclef-2025/train_audio/rumfly1/XC262244.ogg,Aves,13.76653125
rumfly1,rumfly1/XC275464.ogg,5.0,0.883,-78.8,birdclef-2025/train_audio/rumfly1/XC275464.ogg,Aves,15.30775
rumfly1,rumfly1/XC288547.ogg,5.0,-16.8453,-51.9712,birdclef-2025/train_audio/rumfly1/XC288547.ogg,Aves,7.248
rumfly1,rumfly1/XC339479.ogg,4.0,-9.9491,-67.8809,birdclef-2025/train_audio/rumfly1/XC339479.ogg,Aves,6.948
rumfly1,rumfly1/XC360378.ogg,4.0,9.4975,-75.3507,birdclef-2025/train_audio/rumfly1/XC360378.ogg,Aves,14.49796875
rumfly1,rumfly1/XC360727.ogg,4.0,9.3955,-75.4304,birdclef-2025/train_audio/rumfly1/XC360727.ogg,Aves,3.1608125
rumfly1,rumfly1/XC387956.ogg,4.0,-15.6421,-57.1899,birdclef-2025/train_audio/rumfly1/XC387956.ogg,Aves,9.4563125
rumfly1,rumfly1/XC388413.ogg,4.0,5.1266,-74.5924,birdclef-2025/train_audio/rumfly1/XC388413.ogg,Aves,7.2
rumfly1,rumfly1/XC401274.ogg,4.0,5.7985,-55.1179,birdclef-2025/train_audio/rumfly1/XC401274.ogg,Aves,19.01715625
rumfly1,rumfly1/XC407709.ogg,5.0,-14.625,-49.0051,birdclef-2025/train_audio/rumfly1/XC407709.ogg,Aves,19.226125
rumfly1,rumfly1/XC427664.ogg,4.5,-20.618,-40.9869,birdclef-2025/train_audio/rumfly1/XC427664.ogg,Aves,5.6424375
rumfly1,rumfly1/XC433185.ogg,4.0,-9.6296,-55.9504,birdclef-2025/train_audio/rumfly1/XC433185.ogg,Aves,15.768
rumfly1,rumfly1/XC437830.ogg,5.0,3.3641,-76.5402,birdclef-2025/train_audio/rumfly1/XC437830.ogg,Aves,19.6963125
rumfly1,rumfly1/XC437961.ogg,5.0,-9.5627,-55.9207,birdclef-2025/train_audio/rumfly1/XC437961.ogg,Aves,11.976
rumfly1,rumfly1/XC439770.ogg,5.0,4.4611,-75.2151,birdclef-2025/train_audio/rumfly1/XC439770.ogg,Aves,19.368
rumfly1,rumfly1/XC454266.ogg,4.0,9.1223,-79.7501,birdclef-2025/train_audio/rumfly1/XC454266.ogg,Aves,16.43103125
rumfly1,rumfly1/XC457252.ogg,5.0,4.9308,-75.7451,birdclef-2025/train_audio/rumfly1/XC457252.ogg,Aves,16.45715625
rumfly1,rumfly1/XC459230.ogg,5.0,4.843,-75.8187,birdclef-2025/train_audio/rumfly1/XC459230.ogg,Aves,5.40734375
rumfly1,rumfly1/XC461013.ogg,4.0,4.8101,-75.71,birdclef-2025/train_audio/rumfly1/XC461013.ogg,Aves,19.8791875
rumfly1,rumfly1/XC461014.ogg,4.0,4.8101,-75.71,birdclef-2025/train_audio/rumfly1/XC461014.ogg,Aves,6.19103125
rumfly1,rumfly1/XC520902.ogg,5.0,4.5646,-74.9392,birdclef-2025/train_audio/rumfly1/XC520902.ogg,Aves,8.064
rumfly1,rumfly1/XC532374.ogg,4.0,5.2461,-75.6853,birdclef-2025/train_audio/rumfly1/XC532374.ogg,Aves,10.18775
rumfly1,rumfly1/XC549490.ogg,4.5,3.3794,-76.5406,birdclef-2025/train_audio/rumfly1/XC549490.ogg,Aves,8.76
rumfly1,rumfly1/XC56458.ogg,4.0,8.9389,-78.4651,birdclef-2025/train_audio/rumfly1/XC56458.ogg,Aves,16.19590625
rumfly1,rumfly1/XC572757.ogg,5.0,4.4265,-75.2151,birdclef-2025/train_audio/rumfly1/XC572757.ogg,Aves,14.053875
rumfly1,rumfly1/XC599444.ogg,5.0,-16.6003,-49.2802,birdclef-2025/train_audio/rumfly1/XC599444.ogg,Aves,10.68409375
rumfly1,rumfly1/XC607767.ogg,4.0,4.8192,-74.5152,birdclef-2025/train_audio/rumfly1/XC607767.ogg,Aves,7.0269375
rumfly1,rumfly1/XC697638.ogg,5.0,2.0065,-75.9266,birdclef-2025/train_audio/rumfly1/XC697638.ogg,Aves,16.0653125
rumfly1,rumfly1/XC699659.ogg,5.0,-16.0538,-49.604,birdclef-2025/train_audio/rumfly1/XC699659.ogg,Aves,19.069375
rumfly1,rumfly1/XC704017.ogg,4.0,-15.1912,-64.7212,birdclef-2025/train_audio/rumfly1/XC704017.ogg,Aves,17.256
rumfly1,rumfly1/XC706945.ogg,4.5,-16.0538,-49.604,birdclef-2025/train_audio/rumfly1/XC706945.ogg,Aves,11.12815625
rumfly1,rumfly1/XC737031.ogg,5.0,-16.1605,-49.5395,birdclef-2025/train_audio/rumfly1/XC737031.ogg,Aves,4.83265625
rumfly1,rumfly1/XC737437.ogg,5.0,-17.1888,-48.7335,birdclef-2025/train_audio/rumfly1/XC737437.ogg,Aves,5.6946875
rumfly1,rumfly1/XC737438.ogg,4.5,-17.1888,-48.7335,birdclef-2025/train_audio/rumfly1/XC737438.ogg,Aves,14.6546875
rumfly1,rumfly1/XC768805.ogg,5.0,-6.561,-47.4611,birdclef-2025/train_audio/rumfly1/XC768805.ogg,Aves,4.07509375
rumfly1,rumfly1/XC769485.ogg,4.0,-6.3761,-47.1085,birdclef-2025/train_audio/rumfly1/XC769485.ogg,Aves,5.041625
rumfly1,rumfly1/XC769551.ogg,5.0,-6.3776,-47.4047,birdclef-2025/train_audio/rumfly1/XC769551.ogg,Aves,1.9853125
rumfly1,rumfly1/XC769558.ogg,4.5,-6.3776,-47.4047,birdclef-2025/train_audio/rumfly1/XC769558.ogg,Aves,15.69959375
rumfly1,rumfly1/XC777376.ogg,5.0,5.1231,-52.6086,birdclef-2025/train_audio/rumfly1/XC777376.ogg,Aves,5.067
rumfly1,rumfly1/XC778754.ogg,5.0,-22.9081,-52.1038,birdclef-2025/train_audio/rumfly1/XC778754.ogg,Aves,12.564
rumfly1,rumfly1/XC789520.ogg,5.0,-13.3558,-47.2809,birdclef-2025/train_audio/rumfly1/XC789520.ogg,Aves,6.948
rumfly1,rumfly1/XC790457.ogg,5.0,-14.625,-49.0051,birdclef-2025/train_audio/rumfly1/XC790457.ogg,Aves,6.45225
rumfly1,rumfly1/XC800192.ogg,5.0,-16.4727,-49.4959,birdclef-2025/train_audio/rumfly1/XC800192.ogg,Aves,2.35103125
rumfly1,rumfly1/XC804030.ogg,4.5,-16.5849,-49.1211,birdclef-2025/train_audio/rumfly1/XC804030.ogg,Aves,13.71428125
rumfly1,rumfly1/XC813769.ogg,4.0,6.0627,-75.2212,birdclef-2025/train_audio/rumfly1/XC813769.ogg,Aves,17.0364375
rumfly1,rumfly1/XC816899.ogg,5.0,-7.3499,-48.2929,birdclef-2025/train_audio/rumfly1/XC816899.ogg,Aves,8.463
rumfly1,rumfly1/XC836863.ogg,5.0,-0.0553,-78.7704,birdclef-2025/train_audio/rumfly1/XC836863.ogg,Aves,2.742
rumfly1,rumfly1/XC845076.ogg,4.0,0.0792,-79.0336,birdclef-2025/train_audio/rumfly1/XC845076.ogg,Aves,11.95684375
rumfly1,rumfly1/XC898414.ogg,5.0,-13.7349,-46.3569,birdclef-2025/train_audio/rumfly1/XC898414.ogg,Aves,12.904
rumfly1,rumfly1/XC901836.ogg,4.0,5.9328,-74.8118,birdclef-2025/train_audio/rumfly1/XC901836.ogg,Aves,4.416
rumfly1,rumfly1/XC9196.ogg,4.0,8.1101,-61.6714,birdclef-2025/train_audio/rumfly1/XC9196.ogg,Aves,13.662
rumfly1,rumfly1/XC939923.ogg,4.0,1.7914,-61.1375,birdclef-2025/train_audio/rumfly1/XC939923.ogg,Aves,6.191
rumfly1,rumfly1/XC939924.ogg,4.0,1.7914,-61.1375,birdclef-2025/train_audio/rumfly1/XC939924.ogg,Aves,2.586
rumfly1,rumfly1/XC939954.ogg,5.0,1.7914,-61.1375,birdclef-2025/train_audio/rumfly1/XC939954.ogg,Aves,10.657
rumfly1,rumfly1/XC946158.ogg,4.0,3.5026,-76.3552,birdclef-2025/train_audio/rumfly1/XC946158.ogg,Aves,2.31159375
rumfly1,rumfly1/XC946159.ogg,4.0,3.5026,-76.3552,birdclef-2025/train_audio/rumfly1/XC946159.ogg,Aves,1.600375
rumfly1,rumfly1/XC946160.ogg,4.0,3.5026,-76.3552,birdclef-2025/train_audio/rumfly1/XC946160.ogg,Aves,1.99421875
rumfly1,rumfly1/XC946161.ogg,4.0,3.5026,-76.3552,birdclef-2025/train_audio/rumfly1/XC946161.ogg,Aves,4.92828125
rumfly1,rumfly1/XC946162.ogg,4.0,3.5026,-76.3552,birdclef-2025/train_audio/rumfly1/XC946162.ogg,Aves,1.63075
rumfly1,rumfly1/XC946163.ogg,4.0,3.5026,-76.3552,birdclef-2025/train_audio/rumfly1/XC946163.ogg,Aves,7.154
rumfly1,rumfly1/XC946164.ogg,4.0,3.5026,-76.3552,birdclef-2025/train_audio/rumfly1/XC946164.ogg,Aves,1.61696875
ruther1,ruther1/XC117968.ogg,4.0,4.5167,-68.0833,birdclef-2025/train_audio/ruther1/XC117968.ogg,Aves,15.151
ruther1,ruther1/XC119211.ogg,4.0,-10.7342,-49.8559,birdclef-2025/train_audio/ruther1/XC119211.ogg,Aves,15.77796875
ruther1,ruther1/XC206497.ogg,4.0,-8.5914,-35.1186,birdclef-2025/train_audio/ruther1/XC206497.ogg,Aves,13.5314375
ruther1,ruther1/XC2423.ogg,5.0,-11.0192,-66.0987,birdclef-2025/train_audio/ruther1/XC2423.ogg,Aves,9.76978125
ruther1,ruther1/XC251886.ogg,5.0,-22.4508,-42.7735,birdclef-2025/train_audio/ruther1/XC251886.ogg,Aves,14.208
ruther1,ruther1/XC300938.ogg,4.0,-24.9825,-60.7274,birdclef-2025/train_audio/ruther1/XC300938.ogg,Aves,14.568
ruther1,ruther1/XC300940.ogg,4.0,-24.9825,-60.7274,birdclef-2025/train_audio/ruther1/XC300940.ogg,Aves,12.024
ruther1,ruther1/XC300941.ogg,4.0,-25.8687,-57.8976,birdclef-2025/train_audio/ruther1/XC300941.ogg,Aves,15.264
ruther1,ruther1/XC325566.ogg,4.0,-2.6557,-57.9652,birdclef-2025/train_audio/ruther1/XC325566.ogg,Aves,7.176
ruther1,ruther1/XC357714.ogg,4.0,-2.2191,-56.6905,birdclef-2025/train_audio/ruther1/XC357714.ogg,Aves,3.288
ruther1,ruther1/XC365183.ogg,4.0,-26.7966,-59.6056,birdclef-2025/train_audio/ruther1/XC365183.ogg,Aves,19.824
ruther1,ruther1/XC458068.ogg,4.0,-27.7001,-57.1834,birdclef-2025/train_audio/ruther1/XC458068.ogg,Aves,8.59428125
ruther1,ruther1/XC504763.ogg,4.0,-9.2594,-35.8457,birdclef-2025/train_audio/ruther1/XC504763.ogg,Aves,2.586125
ruther1,ruther1/XC512534.ogg,4.0,-32.8606,-60.6486,birdclef-2025/train_audio/ruther1/XC512534.ogg,Aves,7.34040625
ruther1,ruther1/XC52205.ogg,4.0,-22.1931,-63.9445,birdclef-2025/train_audio/ruther1/XC52205.ogg,Aves,9.37796875
ruther1,ruther1/XC550366.ogg,4.0,-16.6003,-49.2802,birdclef-2025/train_audio/ruther1/XC550366.ogg,Aves,8.4375625
ruther1,ruther1/XC657821.ogg,4.0,-16.7546,-56.8859,birdclef-2025/train_audio/ruther1/XC657821.ogg,Aves,6.63509375
ruther1,ruther1/XC657827.ogg,4.0,-16.7546,-56.8859,birdclef-2025/train_audio/ruther1/XC657827.ogg,Aves,10.18775
ruther1,ruther1/XC708677.ogg,5.0,-19.9819,-49.6801,birdclef-2025/train_audio/ruther1/XC708677.ogg,Aves,9.32571875
ruther1,ruther1/XC817038.ogg,5.0,-6.7131,-47.017,birdclef-2025/train_audio/ruther1/XC817038.ogg,Aves,6.530625
ruther1,ruther1/XC896252.ogg,4.0,-16.3468,-56.1518,birdclef-2025/train_audio/ruther1/XC896252.ogg,Aves,6.7520625
ruther1,ruther1/XC896253.ogg,4.0,-16.3468,-56.1518,birdclef-2025/train_audio/ruther1/XC896253.ogg,Aves,14.0446875
ruther1,ruther1/XC943092.ogg,4.0,6.0529,-74.6646,birdclef-2025/train_audio/ruther1/XC943092.ogg,Aves,18.03975
rutjac1,rutjac1/XC123677.ogg,5.0,-16.7581,-56.8764,birdclef-2025/train_audio/rutjac1/XC123677.ogg,Aves,3.864
rutjac1,rutjac1/XC126156.ogg,4.0,17.2213,-89.6119,birdclef-2025/train_audio/rutjac1/XC126156.ogg,Aves,9.038375
rutjac1,rutjac1/XC130918.ogg,5.0,-20.79,-42.8882,birdclef-2025/train_audio/rutjac1/XC130918.ogg,Aves,13.92325
rutjac1,rutjac1/XC130919.ogg,5.0,-20.79,-42.8882,birdclef-2025/train_audio/rutjac1/XC130919.ogg,Aves,17.47590625
rutjac1,rutjac1/XC166035.ogg,4.0,9.7751,-84.6167,birdclef-2025/train_audio/rutjac1/XC166035.ogg,Aves,6.08653125
rutjac1,rutjac1/XC166038.ogg,4.0,9.7751,-84.6167,birdclef-2025/train_audio/rutjac1/XC166038.ogg,Aves,4.4669375
rutjac1,rutjac1/XC166039.ogg,4.0,9.7751,-84.6167,birdclef-2025/train_audio/rutjac1/XC166039.ogg,Aves,19.8269375
rutjac1,rutjac1/XC169874.ogg,4.0,-19.2204,-42.4832,birdclef-2025/train_audio/rutjac1/XC169874.ogg,Aves,6.4
rutjac1,rutjac1/XC178086.ogg,4.0,-20.4082,-44.0279,birdclef-2025/train_audio/rutjac1/XC178086.ogg,Aves,19.8269375
rutjac1,rutjac1/XC2308.ogg,5.0,-13.6,-60.917,birdclef-2025/train_audio/rutjac1/XC2308.ogg,Aves,12.773875
rutjac1,rutjac1/XC247258.ogg,4.0,-19.2204,-42.4832,birdclef-2025/train_audio/rutjac1/XC247258.ogg,Aves,5.48571875
rutjac1,rutjac1/XC252394.ogg,4.0,-16.2352,-51.2556,birdclef-2025/train_audio/rutjac1/XC252394.ogg,Aves,19.43509375
rutjac1,rutjac1/XC275285.ogg,4.5,0.883,-78.8,birdclef-2025/train_audio/rutjac1/XC275285.ogg,Aves,16.58775
rutjac1,rutjac1/XC275286.ogg,4.5,0.883,-78.8,birdclef-2025/train_audio/rutjac1/XC275286.ogg,Aves,18.23346875
rutjac1,rutjac1/XC275287.ogg,5.0,0.883,-78.8,birdclef-2025/train_audio/rutjac1/XC275287.ogg,Aves,16.48325
rutjac1,rutjac1/XC275288.ogg,4.5,0.883,-78.8,birdclef-2025/train_audio/rutjac1/XC275288.ogg,Aves,10.8408125
rutjac1,rutjac1/XC275289.ogg,5.0,0.883,-78.8,birdclef-2025/train_audio/rutjac1/XC275289.ogg,Aves,14.6285625
rutjac1,rutjac1/XC276007.ogg,4.0,-0.593,-79.363,birdclef-2025/train_audio/rutjac1/XC276007.ogg,Aves,16.24815625
rutjac1,rutjac1/XC278200.ogg,5.0,-22.4508,-42.7735,birdclef-2025/train_audio/rutjac1/XC278200.ogg,Aves,6.58284375
rutjac1,rutjac1/XC286751.ogg,5.0,15.6924,-86.9027,birdclef-2025/train_audio/rutjac1/XC286751.ogg,Aves,7.62775
rutjac1,rutjac1/XC297981.ogg,5.0,7.8275,-72.5837,birdclef-2025/train_audio/rutjac1/XC297981.ogg,Aves,12.64325
rutjac1,rutjac1/XC308313.ogg,4.0,13.166,-85.8629,birdclef-2025/train_audio/rutjac1/XC308313.ogg,Aves,5.8514375
rutjac1,rutjac1/XC319592.ogg,5.0,-22.5939,-43.4347,birdclef-2025/train_audio/rutjac1/XC319592.ogg,Aves,7.512
rutjac1,rutjac1/XC325550.ogg,4.0,-2.6557,-57.9652,birdclef-2025/train_audio/rutjac1/XC325550.ogg,Aves,9.408
rutjac1,rutjac1/XC341473.ogg,5.0,-11.3834,-37.4001,birdclef-2025/train_audio/rutjac1/XC341473.ogg,Aves,4.80653125
rutjac1,rutjac1/XC348976.ogg,5.0,-20.3317,-46.4659,birdclef-2025/train_audio/rutjac1/XC348976.ogg,Aves,6.5045
rutjac1,rutjac1/XC388860.ogg,5.0,5.1266,-74.5924,birdclef-2025/train_audio/rutjac1/XC388860.ogg,Aves,9.36
rutjac1,rutjac1/XC393400.ogg,4.0,-15.6361,-56.0668,birdclef-2025/train_audio/rutjac1/XC393400.ogg,Aves,10.18775
rutjac1,rutjac1/XC403890.ogg,5.0,-16.9039,-49.2218,birdclef-2025/train_audio/rutjac1/XC403890.ogg,Aves,5.6685625
rutjac1,rutjac1/XC403891.ogg,5.0,-14.625,-49.0051,birdclef-2025/train_audio/rutjac1/XC403891.ogg,Aves,7.68
rutjac1,rutjac1/XC403893.ogg,5.0,-14.625,-49.0051,birdclef-2025/train_audio/rutjac1/XC403893.ogg,Aves,4.20571875
rutjac1,rutjac1/XC420247.ogg,5.0,4.3829,-75.1847,birdclef-2025/train_audio/rutjac1/XC420247.ogg,Aves,12.648
rutjac1,rutjac1/XC427405.ogg,5.0,-6.9723,-35.7476,birdclef-2025/train_audio/rutjac1/XC427405.ogg,Aves,10.7363125
rutjac1,rutjac1/XC428508.ogg,5.0,-6.3761,-47.1085,birdclef-2025/train_audio/rutjac1/XC428508.ogg,Aves,4.70203125
rutjac1,rutjac1/XC431960.ogg,5.0,6.5584,-71.131,birdclef-2025/train_audio/rutjac1/XC431960.ogg,Aves,3.422
rutjac1,rutjac1/XC439333.ogg,5.0,10.414,-67.7832,birdclef-2025/train_audio/rutjac1/XC439333.ogg,Aves,6.00815625
rutjac1,rutjac1/XC439950.ogg,4.5,5.8941,-74.8583,birdclef-2025/train_audio/rutjac1/XC439950.ogg,Aves,13.949
rutjac1,rutjac1/XC445236.ogg,5.0,-16.6003,-49.2802,birdclef-2025/train_audio/rutjac1/XC445236.ogg,Aves,4.15346875
rutjac1,rutjac1/XC447983.ogg,5.0,-22.8842,-48.4442,birdclef-2025/train_audio/rutjac1/XC447983.ogg,Aves,11.937
rutjac1,rutjac1/XC476474.ogg,5.0,-16.6003,-49.2802,birdclef-2025/train_audio/rutjac1/XC476474.ogg,Aves,5.30284375
rutjac1,rutjac1/XC476475.ogg,4.5,-16.6003,-49.2802,birdclef-2025/train_audio/rutjac1/XC476475.ogg,Aves,13.00896875
rutjac1,rutjac1/XC489469.ogg,4.0,10.4347,-84.7095,birdclef-2025/train_audio/rutjac1/XC489469.ogg,Aves,9.336
rutjac1,rutjac1/XC512048.ogg,4.0,9.7739,-84.6042,birdclef-2025/train_audio/rutjac1/XC512048.ogg,Aves,7.34040625
rutjac1,rutjac1/XC520575.ogg,5.0,4.5646,-74.9392,birdclef-2025/train_audio/rutjac1/XC520575.ogg,Aves,10.392
rutjac1,rutjac1/XC522879.ogg,5.0,17.539,-89.1111,birdclef-2025/train_audio/rutjac1/XC522879.ogg,Aves,18.28571875
rutjac1,rutjac1/XC552804.ogg,4.0,-16.5631,-49.285,birdclef-2025/train_audio/rutjac1/XC552804.ogg,Aves,16.24815625
rutjac1,rutjac1/XC560182.ogg,5.0,4.351,-74.652,birdclef-2025/train_audio/rutjac1/XC560182.ogg,Aves,5.736
rutjac1,rutjac1/XC56994.ogg,4.0,10.854,-74.761,birdclef-2025/train_audio/rutjac1/XC56994.ogg,Aves,16.22203125
rutjac1,rutjac1/XC63458.ogg,4.0,-13.5538,-61.0087,birdclef-2025/train_audio/rutjac1/XC63458.ogg,Aves,16.992
rutjac1,rutjac1/XC643364.ogg,4.0,-6.5142,-47.3442,birdclef-2025/train_audio/rutjac1/XC643364.ogg,Aves,6.45225
rutjac1,rutjac1/XC663686.ogg,4.0,-23.0235,-44.1812,birdclef-2025/train_audio/rutjac1/XC663686.ogg,Aves,19.056
rutjac1,rutjac1/XC663839.ogg,4.0,-8.7298,-35.8387,birdclef-2025/train_audio/rutjac1/XC663839.ogg,Aves,16.5355
rutjac1,rutjac1/XC676367.ogg,4.0,-10.8781,-65.9891,birdclef-2025/train_audio/rutjac1/XC676367.ogg,Aves,13.453
rutjac1,rutjac1/XC691975.ogg,4.0,-16.0538,-49.604,birdclef-2025/train_audio/rutjac1/XC691975.ogg,Aves,9.35184375
rutjac1,rutjac1/XC697390.ogg,4.0,-9.2524,-36.4187,birdclef-2025/train_audio/rutjac1/XC697390.ogg,Aves,14.13225
rutjac1,rutjac1/XC697458.ogg,5.0,-9.2524,-36.4187,birdclef-2025/train_audio/rutjac1/XC697458.ogg,Aves,16.87509375
rutjac1,rutjac1/XC698619.ogg,5.0,-6.4818,-47.8109,birdclef-2025/train_audio/rutjac1/XC698619.ogg,Aves,12.0
rutjac1,rutjac1/XC71120.ogg,4.5,0.258,-79.192,birdclef-2025/train_audio/rutjac1/XC71120.ogg,Aves,12.43428125
rutjac1,rutjac1/XC748041.ogg,4.0,-16.0538,-49.604,birdclef-2025/train_audio/rutjac1/XC748041.ogg,Aves,11.33715625
rutjac1,rutjac1/XC763565.ogg,4.0,4.199,-74.6389,birdclef-2025/train_audio/rutjac1/XC763565.ogg,Aves,11.208
rutjac1,rutjac1/XC774204.ogg,4.0,17.539,-89.1111,birdclef-2025/train_audio/rutjac1/XC774204.ogg,Aves,9.131625
rutjac1,rutjac1/XC789015.ogg,5.0,-13.3725,-47.327,birdclef-2025/train_audio/rutjac1/XC789015.ogg,Aves,11.33715625
rutjac1,rutjac1/XC789064.ogg,5.0,-13.3558,-47.2809,birdclef-2025/train_audio/rutjac1/XC789064.ogg,Aves,12.38203125
rutjac1,rutjac1/XC798075.ogg,5.0,17.3138,-88.5573,birdclef-2025/train_audio/rutjac1/XC798075.ogg,Aves,8.33225
rutjac1,rutjac1/XC798099.ogg,4.0,17.1543,-88.8522,birdclef-2025/train_audio/rutjac1/XC798099.ogg,Aves,7.668125
rutjac1,rutjac1/XC800306.ogg,4.5,-16.4727,-49.4959,birdclef-2025/train_audio/rutjac1/XC800306.ogg,Aves,2.35103125
rutjac1,rutjac1/XC816936.ogg,5.0,-7.3499,-48.2929,birdclef-2025/train_audio/rutjac1/XC816936.ogg,Aves,15.02040625
rutjac1,rutjac1/XC816938.ogg,4.0,-6.7614,-47.145,birdclef-2025/train_audio/rutjac1/XC816938.ogg,Aves,7.915
rutjac1,rutjac1/XC825886.ogg,4.0,5.0861,-74.7076,birdclef-2025/train_audio/rutjac1/XC825886.ogg,Aves,14.96253125
rutjac1,rutjac1/XC825909.ogg,4.0,5.0861,-74.7076,birdclef-2025/train_audio/rutjac1/XC825909.ogg,Aves,7.9428125
rutjac1,rutjac1/XC837915.ogg,5.0,-14.0858,-50.8244,birdclef-2025/train_audio/rutjac1/XC837915.ogg,Aves,4.64978125
rutjac1,rutjac1/XC837923.ogg,5.0,-14.0858,-50.8244,birdclef-2025/train_audio/rutjac1/XC837923.ogg,Aves,14.02775
rutjac1,rutjac1/XC838840.ogg,4.0,10.8564,-68.3634,birdclef-2025/train_audio/rutjac1/XC838840.ogg,Aves,12.40815625
rutjac1,rutjac1/XC85143.ogg,4.0,-23.3287,-44.9398,birdclef-2025/train_audio/rutjac1/XC85143.ogg,Aves,19.9575625
rutjac1,rutjac1/XC857488.ogg,5.0,-16.0781,-50.218,birdclef-2025/train_audio/rutjac1/XC857488.ogg,Aves,8.933
rutjac1,rutjac1/XC872683.ogg,5.0,-16.5861,-50.3034,birdclef-2025/train_audio/rutjac1/XC872683.ogg,Aves,5.172
rutjac1,rutjac1/XC898249.ogg,5.0,-13.7317,-46.3549,birdclef-2025/train_audio/rutjac1/XC898249.ogg,Aves,5.955
rutjac1,rutjac1/XC898278.ogg,5.0,-13.7349,-46.3569,birdclef-2025/train_audio/rutjac1/XC898278.ogg,Aves,12.486
rutjac1,rutjac1/XC901423.ogg,5.0,-13.8891,-50.1832,birdclef-2025/train_audio/rutjac1/XC901423.ogg,Aves,7.752
rutjac1,rutjac1/XC955336.ogg,4.0,9.8328,-83.5635,birdclef-2025/train_audio/rutjac1/XC955336.ogg,Aves,16.728
rutjac1,rutjac1/XC956623.ogg,4.5,-16.4353,-49.3948,birdclef-2025/train_audio/rutjac1/XC956623.ogg,Aves,14.001
saffin,saffin/XC113880.ogg,4.0,-20.8004,-42.8884,birdclef-2025/train_audio/saffin/XC113880.ogg,Aves,8.64653125
saffin,saffin/XC126991.ogg,4.0,-17.9438,-64.573,birdclef-2025/train_audio/saffin/XC126991.ogg,Aves,14.44571875
saffin,saffin/XC140999.ogg,5.0,-16.4456,-51.1201,birdclef-2025/train_audio/saffin/XC140999.ogg,Aves,16.69225
saffin,saffin/XC148218.ogg,5.0,3.9506,-73.9667,birdclef-2025/train_audio/saffin/XC148218.ogg,Aves,16.457
saffin,saffin/XC180780.ogg,4.0,-6.3167,-79.4501,birdclef-2025/train_audio/saffin/XC180780.ogg,Aves,4.93715625
saffin,saffin/XC215723.ogg,5.0,-20.1213,-55.9297,birdclef-2025/train_audio/saffin/XC215723.ogg,Aves,11.91184375
saffin,saffin/XC259892.ogg,5.0,-4.003,-79.369,birdclef-2025/train_audio/saffin/XC259892.ogg,Aves,17.1363125
saffin,saffin/XC275150.ogg,5.0,-4.003,-79.369,birdclef-2025/train_audio/saffin/XC275150.ogg,Aves,19.51346875
saffin,saffin/XC2786.ogg,5.0,-14.9001,-64.7167,birdclef-2025/train_audio/saffin/XC2786.ogg,Aves,18.5208125
saffin,saffin/XC288955.ogg,4.0,-22.4508,-42.7735,birdclef-2025/train_audio/saffin/XC288955.ogg,Aves,16.770625
saffin,saffin/XC323517.ogg,5.0,-26.7166,-49.4856,birdclef-2025/train_audio/saffin/XC323517.ogg,Aves,14.47184375
saffin,saffin/XC342570.ogg,4.5,-23.4916,-46.5236,birdclef-2025/train_audio/saffin/XC342570.ogg,Aves,10.370625
saffin,saffin/XC345274.ogg,5.0,-37.8022,-73.3946,birdclef-2025/train_audio/saffin/XC345274.ogg,Aves,8.352
saffin,saffin/XC347916.ogg,5.0,-24.2056,-46.9164,birdclef-2025/train_audio/saffin/XC347916.ogg,Aves,4.4930625
saffin,saffin/XC353961.ogg,5.0,-18.9897,-46.8412,birdclef-2025/train_audio/saffin/XC353961.ogg,Aves,14.34121875
saffin,saffin/XC412195.ogg,5.0,-14.625,-49.0051,birdclef-2025/train_audio/saffin/XC412195.ogg,Aves,16.40490625
saffin,saffin/XC423040.ogg,4.0,-18.002,-40.381,birdclef-2025/train_audio/saffin/XC423040.ogg,Aves,5.64
saffin,saffin/XC427952.ogg,5.0,-20.2259,-46.478,birdclef-2025/train_audio/saffin/XC427952.ogg,Aves,10.05715625
saffin,saffin/XC432991.ogg,4.0,4.5825,-74.5488,birdclef-2025/train_audio/saffin/XC432991.ogg,Aves,4.179
saffin,saffin/XC455166.ogg,4.0,4.8114,-75.7038,birdclef-2025/train_audio/saffin/XC455166.ogg,Aves,11.07590625
saffin,saffin/XC462514.ogg,5.0,-35.2501,-59.2167,birdclef-2025/train_audio/saffin/XC462514.ogg,Aves,19.6963125
saffin,saffin/XC50967.ogg,4.0,-34.2342,-58.8861,birdclef-2025/train_audio/saffin/XC50967.ogg,Aves,19.67021875
saffin,saffin/XC50968.ogg,4.0,-34.2342,-58.8861,birdclef-2025/train_audio/saffin/XC50968.ogg,Aves,18.78203125
saffin,saffin/XC50970.ogg,4.0,-22.1931,-63.9445,birdclef-2025/train_audio/saffin/XC50970.ogg,Aves,12.672
saffin,saffin/XC510939.ogg,4.0,-30.2037,-57.5145,birdclef-2025/train_audio/saffin/XC510939.ogg,Aves,19.656
saffin,saffin/XC530671.ogg,5.0,-22.4212,-42.9559,birdclef-2025/train_audio/saffin/XC530671.ogg,Aves,15.673
saffin,saffin/XC537297.ogg,4.0,4.351,-74.652,birdclef-2025/train_audio/saffin/XC537297.ogg,Aves,18.6775625
saffin,saffin/XC543736.ogg,5.0,1.4898,-75.6801,birdclef-2025/train_audio/saffin/XC543736.ogg,Aves,5.64
saffin,saffin/XC551936.ogg,4.0,-26.5723,-53.8018,birdclef-2025/train_audio/saffin/XC551936.ogg,Aves,7.296
saffin,saffin/XC553897.ogg,5.0,-32.1596,-58.1231,birdclef-2025/train_audio/saffin/XC553897.ogg,Aves,18.31184375
saffin,saffin/XC630558.ogg,5.0,-32.2341,-58.1302,birdclef-2025/train_audio/saffin/XC630558.ogg,Aves,3.97
saffin,saffin/XC632553.ogg,5.0,-22.9663,-43.0087,birdclef-2025/train_audio/saffin/XC632553.ogg,Aves,10.344
saffin,saffin/XC632554.ogg,5.0,-22.9663,-43.0087,birdclef-2025/train_audio/saffin/XC632554.ogg,Aves,6.864
saffin,saffin/XC683246.ogg,4.0,-17.5542,-66.3426,birdclef-2025/train_audio/saffin/XC683246.ogg,Aves,19.8530625
saffin,saffin/XC686394.ogg,5.0,-30.1834,-57.4501,birdclef-2025/train_audio/saffin/XC686394.ogg,Aves,17.266
saffin,saffin/XC686396.ogg,5.0,-30.1834,-57.4501,birdclef-2025/train_audio/saffin/XC686396.ogg,Aves,12.904
saffin,saffin/XC686600.ogg,5.0,-30.1834,-57.4501,birdclef-2025/train_audio/saffin/XC686600.ogg,Aves,19.774
saffin,saffin/XC694916.ogg,5.0,-0.954,-80.7071,birdclef-2025/train_audio/saffin/XC694916.ogg,Aves,18.504
saffin,saffin/XC695937.ogg,5.0,-16.0538,-49.604,birdclef-2025/train_audio/saffin/XC695937.ogg,Aves,11.88571875
saffin,saffin/XC708072.ogg,4.5,-16.631,-48.6674,birdclef-2025/train_audio/saffin/XC708072.ogg,Aves,19.43509375
saffin,saffin/XC723341.ogg,4.0,4.0847,-76.1962,birdclef-2025/train_audio/saffin/XC723341.ogg,Aves,18.86040625
saffin,saffin/XC725026.ogg,5.0,-27.9514,-49.9345,birdclef-2025/train_audio/saffin/XC725026.ogg,Aves,7.888
saffin,saffin/XC737487.ogg,5.0,-17.1888,-48.7335,birdclef-2025/train_audio/saffin/XC737487.ogg,Aves,16.48325
saffin,saffin/XC743255.ogg,4.0,-16.5456,-49.1572,birdclef-2025/train_audio/saffin/XC743255.ogg,Aves,10.65796875
saffin,saffin/XC800382.ogg,4.5,-16.4727,-49.4959,birdclef-2025/train_audio/saffin/XC800382.ogg,Aves,17.71103125
saffin,saffin/XC807430.ogg,4.0,-0.0021,-78.4558,birdclef-2025/train_audio/saffin/XC807430.ogg,Aves,7.56028125
saffin,saffin/XC833926.ogg,4.0,-31.4072,-64.5041,birdclef-2025/train_audio/saffin/XC833926.ogg,Aves,12.956
saffin,saffin/XC835181.ogg,5.0,11.4458,-69.6018,birdclef-2025/train_audio/saffin/XC835181.ogg,Aves,2.0375625
saffin,saffin/XC838479.ogg,4.0,11.4064,-69.6675,birdclef-2025/train_audio/saffin/XC838479.ogg,Aves,7.31428125
saffin,saffin/XC84690.ogg,5.0,-16.7501,-56.8501,birdclef-2025/train_audio/saffin/XC84690.ogg,Aves,18.15509375
saffin,saffin/XC84692.ogg,4.5,-26.0834,-48.6334,birdclef-2025/train_audio/saffin/XC84692.ogg,Aves,19.173875
saffin,saffin/XC84694.ogg,5.0,-30.1834,-57.4501,birdclef-2025/train_audio/saffin/XC84694.ogg,Aves,18.93878125
saffin,saffin/XC863720.ogg,4.5,-18.9287,-51.679,birdclef-2025/train_audio/saffin/XC863720.ogg,Aves,8.359
saffin,saffin/XC863815.ogg,5.0,-18.9287,-51.679,birdclef-2025/train_audio/saffin/XC863815.ogg,Aves,5.982
saffin,saffin/XC879458.ogg,5.0,-0.954,-80.7071,birdclef-2025/train_audio/saffin/XC879458.ogg,Aves,18.984
saffin,saffin/XC939043.ogg,5.0,2.8044,-60.6718,birdclef-2025/train_audio/saffin/XC939043.ogg,Aves,8.568
saffin,saffin/XC939913.ogg,4.0,1.7914,-61.1375,birdclef-2025/train_audio/saffin/XC939913.ogg,Aves,16.3
saffin,saffin/XC942582.ogg,5.0,-38.7179,-72.6533,birdclef-2025/train_audio/saffin/XC942582.ogg,Aves,9.8509375
saffin,saffin/XC942584.ogg,5.0,-38.7179,-72.6534,birdclef-2025/train_audio/saffin/XC942584.ogg,Aves,12.0
saffin,saffin/XC946148.ogg,4.0,3.5026,-76.3552,birdclef-2025/train_audio/saffin/XC946148.ogg,Aves,7.898625
saffin,saffin/XC946211.ogg,4.0,3.5026,-76.3552,birdclef-2025/train_audio/saffin/XC946211.ogg,Aves,9.27221875
saffin,saffin/XC946212.ogg,4.0,3.5026,-76.3552,birdclef-2025/train_audio/saffin/XC946212.ogg,Aves,6.153875
saffin,saffin/XC946213.ogg,4.0,3.5026,-76.3552,birdclef-2025/train_audio/saffin/XC946213.ogg,Aves,3.27103125
secfly1,secfly1/XC116587.ogg,4.0,8.9498,-68.0831,birdclef-2025/train_audio/secfly1/XC116587.ogg,Aves,5.136
secfly1,secfly1/XC123230.ogg,5.0,-12.7945,-71.3979,birdclef-2025/train_audio/secfly1/XC123230.ogg,Aves,4.008
secfly1,secfly1/XC134808.ogg,5.0,-20.79,-42.8882,birdclef-2025/train_audio/secfly1/XC134808.ogg,Aves,13.4530625
secfly1,secfly1/XC172166.ogg,4.0,-19.2204,-42.4832,birdclef-2025/train_audio/secfly1/XC172166.ogg,Aves,9.40409375
secfly1,secfly1/XC17602.ogg,4.0,-24.2759,-48.4181,birdclef-2025/train_audio/secfly1/XC17602.ogg,Aves,9.5346875
secfly1,secfly1/XC1844.ogg,4.0,-18.7889,-63.8723,birdclef-2025/train_audio/secfly1/XC1844.ogg,Aves,6.06040625
secfly1,secfly1/XC258749.ogg,5.0,-2.54,-76.859,birdclef-2025/train_audio/secfly1/XC258749.ogg,Aves,17.97225
secfly1,secfly1/XC283135.ogg,4.0,-23.6334,-45.8667,birdclef-2025/train_audio/secfly1/XC283135.ogg,Aves,3.2391875
secfly1,secfly1/XC283147.ogg,4.0,-8.9826,-72.7148,birdclef-2025/train_audio/secfly1/XC283147.ogg,Aves,10.03103125
secfly1,secfly1/XC283756.ogg,5.0,-22.4683,-42.7595,birdclef-2025/train_audio/secfly1/XC283756.ogg,Aves,8.64653125
secfly1,secfly1/XC315724.ogg,4.0,-26.4895,-52.2009,birdclef-2025/train_audio/secfly1/XC315724.ogg,Aves,3.50040625
secfly1,secfly1/XC32308.ogg,4.0,-23.758,-64.851,birdclef-2025/train_audio/secfly1/XC32308.ogg,Aves,6.60896875
secfly1,secfly1/XC32310.ogg,4.0,-23.758,-64.851,birdclef-2025/train_audio/secfly1/XC32310.ogg,Aves,5.7730625
secfly1,secfly1/XC325645.ogg,5.0,-16.3592,-39.1381,birdclef-2025/train_audio/secfly1/XC325645.ogg,Aves,5.04
secfly1,secfly1/XC325664.ogg,5.0,-16.3592,-39.1381,birdclef-2025/train_audio/secfly1/XC325664.ogg,Aves,4.68
secfly1,secfly1/XC335116.ogg,5.0,-24.2759,-48.4181,birdclef-2025/train_audio/secfly1/XC335116.ogg,Aves,12.721625
secfly1,secfly1/XC343224.ogg,5.0,-26.3182,-48.8969,birdclef-2025/train_audio/secfly1/XC343224.ogg,Aves,3.1608125
secfly1,secfly1/XC363371.ogg,4.0,15.7298,-86.726,birdclef-2025/train_audio/secfly1/XC363371.ogg,Aves,5.30284375
secfly1,secfly1/XC383592.ogg,4.0,-25.8501,-53.9837,birdclef-2025/train_audio/secfly1/XC383592.ogg,Aves,5.136
secfly1,secfly1/XC385731.ogg,4.0,-15.1274,-56.6437,birdclef-2025/train_audio/secfly1/XC385731.ogg,Aves,5.6685625
secfly1,secfly1/XC396046.ogg,5.0,-14.167,-67.917,birdclef-2025/train_audio/secfly1/XC396046.ogg,Aves,17.63265625
secfly1,secfly1/XC410034.ogg,4.0,-15.7947,-48.8338,birdclef-2025/train_audio/secfly1/XC410034.ogg,Aves,2.14203125
secfly1,secfly1/XC410036.ogg,4.0,-16.4314,-49.1459,birdclef-2025/train_audio/secfly1/XC410036.ogg,Aves,2.97796875
secfly1,secfly1/XC427538.ogg,5.0,-3.8405,-40.9,birdclef-2025/train_audio/secfly1/XC427538.ogg,Aves,4.12734375
secfly1,secfly1/XC427539.ogg,5.0,-3.8405,-40.9,birdclef-2025/train_audio/secfly1/XC427539.ogg,Aves,4.07509375
secfly1,secfly1/XC437349.ogg,4.0,-4.2889,-70.2948,birdclef-2025/train_audio/secfly1/XC437349.ogg,Aves,14.053875
secfly1,secfly1/XC447893.ogg,5.0,-22.8842,-48.4442,birdclef-2025/train_audio/secfly1/XC447893.ogg,Aves,5.877
secfly1,secfly1/XC448159.ogg,5.0,-22.8842,-48.4442,birdclef-2025/train_audio/secfly1/XC448159.ogg,Aves,3.056
secfly1,secfly1/XC477337.ogg,5.0,-25.8667,-54.1667,birdclef-2025/train_audio/secfly1/XC477337.ogg,Aves,4.4146875
secfly1,secfly1/XC496121.ogg,4.0,-22.473,-48.5638,birdclef-2025/train_audio/secfly1/XC496121.ogg,Aves,18.88653125
secfly1,secfly1/XC51026.ogg,4.0,-22.1931,-63.9445,birdclef-2025/train_audio/secfly1/XC51026.ogg,Aves,3.6
secfly1,secfly1/XC51027.ogg,4.0,-22.1931,-63.9445,birdclef-2025/train_audio/secfly1/XC51027.ogg,Aves,11.20653125
secfly1,secfly1/XC512308.ogg,4.0,4.7216,-52.3073,birdclef-2025/train_audio/secfly1/XC512308.ogg,Aves,7.44490625
secfly1,secfly1/XC516235.ogg,4.0,9.5278,-75.3653,birdclef-2025/train_audio/secfly1/XC516235.ogg,Aves,4.752
secfly1,secfly1/XC536178.ogg,4.0,-8.7512,-68.9938,birdclef-2025/train_audio/secfly1/XC536178.ogg,Aves,6.2955
secfly1,secfly1/XC538032.ogg,5.0,4.351,-74.652,birdclef-2025/train_audio/secfly1/XC538032.ogg,Aves,6.81796875
secfly1,secfly1/XC539841.ogg,5.0,4.351,-74.652,birdclef-2025/train_audio/secfly1/XC539841.ogg,Aves,7.1314375
secfly1,secfly1/XC540975.ogg,5.0,4.351,-74.652,birdclef-2025/train_audio/secfly1/XC540975.ogg,Aves,4.04896875
secfly1,secfly1/XC551293.ogg,5.0,-25.8667,-54.1667,birdclef-2025/train_audio/secfly1/XC551293.ogg,Aves,4.02284375
secfly1,secfly1/XC588911.ogg,5.0,-25.8667,-54.1667,birdclef-2025/train_audio/secfly1/XC588911.ogg,Aves,7.47103125
secfly1,secfly1/XC596132.ogg,5.0,1.5114,-75.7413,birdclef-2025/train_audio/secfly1/XC596132.ogg,Aves,2.16815625
secfly1,secfly1/XC596133.ogg,5.0,1.5114,-75.7413,birdclef-2025/train_audio/secfly1/XC596133.ogg,Aves,5.35509375
secfly1,secfly1/XC607972.ogg,5.0,-16.8402,-49.3158,birdclef-2025/train_audio/secfly1/XC607972.ogg,Aves,3.813875
secfly1,secfly1/XC63597.ogg,4.0,-11.8667,-71.3667,birdclef-2025/train_audio/secfly1/XC63597.ogg,Aves,4.86
secfly1,secfly1/XC63598.ogg,4.0,-11.8667,-71.3667,birdclef-2025/train_audio/secfly1/XC63598.ogg,Aves,10.908
secfly1,secfly1/XC63599.ogg,4.0,-11.8667,-71.3667,birdclef-2025/train_audio/secfly1/XC63599.ogg,Aves,7.344
secfly1,secfly1/XC665681.ogg,4.0,-9.2524,-36.4187,birdclef-2025/train_audio/secfly1/XC665681.ogg,Aves,2.14203125
secfly1,secfly1/XC683037.ogg,4.0,-16.0538,-49.604,birdclef-2025/train_audio/secfly1/XC683037.ogg,Aves,3.384
secfly1,secfly1/XC690439.ogg,4.0,-3.7753,-70.3887,birdclef-2025/train_audio/secfly1/XC690439.ogg,Aves,2.873
secfly1,secfly1/XC692030.ogg,5.0,-16.0538,-49.604,birdclef-2025/train_audio/secfly1/XC692030.ogg,Aves,4.4146875
secfly1,secfly1/XC697354.ogg,5.0,-9.2162,-35.8741,birdclef-2025/train_audio/secfly1/XC697354.ogg,Aves,3.57878125
secfly1,secfly1/XC705480.ogg,5.0,-8.9293,-69.0886,birdclef-2025/train_audio/secfly1/XC705480.ogg,Aves,3.2391875
secfly1,secfly1/XC708076.ogg,4.5,-16.631,-48.6674,birdclef-2025/train_audio/secfly1/XC708076.ogg,Aves,9.5085625
secfly1,secfly1/XC737364.ogg,5.0,-17.1888,-48.7335,birdclef-2025/train_audio/secfly1/XC737364.ogg,Aves,5.06775
secfly1,secfly1/XC743232.ogg,4.0,-16.5456,-49.1572,birdclef-2025/train_audio/secfly1/XC743232.ogg,Aves,2.24653125
secfly1,secfly1/XC747360.ogg,5.0,-16.5456,-49.1572,birdclef-2025/train_audio/secfly1/XC747360.ogg,Aves,5.7469375
secfly1,secfly1/XC755193.ogg,5.0,-11.7519,-55.638,birdclef-2025/train_audio/secfly1/XC755193.ogg,Aves,3.65715625
secfly1,secfly1/XC769478.ogg,5.0,-6.3761,-47.1085,birdclef-2025/train_audio/secfly1/XC769478.ogg,Aves,5.43346875
secfly1,secfly1/XC796955.ogg,4.0,17.1543,-88.8522,birdclef-2025/train_audio/secfly1/XC796955.ogg,Aves,6.81853125
secfly1,secfly1/XC799791.ogg,4.0,5.0861,-74.7076,birdclef-2025/train_audio/secfly1/XC799791.ogg,Aves,3.520375
secfly1,secfly1/XC81610.ogg,4.0,-23.4693,-45.1695,birdclef-2025/train_audio/secfly1/XC81610.ogg,Aves,5.198375
secfly1,secfly1/XC817250.ogg,5.0,-6.3566,-47.1564,birdclef-2025/train_audio/secfly1/XC817250.ogg,Aves,6.504
secfly1,secfly1/XC822540.ogg,5.0,1.4719,-75.6823,birdclef-2025/train_audio/secfly1/XC822540.ogg,Aves,20.0
secfly1,secfly1/XC840154.ogg,5.0,-16.0538,-49.604,birdclef-2025/train_audio/secfly1/XC840154.ogg,Aves,4.3624375
secfly1,secfly1/XC857526.ogg,5.0,-16.0781,-50.218,birdclef-2025/train_audio/secfly1/XC857526.ogg,Aves,5.564
secfly1,secfly1/XC863794.ogg,5.0,-18.9287,-51.679,birdclef-2025/train_audio/secfly1/XC863794.ogg,Aves,3.213
secfly1,secfly1/XC863796.ogg,5.0,-18.9287,-51.679,birdclef-2025/train_audio/secfly1/XC863796.ogg,Aves,5.773
secfly1,secfly1/XC863799.ogg,5.0,-18.9287,-51.679,birdclef-2025/train_audio/secfly1/XC863799.ogg,Aves,8.333
secfly1,secfly1/XC870864.ogg,4.0,-12.8023,-69.2997,birdclef-2025/train_audio/secfly1/XC870864.ogg,Aves,3.46640625
secfly1,secfly1/XC926981.ogg,5.0,-26.7756,-48.7144,birdclef-2025/train_audio/secfly1/XC926981.ogg,Aves,3.108
secfly1,secfly1/XC932730.ogg,5.0,-15.8751,-48.9345,birdclef-2025/train_audio/secfly1/XC932730.ogg,Aves,6.269
secfly1,secfly1/XC934351.ogg,4.0,17.1543,-88.8522,birdclef-2025/train_audio/secfly1/XC934351.ogg,Aves,20.0
shtfly1,shtfly1/XC335880.ogg,4.0,12.6902,-86.8053,birdclef-2025/train_audio/shtfly1/XC335880.ogg,Aves,2.97796875
shtfly1,shtfly1/XC335884.ogg,4.0,12.6902,-86.8053,birdclef-2025/train_audio/shtfly1/XC335884.ogg,Aves,4.75428125
shtfly1,shtfly1/XC335888.ogg,4.0,12.8852,-86.5785,birdclef-2025/train_audio/shtfly1/XC335888.ogg,Aves,1.28
shtfly1,shtfly1/XC353931.ogg,5.0,6.0498,-74.2614,birdclef-2025/train_audio/shtfly1/XC353931.ogg,Aves,11.64
shtfly1,shtfly1/XC354884.ogg,4.0,3.473,-60.8972,birdclef-2025/train_audio/shtfly1/XC354884.ogg,Aves,10.776
shtfly1,shtfly1/XC414983.ogg,4.0,15.6124,-90.3781,birdclef-2025/train_audio/shtfly1/XC414983.ogg,Aves,15.072
shtfly1,shtfly1/XC425520.ogg,5.0,5.9002,-74.8485,birdclef-2025/train_audio/shtfly1/XC425520.ogg,Aves,6.9485625
shtfly1,shtfly1/XC464813.ogg,4.0,3.3821,-61.4464,birdclef-2025/train_audio/shtfly1/XC464813.ogg,Aves,5.568
shtfly1,shtfly1/XC528760.ogg,5.0,4.0766,-59.5579,birdclef-2025/train_audio/shtfly1/XC528760.ogg,Aves,10.866
shtfly1,shtfly1/XC532716.ogg,4.0,5.2461,-75.6853,birdclef-2025/train_audio/shtfly1/XC532716.ogg,Aves,12.9045
shtfly1,shtfly1/XC532717.ogg,4.0,5.2461,-75.6853,birdclef-2025/train_audio/shtfly1/XC532717.ogg,Aves,12.0163125
shtfly1,shtfly1/XC532719.ogg,4.0,5.2461,-75.6853,birdclef-2025/train_audio/shtfly1/XC532719.ogg,Aves,11.598375
shtfly1,shtfly1/XC532721.ogg,4.0,5.2461,-75.6853,birdclef-2025/train_audio/shtfly1/XC532721.ogg,Aves,18.5730625
shtfly1,shtfly1/XC532723.ogg,4.0,5.2461,-75.6853,birdclef-2025/train_audio/shtfly1/XC532723.ogg,Aves,9.84815625
shtfly1,shtfly1/XC537084.ogg,4.0,4.351,-74.652,birdclef-2025/train_audio/shtfly1/XC537084.ogg,Aves,12.0424375
shtfly1,shtfly1/XC544569.ogg,4.0,4.351,-74.652,birdclef-2025/train_audio/shtfly1/XC544569.ogg,Aves,5.98203125
shtfly1,shtfly1/XC544982.ogg,4.0,4.351,-74.652,birdclef-2025/train_audio/shtfly1/XC544982.ogg,Aves,14.96815625
shtfly1,shtfly1/XC604840.ogg,4.0,3.862,-76.3492,birdclef-2025/train_audio/shtfly1/XC604840.ogg,Aves,10.71021875
shtfly1,shtfly1/XC610365.ogg,5.0,3.7528,-59.3101,birdclef-2025/train_audio/shtfly1/XC610365.ogg,Aves,5.112
shtfly1,shtfly1/XC716435.ogg,5.0,4.402,-75.0191,birdclef-2025/train_audio/shtfly1/XC716435.ogg,Aves,15.744
shtfly1,shtfly1/XC782563.ogg,4.0,-9.5682,-50.1145,birdclef-2025/train_audio/shtfly1/XC782563.ogg,Aves,9.4095625
shtfly1,shtfly1/XC838486.ogg,5.0,11.1801,-69.6299,birdclef-2025/train_audio/shtfly1/XC838486.ogg,Aves,5.7730625
shtfly1,shtfly1/XC8626.ogg,4.0,3.7528,-59.3101,birdclef-2025/train_audio/shtfly1/XC8626.ogg,Aves,8.2546875
shtfly1,shtfly1/XC922804.ogg,4.0,5.1644,-74.872,birdclef-2025/train_audio/shtfly1/XC922804.ogg,Aves,7.40265625
shtfly1,shtfly1/XC939919.ogg,4.5,1.7914,-61.1375,birdclef-2025/train_audio/shtfly1/XC939919.ogg,Aves,13.296
shtfly1,shtfly1/XC946190.ogg,4.0,3.5026,-76.3552,birdclef-2025/train_audio/shtfly1/XC946190.ogg,Aves,1.58953125
shtfly1,shtfly1/XC946191.ogg,4.0,3.5026,-76.3552,birdclef-2025/train_audio/shtfly1/XC946191.ogg,Aves,19.5141875
shtfly1,shtfly1/XC954666.ogg,4.0,10.1564,-84.9239,birdclef-2025/train_audio/shtfly1/XC954666.ogg,Aves,3.99675
smbani,smbani/XC118663.ogg,4.0,-3.6668,-45.8465,birdclef-2025/train_audio/smbani/XC118663.ogg,Aves,18.050625
smbani,smbani/XC120554.ogg,4.0,-0.4342,-76.1973,birdclef-2025/train_audio/smbani/XC120554.ogg,Aves,17.52815625
smbani,smbani/XC127226.ogg,5.0,4.1809,-72.9136,birdclef-2025/train_audio/smbani/XC127226.ogg,Aves,10.1355
smbani,smbani/XC148299.ogg,4.0,1.8888,-76.2888,birdclef-2025/train_audio/smbani/XC148299.ogg,Aves,17.293
smbani,smbani/XC153893.ogg,5.0,-16.6003,-49.2802,birdclef-2025/train_audio/smbani/XC153893.ogg,Aves,8.80325
smbani,smbani/XC154431.ogg,5.0,9.9039,-71.1039,birdclef-2025/train_audio/smbani/XC154431.ogg,Aves,10.29225
smbani,smbani/XC171386.ogg,5.0,17.9752,-67.1686,birdclef-2025/train_audio/smbani/XC171386.ogg,Aves,2.22
smbani,smbani/XC171387.ogg,5.0,17.9752,-67.1686,birdclef-2025/train_audio/smbani/XC171387.ogg,Aves,3.004
smbani,smbani/XC171389.ogg,5.0,17.9752,-67.1686,birdclef-2025/train_audio/smbani/XC171389.ogg,Aves,2.533
smbani,smbani/XC171390.ogg,5.0,17.9752,-67.1686,birdclef-2025/train_audio/smbani/XC171390.ogg,Aves,1.985
smbani,smbani/XC171392.ogg,5.0,17.9752,-67.1686,birdclef-2025/train_audio/smbani/XC171392.ogg,Aves,1.671
smbani,smbani/XC171393.ogg,5.0,17.9752,-67.1686,birdclef-2025/train_audio/smbani/XC171393.ogg,Aves,2.638
smbani,smbani/XC171396.ogg,5.0,17.9752,-67.1686,birdclef-2025/train_audio/smbani/XC171396.ogg,Aves,1.645
smbani,smbani/XC171397.ogg,5.0,17.9752,-67.1686,birdclef-2025/train_audio/smbani/XC171397.ogg,Aves,2.22
smbani,smbani/XC171399.ogg,5.0,17.9752,-67.1686,birdclef-2025/train_audio/smbani/XC171399.ogg,Aves,2.716
smbani,smbani/XC171400.ogg,5.0,17.9752,-67.1686,birdclef-2025/train_audio/smbani/XC171400.ogg,Aves,2.351
smbani,smbani/XC171401.ogg,5.0,17.9752,-67.1686,birdclef-2025/train_audio/smbani/XC171401.ogg,Aves,1.462
smbani,smbani/XC171402.ogg,5.0,17.9752,-67.1686,birdclef-2025/train_audio/smbani/XC171402.ogg,Aves,3.683
smbani,smbani/XC171403.ogg,5.0,17.9752,-67.1686,birdclef-2025/train_audio/smbani/XC171403.ogg,Aves,1.515
smbani,smbani/XC171406.ogg,5.0,17.9752,-67.1686,birdclef-2025/train_audio/smbani/XC171406.ogg,Aves,15.804
smbani,smbani/XC171408.ogg,5.0,17.9752,-67.1686,birdclef-2025/train_audio/smbani/XC171408.ogg,Aves,19.278
smbani,smbani/XC173686.ogg,5.0,18.012,-67.1043,birdclef-2025/train_audio/smbani/XC173686.ogg,Aves,3.336
smbani,smbani/XC173700.ogg,4.0,-27.3546,-49.3459,birdclef-2025/train_audio/smbani/XC173700.ogg,Aves,12.096
smbani,smbani/XC213482.ogg,4.5,5.5,-76.5469,birdclef-2025/train_audio/smbani/XC213482.ogg,Aves,4.80653125
smbani,smbani/XC2245.ogg,5.0,-17.8834,-63.1945,birdclef-2025/train_audio/smbani/XC2245.ogg,Aves,8.3853125
smbani,smbani/XC240064.ogg,5.0,4.7014,-75.6411,birdclef-2025/train_audio/smbani/XC240064.ogg,Aves,5.7469375
smbani,smbani/XC257723.ogg,5.0,-0.472,-76.459,birdclef-2025/train_audio/smbani/XC257723.ogg,Aves,12.0163125
smbani,smbani/XC257724.ogg,5.0,-0.703,-80.2,birdclef-2025/train_audio/smbani/XC257724.ogg,Aves,15.2555
smbani,smbani/XC257726.ogg,5.0,-0.703,-80.2,birdclef-2025/train_audio/smbani/XC257726.ogg,Aves,17.55428125
smbani,smbani/XC260416.ogg,5.0,-0.589,-77.877,birdclef-2025/train_audio/smbani/XC260416.ogg,Aves,18.33796875
smbani,smbani/XC260417.ogg,5.0,-0.589,-77.877,birdclef-2025/train_audio/smbani/XC260417.ogg,Aves,12.2775625
smbani,smbani/XC260418.ogg,5.0,-0.051,-78.778,birdclef-2025/train_audio/smbani/XC260418.ogg,Aves,12.2253125
smbani,smbani/XC261628.ogg,5.0,0.883,-78.8,birdclef-2025/train_audio/smbani/XC261628.ogg,Aves,14.31509375
smbani,smbani/XC268541.ogg,5.0,26.4988,-80.2141,birdclef-2025/train_audio/smbani/XC268541.ogg,Aves,18.384
smbani,smbani/XC269046.ogg,5.0,26.4988,-80.2141,birdclef-2025/train_audio/smbani/XC269046.ogg,Aves,9.912
smbani,smbani/XC269047.ogg,5.0,26.4988,-80.2141,birdclef-2025/train_audio/smbani/XC269047.ogg,Aves,10.896
smbani,smbani/XC269133.ogg,4.0,26.4988,-80.2141,birdclef-2025/train_audio/smbani/XC269133.ogg,Aves,11.904
smbani,smbani/XC275235.ogg,4.5,0.883,-78.8,birdclef-2025/train_audio/smbani/XC275235.ogg,Aves,14.47184375
smbani,smbani/XC308506.ogg,5.0,18.012,-67.1043,birdclef-2025/train_audio/smbani/XC308506.ogg,Aves,13.81878125
smbani,smbani/XC316264.ogg,4.0,26.4988,-80.2141,birdclef-2025/train_audio/smbani/XC316264.ogg,Aves,9.672
smbani,smbani/XC326994.ogg,4.0,4.8685,-73.2487,birdclef-2025/train_audio/smbani/XC326994.ogg,Aves,4.032
smbani,smbani/XC331325.ogg,4.0,26.9247,-80.4946,birdclef-2025/train_audio/smbani/XC331325.ogg,Aves,7.176
smbani,smbani/XC342582.ogg,5.0,-23.4893,-46.5247,birdclef-2025/train_audio/smbani/XC342582.ogg,Aves,9.40409375
smbani,smbani/XC357128.ogg,4.0,-2.6557,-57.9652,birdclef-2025/train_audio/smbani/XC357128.ogg,Aves,7.92
smbani,smbani/XC377198.ogg,5.0,0.9242,-51.2155,birdclef-2025/train_audio/smbani/XC377198.ogg,Aves,4.12734375
smbani,smbani/XC377900.ogg,5.0,-3.9987,-70.0081,birdclef-2025/train_audio/smbani/XC377900.ogg,Aves,7.36653125
smbani,smbani/XC386463.ogg,5.0,4.3574,-75.1177,birdclef-2025/train_audio/smbani/XC386463.ogg,Aves,19.536
smbani,smbani/XC387590.ogg,5.0,3.6167,-53.2001,birdclef-2025/train_audio/smbani/XC387590.ogg,Aves,6.16490625
smbani,smbani/XC387845.ogg,5.0,8.8085,-70.5049,birdclef-2025/train_audio/smbani/XC387845.ogg,Aves,10.318375
smbani,smbani/XC393399.ogg,4.0,-15.6361,-56.0668,birdclef-2025/train_audio/smbani/XC393399.ogg,Aves,13.84490625
smbani,smbani/XC400252.ogg,4.0,-15.6421,-57.1899,birdclef-2025/train_audio/smbani/XC400252.ogg,Aves,9.76978125
smbani,smbani/XC411279.ogg,5.0,-25.0126,-47.9339,birdclef-2025/train_audio/smbani/XC411279.ogg,Aves,10.9975625
smbani,smbani/XC411526.ogg,4.0,16.4619,-85.87,birdclef-2025/train_audio/smbani/XC411526.ogg,Aves,11.04978125
smbani,smbani/XC421476.ogg,4.0,-15.9693,-39.5321,birdclef-2025/train_audio/smbani/XC421476.ogg,Aves,6.9746875
smbani,smbani/XC423506.ogg,5.0,-14.625,-49.0051,birdclef-2025/train_audio/smbani/XC423506.ogg,Aves,11.99021875
smbani,smbani/XC427264.ogg,5.0,-7.0849,-40.0832,birdclef-2025/train_audio/smbani/XC427264.ogg,Aves,15.9085625
smbani,smbani/XC429065.ogg,5.0,30.4084,-88.9518,birdclef-2025/train_audio/smbani/XC429065.ogg,Aves,7.776
smbani,smbani/XC454604.ogg,4.0,-27.7001,-57.1834,birdclef-2025/train_audio/smbani/XC454604.ogg,Aves,17.748
smbani,smbani/XC456654.ogg,4.0,4.7175,-75.6242,birdclef-2025/train_audio/smbani/XC456654.ogg,Aves,14.39346875
smbani,smbani/XC50491.ogg,4.0,-22.1931,-63.9445,birdclef-2025/train_audio/smbani/XC50491.ogg,Aves,11.25878125
smbani,smbani/XC50492.ogg,4.0,-22.1931,-63.9445,birdclef-2025/train_audio/smbani/XC50492.ogg,Aves,3.3175625
smbani,smbani/XC521786.ogg,4.0,-27.1747,-48.5102,birdclef-2025/train_audio/smbani/XC521786.ogg,Aves,2.22040625
smbani,smbani/XC526652.ogg,4.0,-22.9511,-43.0384,birdclef-2025/train_audio/smbani/XC526652.ogg,Aves,3.787
smbani,smbani/XC532797.ogg,4.0,7.4661,-72.8494,birdclef-2025/train_audio/smbani/XC532797.ogg,Aves,11.04978125
smbani,smbani/XC549957.ogg,5.0,-26.5723,-53.8018,birdclef-2025/train_audio/smbani/XC549957.ogg,Aves,6.456
smbani,smbani/XC549959.ogg,4.0,-26.5723,-53.8018,birdclef-2025/train_audio/smbani/XC549959.ogg,Aves,11.328
smbani,smbani/XC577135.ogg,4.0,5.1336,-74.3508,birdclef-2025/train_audio/smbani/XC577135.ogg,Aves,19.32
smbani,smbani/XC589584.ogg,5.0,-9.626,-35.8062,birdclef-2025/train_audio/smbani/XC589584.ogg,Aves,12.3036875
smbani,smbani/XC593348.ogg,4.0,-0.7485,-90.3215,birdclef-2025/train_audio/smbani/XC593348.ogg,Aves,1.8546875
smbani,smbani/XC607627.ogg,5.0,-3.2502,-59.972,birdclef-2025/train_audio/smbani/XC607627.ogg,Aves,6.347
smbani,smbani/XC607831.ogg,4.0,0.6513,-77.0739,birdclef-2025/train_audio/smbani/XC607831.ogg,Aves,17.808
smbani,smbani/XC614559.ogg,5.0,1.4501,-75.6622,birdclef-2025/train_audio/smbani/XC614559.ogg,Aves,7.62775
smbani,smbani/XC645167.ogg,5.0,-22.9511,-43.0384,birdclef-2025/train_audio/smbani/XC645167.ogg,Aves,4.056
smbani,smbani/XC646545.ogg,5.0,-9.626,-35.8062,birdclef-2025/train_audio/smbani/XC646545.ogg,Aves,14.55021875
smbani,smbani/XC67159.ogg,4.0,27.2012,-80.2224,birdclef-2025/train_audio/smbani/XC67159.ogg,Aves,6.478375
smbani,smbani/XC699663.ogg,4.0,-16.0538,-49.604,birdclef-2025/train_audio/smbani/XC699663.ogg,Aves,6.00815625
smbani,smbani/XC702060.ogg,5.0,-13.7656,-66.1005,birdclef-2025/train_audio/smbani/XC702060.ogg,Aves,12.624
smbani,smbani/XC723784.ogg,4.0,8.5685,-80.2768,birdclef-2025/train_audio/smbani/XC723784.ogg,Aves,13.896
smbani,smbani/XC741876.ogg,4.0,-16.5456,-49.1572,birdclef-2025/train_audio/smbani/XC741876.ogg,Aves,4.5453125
smbani,smbani/XC793130.ogg,4.0,-13.3558,-47.2809,birdclef-2025/train_audio/smbani/XC793130.ogg,Aves,14.1845
smbani,smbani/XC818680.ogg,4.0,-25.6823,-54.4543,birdclef-2025/train_audio/smbani/XC818680.ogg,Aves,12.56
smbani,smbani/XC830003.ogg,4.0,20.5383,-86.8947,birdclef-2025/train_audio/smbani/XC830003.ogg,Aves,5.31084375
smbani,smbani/XC855927.ogg,4.0,-16.6414,-39.1405,birdclef-2025/train_audio/smbani/XC855927.ogg,Aves,10.0706875
smbani,smbani/XC863854.ogg,4.0,-18.9287,-51.679,birdclef-2025/train_audio/smbani/XC863854.ogg,Aves,4.493
smbani,smbani/XC877941.ogg,4.0,3.8628,-53.3918,birdclef-2025/train_audio/smbani/XC877941.ogg,Aves,9.456
smbani,smbani/XC879301.ogg,4.0,-19.5723,-56.2539,birdclef-2025/train_audio/smbani/XC879301.ogg,Aves,12.75846875
smbani,smbani/XC920696.ogg,5.0,-16.5849,-49.1211,birdclef-2025/train_audio/smbani/XC920696.ogg,Aves,10.370625
smbani,smbani/XC946062.ogg,4.0,3.5026,-76.3552,birdclef-2025/train_audio/smbani/XC946062.ogg,Aves,8.73303125
smbani,smbani/XC959180.ogg,4.0,-27.3597,-55.9097,birdclef-2025/train_audio/smbani/XC959180.ogg,Aves,11.6
snoegr,snoegr/XC143585.ogg,4.0,28.2267,-80.7645,birdclef-2025/train_audio/snoegr/XC143585.ogg,Aves,3.96
snoegr,snoegr/XC143586.ogg,5.0,28.2267,-80.7645,birdclef-2025/train_audio/snoegr/XC143586.ogg,Aves,10.56
snoegr,snoegr/XC143587.ogg,5.0,28.2267,-80.7645,birdclef-2025/train_audio/snoegr/XC143587.ogg,Aves,11.04
snoegr,snoegr/XC143588.ogg,4.0,28.2267,-80.7645,birdclef-2025/train_audio/snoegr/XC143588.ogg,Aves,6.0
snoegr,snoegr/XC143589.ogg,4.0,28.6812,-80.6943,birdclef-2025/train_audio/snoegr/XC143589.ogg,Aves,8.4
snoegr,snoegr/XC143590.ogg,4.0,28.6812,-80.6943,birdclef-2025/train_audio/snoegr/XC143590.ogg,Aves,4.8
snoegr,snoegr/XC143592.ogg,4.0,28.2267,-80.7645,birdclef-2025/train_audio/snoegr/XC143592.ogg,Aves,15.048
snoegr,snoegr/XC143593.ogg,5.0,28.2267,-80.7645,birdclef-2025/train_audio/snoegr/XC143593.ogg,Aves,16.92
snoegr,snoegr/XC143594.ogg,4.0,28.2267,-80.7645,birdclef-2025/train_audio/snoegr/XC143594.ogg,Aves,6.456
snoegr,snoegr/XC143595.ogg,5.0,28.2267,-80.7645,birdclef-2025/train_audio/snoegr/XC143595.ogg,Aves,8.496
snoegr,snoegr/XC180923.ogg,4.0,-6.921,-79.875,birdclef-2025/train_audio/snoegr/XC180923.ogg,Aves,5.7469375
snoegr,snoegr/XC188002.ogg,4.0,33.3896,-112.2599,birdclef-2025/train_audio/snoegr/XC188002.ogg,Aves,3.78775
snoegr,snoegr/XC193104.ogg,4.0,26.4873,-80.161,birdclef-2025/train_audio/snoegr/XC193104.ogg,Aves,4.92
snoegr,snoegr/XC257311.ogg,5.0,-0.703,-80.2,birdclef-2025/train_audio/snoegr/XC257311.ogg,Aves,9.5346875
snoegr,snoegr/XC257312.ogg,5.0,-0.703,-80.2,birdclef-2025/train_audio/snoegr/XC257312.ogg,Aves,7.41878125
snoegr,snoegr/XC257313.ogg,5.0,-0.703,-80.2,birdclef-2025/train_audio/snoegr/XC257313.ogg,Aves,8.2285625
snoegr,snoegr/XC324720.ogg,4.0,33.2215,-115.5825,birdclef-2025/train_audio/snoegr/XC324720.ogg,Aves,4.44
snoegr,snoegr/XC324722.ogg,4.0,33.1612,-115.6414,birdclef-2025/train_audio/snoegr/XC324722.ogg,Aves,4.944
snoegr,snoegr/XC345867.ogg,5.0,28.229,-80.813,birdclef-2025/train_audio/snoegr/XC345867.ogg,Aves,6.408
snoegr,snoegr/XC363096.ogg,4.0,28.2267,-80.7645,birdclef-2025/train_audio/snoegr/XC363096.ogg,Aves,4.44
snoegr,snoegr/XC407345.ogg,4.0,-1.6779,-80.7952,birdclef-2025/train_audio/snoegr/XC407345.ogg,Aves,7.152
snoegr,snoegr/XC426210.ogg,5.0,-16.5728,-49.3122,birdclef-2025/train_audio/snoegr/XC426210.ogg,Aves,6.08653125
snoegr,snoegr/XC443383.ogg,5.0,-14.625,-49.0051,birdclef-2025/train_audio/snoegr/XC443383.ogg,Aves,5.17225
snoegr,snoegr/XC443384.ogg,5.0,-14.625,-49.0051,birdclef-2025/train_audio/snoegr/XC443384.ogg,Aves,6.06040625
snoegr,snoegr/XC452102.ogg,5.0,33.2016,-115.597,birdclef-2025/train_audio/snoegr/XC452102.ogg,Aves,9.456
snoegr,snoegr/XC457117.ogg,5.0,19.3893,-100.4005,birdclef-2025/train_audio/snoegr/XC457117.ogg,Aves,2.24653125
snoegr,snoegr/XC459079.ogg,4.0,32.564,-117.1256,birdclef-2025/train_audio/snoegr/XC459079.ogg,Aves,4.728
snoegr,snoegr/XC481926.ogg,4.0,32.5752,-117.1237,birdclef-2025/train_audio/snoegr/XC481926.ogg,Aves,10.944
snoegr,snoegr/XC481927.ogg,5.0,32.5752,-117.1237,birdclef-2025/train_audio/snoegr/XC481927.ogg,Aves,11.496
snoegr,snoegr/XC501091.ogg,5.0,13.3205,-59.6173,birdclef-2025/train_audio/snoegr/XC501091.ogg,Aves,8.88
snoegr,snoegr/XC511511.ogg,5.0,33.3613,-111.7325,birdclef-2025/train_audio/snoegr/XC511511.ogg,Aves,3.761
snoegr,snoegr/XC577086.ogg,5.0,-22.9511,-43.0384,birdclef-2025/train_audio/snoegr/XC577086.ogg,Aves,13.975
snoegr,snoegr/XC654328.ogg,5.0,-16.7546,-56.8813,birdclef-2025/train_audio/snoegr/XC654328.ogg,Aves,6.21715625
snoegr,snoegr/XC661724.ogg,4.0,32.1119,-115.2471,birdclef-2025/train_audio/snoegr/XC661724.ogg,Aves,9.048
snoegr,snoegr/XC704989.ogg,4.0,-31.1896,-59.9633,birdclef-2025/train_audio/snoegr/XC704989.ogg,Aves,17.58
snoegr,snoegr/XC704992.ogg,5.0,-31.1896,-59.9633,birdclef-2025/train_audio/snoegr/XC704992.ogg,Aves,5.799
snoegr,snoegr/XC705547.ogg,4.0,26.0062,-81.2432,birdclef-2025/train_audio/snoegr/XC705547.ogg,Aves,15.528
snoegr,snoegr/XC705550.ogg,5.0,26.0062,-81.2432,birdclef-2025/train_audio/snoegr/XC705550.ogg,Aves,15.072
snoegr,snoegr/XC705551.ogg,5.0,26.0062,-81.2432,birdclef-2025/train_audio/snoegr/XC705551.ogg,Aves,12.768
snoegr,snoegr/XC777272.ogg,4.0,-1.6666,-80.75,birdclef-2025/train_audio/snoegr/XC777272.ogg,Aves,3.0134375
snoegr,snoegr/XC777273.ogg,4.0,-1.6666,-80.75,birdclef-2025/train_audio/snoegr/XC777273.ogg,Aves,3.0134375
snoegr,snoegr/XC811614.ogg,4.0,-30.9035,-57.9356,birdclef-2025/train_audio/snoegr/XC811614.ogg,Aves,17.551
snoegr,snoegr/XC940073.ogg,5.0,-16.5728,-49.3122,birdclef-2025/train_audio/snoegr/XC940073.ogg,Aves,2.168
snoegr,snoegr/XC940074.ogg,4.5,-16.5728,-49.3122,birdclef-2025/train_audio/snoegr/XC940074.ogg,Aves,2.951
snoegr,snoegr/XC946082.ogg,4.0,3.5026,-76.3552,birdclef-2025/train_audio/snoegr/XC946082.ogg,Aves,2.13325
snoegr,snoegr/XC946083.ogg,4.0,3.5026,-76.3552,birdclef-2025/train_audio/snoegr/XC946083.ogg,Aves,3.07696875
snoegr,snoegr/XC946084.ogg,4.0,3.5026,-76.3552,birdclef-2025/train_audio/snoegr/XC946084.ogg,Aves,4.3158125
snoegr,snoegr/XC946085.ogg,4.0,3.5026,-76.3552,birdclef-2025/train_audio/snoegr/XC946085.ogg,Aves,1.01921875
snoegr,snoegr/XC946086.ogg,4.0,3.5026,-76.3552,birdclef-2025/train_audio/snoegr/XC946086.ogg,Aves,2.61003125
sobtyr1,sobtyr1/XC115244.ogg,4.0,-20.79,-42.8882,birdclef-2025/train_audio/sobtyr1/XC115244.ogg,Aves,10.872
sobtyr1,sobtyr1/XC116106.ogg,4.0,5.1304,-68.3063,birdclef-2025/train_audio/sobtyr1/XC116106.ogg,Aves,13.9755
sobtyr1,sobtyr1/XC118094.ogg,4.0,-0.0501,-78.7735,birdclef-2025/train_audio/sobtyr1/XC118094.ogg,Aves,15.792
sobtyr1,sobtyr1/XC129972.ogg,4.0,4.6717,-75.6283,birdclef-2025/train_audio/sobtyr1/XC129972.ogg,Aves,10.318375
sobtyr1,sobtyr1/XC135349.ogg,5.0,-5.3167,-76.2834,birdclef-2025/train_audio/sobtyr1/XC135349.ogg,Aves,13.92325
sobtyr1,sobtyr1/XC144164.ogg,4.0,-2.9578,-58.348,birdclef-2025/train_audio/sobtyr1/XC144164.ogg,Aves,12.9045
sobtyr1,sobtyr1/XC150916.ogg,5.0,-26.3247,-53.2885,birdclef-2025/train_audio/sobtyr1/XC150916.ogg,Aves,18.28571875
sobtyr1,sobtyr1/XC157391.ogg,4.0,-26.4944,-52.2086,birdclef-2025/train_audio/sobtyr1/XC157391.ogg,Aves,10.39675
sobtyr1,sobtyr1/XC176886.ogg,5.0,-26.995,-50.014,birdclef-2025/train_audio/sobtyr1/XC176886.ogg,Aves,12.48653125
sobtyr1,sobtyr1/XC1769.ogg,4.0,-18.1884,-63.8792,birdclef-2025/train_audio/sobtyr1/XC1769.ogg,Aves,19.330625
sobtyr1,sobtyr1/XC190823.ogg,4.0,-27.6393,-48.497,birdclef-2025/train_audio/sobtyr1/XC190823.ogg,Aves,16.97959375
sobtyr1,sobtyr1/XC193223.ogg,5.0,-29.4549,-51.9966,birdclef-2025/train_audio/sobtyr1/XC193223.ogg,Aves,13.949375
sobtyr1,sobtyr1/XC206143.ogg,5.0,-4.257,-79.2162,birdclef-2025/train_audio/sobtyr1/XC206143.ogg,Aves,6.21715625
sobtyr1,sobtyr1/XC206698.ogg,5.0,-4.257,-79.2175,birdclef-2025/train_audio/sobtyr1/XC206698.ogg,Aves,13.87103125
sobtyr1,sobtyr1/XC214765.ogg,4.0,7.5591,-60.9225,birdclef-2025/train_audio/sobtyr1/XC214765.ogg,Aves,7.86284375
sobtyr1,sobtyr1/XC233466.ogg,5.0,-4.3428,-80.3068,birdclef-2025/train_audio/sobtyr1/XC233466.ogg,Aves,14.7069375
sobtyr1,sobtyr1/XC234335.ogg,4.0,-31.4503,-57.9801,birdclef-2025/train_audio/sobtyr1/XC234335.ogg,Aves,11.83346875
sobtyr1,sobtyr1/XC2420.ogg,4.0,-11.0192,-66.0987,birdclef-2025/train_audio/sobtyr1/XC2420.ogg,Aves,12.1469375
sobtyr1,sobtyr1/XC246992.ogg,4.0,-0.0523,-78.7764,birdclef-2025/train_audio/sobtyr1/XC246992.ogg,Aves,8.04571875
sobtyr1,sobtyr1/XC247195.ogg,4.0,5.9507,-61.4304,birdclef-2025/train_audio/sobtyr1/XC247195.ogg,Aves,2.74284375
sobtyr1,sobtyr1/XC248624.ogg,5.0,-0.198,-78.385,birdclef-2025/train_audio/sobtyr1/XC248624.ogg,Aves,12.59103125
sobtyr1,sobtyr1/XC248625.ogg,5.0,-0.198,-78.385,birdclef-2025/train_audio/sobtyr1/XC248625.ogg,Aves,10.05715625
sobtyr1,sobtyr1/XC249624.ogg,4.0,-1.691,-80.595,birdclef-2025/train_audio/sobtyr1/XC249624.ogg,Aves,9.76978125
sobtyr1,sobtyr1/XC249723.ogg,4.0,-2.159,-80.037,birdclef-2025/train_audio/sobtyr1/XC249723.ogg,Aves,9.0645
sobtyr1,sobtyr1/XC257090.ogg,5.0,-6.733,-76.383,birdclef-2025/train_audio/sobtyr1/XC257090.ogg,Aves,12.61715625
sobtyr1,sobtyr1/XC258677.ogg,5.0,-0.601,-75.244,birdclef-2025/train_audio/sobtyr1/XC258677.ogg,Aves,13.16571875
sobtyr1,sobtyr1/XC258678.ogg,5.0,-0.267,-75.883,birdclef-2025/train_audio/sobtyr1/XC258678.ogg,Aves,9.24734375
sobtyr1,sobtyr1/XC258681.ogg,5.0,-0.017,-78.685,birdclef-2025/train_audio/sobtyr1/XC258681.ogg,Aves,9.038375
sobtyr1,sobtyr1/XC258683.ogg,5.0,-0.32,-79.018,birdclef-2025/train_audio/sobtyr1/XC258683.ogg,Aves,16.90121875
sobtyr1,sobtyr1/XC258686.ogg,5.0,-4.467,-80.4,birdclef-2025/train_audio/sobtyr1/XC258686.ogg,Aves,18.88653125
sobtyr1,sobtyr1/XC285170.ogg,5.0,-22.4001,-44.6667,birdclef-2025/train_audio/sobtyr1/XC285170.ogg,Aves,10.55346875
sobtyr1,sobtyr1/XC288156.ogg,4.0,-22.4508,-42.7735,birdclef-2025/train_audio/sobtyr1/XC288156.ogg,Aves,5.8514375
sobtyr1,sobtyr1/XC288778.ogg,5.0,-32.144,-53.728,birdclef-2025/train_audio/sobtyr1/XC288778.ogg,Aves,11.67675
sobtyr1,sobtyr1/XC304997.ogg,5.0,-0.1896,-78.353,birdclef-2025/train_audio/sobtyr1/XC304997.ogg,Aves,9.79590625
sobtyr1,sobtyr1/XC320634.ogg,4.0,-24.1029,-52.3171,birdclef-2025/train_audio/sobtyr1/XC320634.ogg,Aves,13.11346875
sobtyr1,sobtyr1/XC336333.ogg,4.0,9.1332,-79.7195,birdclef-2025/train_audio/sobtyr1/XC336333.ogg,Aves,18.5730625
sobtyr1,sobtyr1/XC336406.ogg,4.0,8.6076,-80.1283,birdclef-2025/train_audio/sobtyr1/XC336406.ogg,Aves,18.6253125
sobtyr1,sobtyr1/XC337229.ogg,4.0,-20.11,-43.491,birdclef-2025/train_audio/sobtyr1/XC337229.ogg,Aves,12.95675
sobtyr1,sobtyr1/XC339551.ogg,5.0,-15.565,-40.4213,birdclef-2025/train_audio/sobtyr1/XC339551.ogg,Aves,18.24
sobtyr1,sobtyr1/XC341386.ogg,5.0,-4.8017,-79.1306,birdclef-2025/train_audio/sobtyr1/XC341386.ogg,Aves,17.63265625
sobtyr1,sobtyr1/XC355955.ogg,4.0,-3.8983,-80.087,birdclef-2025/train_audio/sobtyr1/XC355955.ogg,Aves,3.39590625
sobtyr1,sobtyr1/XC376471.ogg,4.0,4.4667,-75.2001,birdclef-2025/train_audio/sobtyr1/XC376471.ogg,Aves,2.88
sobtyr1,sobtyr1/XC418887.ogg,4.0,-21.0944,-52.4465,birdclef-2025/train_audio/sobtyr1/XC418887.ogg,Aves,4.104
sobtyr1,sobtyr1/XC419304.ogg,5.0,-14.625,-49.0051,birdclef-2025/train_audio/sobtyr1/XC419304.ogg,Aves,7.39265625
sobtyr1,sobtyr1/XC419306.ogg,5.0,-14.625,-49.0051,birdclef-2025/train_audio/sobtyr1/XC419306.ogg,Aves,14.106125
sobtyr1,sobtyr1/XC422602.ogg,4.0,-17.3596,-39.4266,birdclef-2025/train_audio/sobtyr1/XC422602.ogg,Aves,3.408
sobtyr1,sobtyr1/XC425300.ogg,4.0,-22.9529,-43.16,birdclef-2025/train_audio/sobtyr1/XC425300.ogg,Aves,15.2555
sobtyr1,sobtyr1/XC428395.ogg,5.0,4.351,-74.652,birdclef-2025/train_audio/sobtyr1/XC428395.ogg,Aves,9.7175625
sobtyr1,sobtyr1/XC431047.ogg,4.0,-27.4257,-59.0244,birdclef-2025/train_audio/sobtyr1/XC431047.ogg,Aves,10.116
sobtyr1,sobtyr1/XC431411.ogg,5.0,5.4159,-71.5964,birdclef-2025/train_audio/sobtyr1/XC431411.ogg,Aves,5.088
sobtyr1,sobtyr1/XC438127.ogg,4.0,5.6595,-72.0904,birdclef-2025/train_audio/sobtyr1/XC438127.ogg,Aves,1.123
sobtyr1,sobtyr1/XC450811.ogg,4.0,4.8313,-52.2973,birdclef-2025/train_audio/sobtyr1/XC450811.ogg,Aves,19.9053125
sobtyr1,sobtyr1/XC455715.ogg,4.0,3.3821,-61.4464,birdclef-2025/train_audio/sobtyr1/XC455715.ogg,Aves,16.056
sobtyr1,sobtyr1/XC482382.ogg,4.0,-11.7911,-38.3563,birdclef-2025/train_audio/sobtyr1/XC482382.ogg,Aves,3.696
sobtyr1,sobtyr1/XC488920.ogg,4.0,6.9001,-61.2501,birdclef-2025/train_audio/sobtyr1/XC488920.ogg,Aves,5.9036875
sobtyr1,sobtyr1/XC493813.ogg,4.0,-3.2063,-60.1783,birdclef-2025/train_audio/sobtyr1/XC493813.ogg,Aves,3.89225
sobtyr1,sobtyr1/XC50527.ogg,4.0,-34.2342,-58.8861,birdclef-2025/train_audio/sobtyr1/XC50527.ogg,Aves,3.813875
sobtyr1,sobtyr1/XC50528.ogg,4.0,-22.1931,-63.9445,birdclef-2025/train_audio/sobtyr1/XC50528.ogg,Aves,13.728
sobtyr1,sobtyr1/XC52703.ogg,4.0,4.5331,-75.4167,birdclef-2025/train_audio/sobtyr1/XC52703.ogg,Aves,6.71346875
sobtyr1,sobtyr1/XC534552.ogg,4.5,4.351,-74.652,birdclef-2025/train_audio/sobtyr1/XC534552.ogg,Aves,6.2955
sobtyr1,sobtyr1/XC536528.ogg,5.0,-25.8667,-54.1667,birdclef-2025/train_audio/sobtyr1/XC536528.ogg,Aves,3.0824375
sobtyr1,sobtyr1/XC546512.ogg,4.0,-0.0988,-78.4129,birdclef-2025/train_audio/sobtyr1/XC546512.ogg,Aves,4.296
sobtyr1,sobtyr1/XC552932.ogg,4.0,-30.8899,-58.4855,birdclef-2025/train_audio/sobtyr1/XC552932.ogg,Aves,8.3853125
sobtyr1,sobtyr1/XC560654.ogg,4.0,4.351,-74.652,birdclef-2025/train_audio/sobtyr1/XC560654.ogg,Aves,18.264
sobtyr1,sobtyr1/XC580800.ogg,5.0,6.0657,-74.5072,birdclef-2025/train_audio/sobtyr1/XC580800.ogg,Aves,9.7436875
sobtyr1,sobtyr1/XC589601.ogg,5.0,2.1869,-75.5584,birdclef-2025/train_audio/sobtyr1/XC589601.ogg,Aves,9.29959375
sobtyr1,sobtyr1/XC591000.ogg,5.0,-34.6081,-58.3509,birdclef-2025/train_audio/sobtyr1/XC591000.ogg,Aves,15.9056875
sobtyr1,sobtyr1/XC592836.ogg,5.0,-25.0719,-58.141,birdclef-2025/train_audio/sobtyr1/XC592836.ogg,Aves,5.7991875
sobtyr1,sobtyr1/XC593033.ogg,5.0,-0.1865,-78.4849,birdclef-2025/train_audio/sobtyr1/XC593033.ogg,Aves,7.99346875
sobtyr1,sobtyr1/XC602556.ogg,5.0,-1.6759,-80.8144,birdclef-2025/train_audio/sobtyr1/XC602556.ogg,Aves,15.9346875
sobtyr1,sobtyr1/XC605758.ogg,5.0,3.6282,-76.4497,birdclef-2025/train_audio/sobtyr1/XC605758.ogg,Aves,4.4146875
sobtyr1,sobtyr1/XC612768.ogg,5.0,4.7298,-58.7304,birdclef-2025/train_audio/sobtyr1/XC612768.ogg,Aves,6.768
sobtyr1,sobtyr1/XC627417.ogg,5.0,1.4898,-75.6801,birdclef-2025/train_audio/sobtyr1/XC627417.ogg,Aves,7.91509375
sobtyr1,sobtyr1/XC640874.ogg,4.0,4.9793,-75.5386,birdclef-2025/train_audio/sobtyr1/XC640874.ogg,Aves,16.512
sobtyr1,sobtyr1/XC642669.ogg,5.0,1.4898,-75.6801,birdclef-2025/train_audio/sobtyr1/XC642669.ogg,Aves,5.8253125
sobtyr1,sobtyr1/XC647056.ogg,5.0,-22.9249,-42.9889,birdclef-2025/train_audio/sobtyr1/XC647056.ogg,Aves,14.88
sobtyr1,sobtyr1/XC653902.ogg,5.0,-13.4557,-62.0139,birdclef-2025/train_audio/sobtyr1/XC653902.ogg,Aves,17.554
sobtyr1,sobtyr1/XC653903.ogg,5.0,-13.4557,-62.0139,birdclef-2025/train_audio/sobtyr1/XC653903.ogg,Aves,15.046
sobtyr1,sobtyr1/XC66086.ogg,4.5,10.4167,-67.7834,birdclef-2025/train_audio/sobtyr1/XC66086.ogg,Aves,7.49715625
sobtyr1,sobtyr1/XC682254.ogg,5.0,-0.954,-80.7071,birdclef-2025/train_audio/sobtyr1/XC682254.ogg,Aves,18.504
sobtyr1,sobtyr1/XC687775.ogg,4.0,-25.6558,-61.9969,birdclef-2025/train_audio/sobtyr1/XC687775.ogg,Aves,5.38121875
sobtyr1,sobtyr1/XC694511.ogg,5.0,-1.679,-80.8121,birdclef-2025/train_audio/sobtyr1/XC694511.ogg,Aves,7.872
sobtyr1,sobtyr1/XC694919.ogg,4.0,-0.954,-80.7071,birdclef-2025/train_audio/sobtyr1/XC694919.ogg,Aves,7.44
sobtyr1,sobtyr1/XC696141.ogg,5.0,-31.7458,-65.0139,birdclef-2025/train_audio/sobtyr1/XC696141.ogg,Aves,4.5453125
sobtyr1,sobtyr1/XC697144.ogg,5.0,-9.5894,-35.721,birdclef-2025/train_audio/sobtyr1/XC697144.ogg,Aves,10.03103125
sobtyr1,sobtyr1/XC702457.ogg,4.0,-13.7656,-66.1005,birdclef-2025/train_audio/sobtyr1/XC702457.ogg,Aves,18.24
sobtyr1,sobtyr1/XC70852.ogg,4.0,-23.46,-46.638,birdclef-2025/train_audio/sobtyr1/XC70852.ogg,Aves,11.93796875
sobtyr1,sobtyr1/XC728396.ogg,4.0,-16.3875,-39.1689,birdclef-2025/train_audio/sobtyr1/XC728396.ogg,Aves,2.856
sobtyr1,sobtyr1/XC728447.ogg,4.0,-12.5517,-41.3984,birdclef-2025/train_audio/sobtyr1/XC728447.ogg,Aves,5.302
sobtyr1,sobtyr1/XC737422.ogg,4.0,-17.1888,-48.7335,birdclef-2025/train_audio/sobtyr1/XC737422.ogg,Aves,9.19509375
sobtyr1,sobtyr1/XC741871.ogg,4.0,-16.5456,-49.1572,birdclef-2025/train_audio/sobtyr1/XC741871.ogg,Aves,7.1053125
sobtyr1,sobtyr1/XC749741.ogg,5.0,9.4939,-84.048,birdclef-2025/train_audio/sobtyr1/XC749741.ogg,Aves,13.368
sobtyr1,sobtyr1/XC760640.ogg,4.5,-32.8606,-60.6486,birdclef-2025/train_audio/sobtyr1/XC760640.ogg,Aves,5.47003125
sobtyr1,sobtyr1/XC763959.ogg,5.0,-32.8606,-60.6486,birdclef-2025/train_audio/sobtyr1/XC763959.ogg,Aves,9.06003125
sobtyr1,sobtyr1/XC767408.ogg,5.0,-0.954,-80.7071,birdclef-2025/train_audio/sobtyr1/XC767408.ogg,Aves,7.44
sobtyr1,sobtyr1/XC767432.ogg,5.0,-0.9541,-80.7071,birdclef-2025/train_audio/sobtyr1/XC767432.ogg,Aves,16.704
sobtyr1,sobtyr1/XC771586.ogg,4.0,4.843,-75.8187,birdclef-2025/train_audio/sobtyr1/XC771586.ogg,Aves,6.426125
sobtyr1,sobtyr1/XC783230.ogg,4.0,-11.8925,-55.6546,birdclef-2025/train_audio/sobtyr1/XC783230.ogg,Aves,7.758
sobtyr1,sobtyr1/XC786320.ogg,5.0,-6.6311,-35.9071,birdclef-2025/train_audio/sobtyr1/XC786320.ogg,Aves,17.188
sobtyr1,sobtyr1/XC81498.ogg,5.0,-12.5167,-41.4334,birdclef-2025/train_audio/sobtyr1/XC81498.ogg,Aves,15.54284375
sobtyr1,sobtyr1/XC81500.ogg,4.0,-12.5834,-41.3667,birdclef-2025/train_audio/sobtyr1/XC81500.ogg,Aves,8.09796875
sobtyr1,sobtyr1/XC81501.ogg,4.0,-12.5834,-41.3667,birdclef-2025/train_audio/sobtyr1/XC81501.ogg,Aves,19.7224375
sobtyr1,sobtyr1/XC816682.ogg,4.0,4.843,-75.8187,birdclef-2025/train_audio/sobtyr1/XC816682.ogg,Aves,14.001625
sobtyr1,sobtyr1/XC817248.ogg,5.0,-6.3776,-47.4047,birdclef-2025/train_audio/sobtyr1/XC817248.ogg,Aves,15.673
sobtyr1,sobtyr1/XC834907.ogg,4.0,-31.4072,-64.5041,birdclef-2025/train_audio/sobtyr1/XC834907.ogg,Aves,12.486
sobtyr1,sobtyr1/XC857552.ogg,4.0,-16.0781,-50.218,birdclef-2025/train_audio/sobtyr1/XC857552.ogg,Aves,2.69
sobtyr1,sobtyr1/XC858385.ogg,4.0,-0.1904,-78.3493,birdclef-2025/train_audio/sobtyr1/XC858385.ogg,Aves,14.46603125
sobtyr1,sobtyr1/XC872114.ogg,5.0,-0.954,-80.7071,birdclef-2025/train_audio/sobtyr1/XC872114.ogg,Aves,15.408
sobtyr1,sobtyr1/XC872121.ogg,5.0,-0.954,-80.7071,birdclef-2025/train_audio/sobtyr1/XC872121.ogg,Aves,8.064
sobtyr1,sobtyr1/XC890944.ogg,4.0,-29.9267,-50.6676,birdclef-2025/train_audio/sobtyr1/XC890944.ogg,Aves,9.5298125
sobtyr1,sobtyr1/XC898438.ogg,5.0,-12.3747,-44.9552,birdclef-2025/train_audio/sobtyr1/XC898438.ogg,Aves,3.134
sobtyr1,sobtyr1/XC911963.ogg,5.0,-0.0553,-78.7704,birdclef-2025/train_audio/sobtyr1/XC911963.ogg,Aves,4.72515625
sobtyr1,sobtyr1/XC912017.ogg,5.0,-0.0553,-78.7704,birdclef-2025/train_audio/sobtyr1/XC912017.ogg,Aves,4.8593125
sobtyr1,sobtyr1/XC927010.ogg,5.0,-26.7756,-48.7144,birdclef-2025/train_audio/sobtyr1/XC927010.ogg,Aves,10.501
sobtyr1,sobtyr1/XC931258.ogg,5.0,-16.5631,-49.285,birdclef-2025/train_audio/sobtyr1/XC931258.ogg,Aves,16.352
sobtyr1,sobtyr1/XC933711.ogg,4.0,-34.5968,-58.4821,birdclef-2025/train_audio/sobtyr1/XC933711.ogg,Aves,3.0824375
sobtyr1,sobtyr1/XC946036.ogg,4.0,3.5026,-76.3552,birdclef-2025/train_audio/sobtyr1/XC946036.ogg,Aves,4.300125
sobtyr1,sobtyr1/XC946037.ogg,4.0,3.5026,-76.3552,birdclef-2025/train_audio/sobtyr1/XC946037.ogg,Aves,3.1604375
sobtyr1,sobtyr1/XC946038.ogg,4.0,3.5026,-76.3552,birdclef-2025/train_audio/sobtyr1/XC946038.ogg,Aves,1.97771875
sobtyr1,sobtyr1/XC946039.ogg,4.0,3.5026,-76.3552,birdclef-2025/train_audio/sobtyr1/XC946039.ogg,Aves,1.59390625
sobtyr1,sobtyr1/XC958196.ogg,4.0,3.4763,-76.5323,birdclef-2025/train_audio/sobtyr1/XC958196.ogg,Aves,14.210625
socfly1,socfly1/XC115314.ogg,4.0,-20.79,-42.8882,birdclef-2025/train_audio/socfly1/XC115314.ogg,Aves,3.709375
socfly1,socfly1/XC116944.ogg,4.5,-20.79,-42.8882,birdclef-2025/train_audio/socfly1/XC116944.ogg,Aves,10.370625
socfly1,socfly1/XC123477.ogg,5.0,-19.4148,-40.188,birdclef-2025/train_audio/socfly1/XC123477.ogg,Aves,9.29959375
socfly1,socfly1/XC126194.ogg,4.0,14.5413,-90.7006,birdclef-2025/train_audio/socfly1/XC126194.ogg,Aves,6.2955
socfly1,socfly1/XC139318.ogg,5.0,13.2546,-87.3372,birdclef-2025/train_audio/socfly1/XC139318.ogg,Aves,17.304
socfly1,socfly1/XC144833.ogg,4.0,-23.2001,-46.5834,birdclef-2025/train_audio/socfly1/XC144833.ogg,Aves,18.6253125
socfly1,socfly1/XC166807.ogg,4.0,9.7798,-83.8383,birdclef-2025/train_audio/socfly1/XC166807.ogg,Aves,17.86775
socfly1,socfly1/XC166809.ogg,4.0,9.7798,-83.8383,birdclef-2025/train_audio/socfly1/XC166809.ogg,Aves,2.92571875
socfly1,socfly1/XC170116.ogg,4.0,-19.2204,-42.4832,birdclef-2025/train_audio/socfly1/XC170116.ogg,Aves,14.39346875
socfly1,socfly1/XC170117.ogg,4.0,-19.2204,-42.4832,birdclef-2025/train_audio/socfly1/XC170117.ogg,Aves,19.40896875
socfly1,socfly1/XC180683.ogg,4.0,-6.7394,-76.2311,birdclef-2025/train_audio/socfly1/XC180683.ogg,Aves,16.84896875
socfly1,socfly1/XC181078.ogg,4.0,-6.004,-77.2675,birdclef-2025/train_audio/socfly1/XC181078.ogg,Aves,9.40409375
socfly1,socfly1/XC181634.ogg,4.0,13.6998,-90.0173,birdclef-2025/train_audio/socfly1/XC181634.ogg,Aves,4.248
socfly1,socfly1/XC181682.ogg,4.0,-23.59,-46.66,birdclef-2025/train_audio/socfly1/XC181682.ogg,Aves,7.73225
socfly1,socfly1/XC194423.ogg,5.0,14.3871,-87.6153,birdclef-2025/train_audio/socfly1/XC194423.ogg,Aves,12.721625
socfly1,socfly1/XC211542.ogg,4.0,-22.3864,-47.546,birdclef-2025/train_audio/socfly1/XC211542.ogg,Aves,5.16
socfly1,socfly1/XC211767.ogg,5.0,15.5654,-87.9989,birdclef-2025/train_audio/socfly1/XC211767.ogg,Aves,4.02284375
socfly1,socfly1/XC242597.ogg,5.0,-22.4508,-42.7735,birdclef-2025/train_audio/socfly1/XC242597.ogg,Aves,6.936
socfly1,socfly1/XC249419.ogg,5.0,-0.915,-77.84,birdclef-2025/train_audio/socfly1/XC249419.ogg,Aves,14.053875
socfly1,socfly1/XC249867.ogg,4.0,-2.54,-76.859,birdclef-2025/train_audio/socfly1/XC249867.ogg,Aves,5.12
socfly1,socfly1/XC251204.ogg,5.0,-4.2487,-78.6598,birdclef-2025/train_audio/socfly1/XC251204.ogg,Aves,17.2408125
socfly1,socfly1/XC258995.ogg,4.5,-0.498,-76.373,birdclef-2025/train_audio/socfly1/XC258995.ogg,Aves,8.2808125
socfly1,socfly1/XC258997.ogg,5.0,-0.523,-76.438,birdclef-2025/train_audio/socfly1/XC258997.ogg,Aves,7.41878125
socfly1,socfly1/XC258999.ogg,4.5,0.083,-80.05,birdclef-2025/train_audio/socfly1/XC258999.ogg,Aves,16.0391875
socfly1,socfly1/XC259000.ogg,5.0,0.083,-80.05,birdclef-2025/train_audio/socfly1/XC259000.ogg,Aves,9.5608125
socfly1,socfly1/XC259001.ogg,4.5,-0.703,-80.2,birdclef-2025/train_audio/socfly1/XC259001.ogg,Aves,8.3591875
socfly1,socfly1/XC264738.ogg,4.5,0.967,-79.646,birdclef-2025/train_audio/socfly1/XC264738.ogg,Aves,17.05796875
socfly1,socfly1/XC2691.ogg,5.0,-10.983,-66.05,birdclef-2025/train_audio/socfly1/XC2691.ogg,Aves,19.121625
socfly1,socfly1/XC275463.ogg,5.0,0.883,-78.8,birdclef-2025/train_audio/socfly1/XC275463.ogg,Aves,19.8008125
socfly1,socfly1/XC288716.ogg,4.0,14.0425,-87.2198,birdclef-2025/train_audio/socfly1/XC288716.ogg,Aves,4.70203125
socfly1,socfly1/XC31466.ogg,4.0,20.8042,-86.947,birdclef-2025/train_audio/socfly1/XC31466.ogg,Aves,13.19184375
socfly1,socfly1/XC378507.ogg,4.0,10.4527,-84.7214,birdclef-2025/train_audio/socfly1/XC378507.ogg,Aves,10.7624375
socfly1,socfly1/XC395975.ogg,5.0,9.1332,-79.7195,birdclef-2025/train_audio/socfly1/XC395975.ogg,Aves,10.47509375
socfly1,socfly1/XC407816.ogg,4.0,-16.3458,-39.1395,birdclef-2025/train_audio/socfly1/XC407816.ogg,Aves,7.810625
socfly1,socfly1/XC415848.ogg,4.0,-16.6003,-49.2802,birdclef-2025/train_audio/socfly1/XC415848.ogg,Aves,5.0155
socfly1,socfly1/XC423234.ogg,5.0,20.3566,-87.3589,birdclef-2025/train_audio/socfly1/XC423234.ogg,Aves,17.005
socfly1,socfly1/XC436511.ogg,5.0,-16.6003,-49.2802,birdclef-2025/train_audio/socfly1/XC436511.ogg,Aves,1.3845
socfly1,socfly1/XC463037.ogg,4.5,-3.8162,-79.4964,birdclef-2025/train_audio/socfly1/XC463037.ogg,Aves,16.509375
socfly1,socfly1/XC46717.ogg,5.0,-25.7168,-54.4146,birdclef-2025/train_audio/socfly1/XC46717.ogg,Aves,14.55021875
socfly1,socfly1/XC46719.ogg,5.0,-25.7168,-54.4146,birdclef-2025/train_audio/socfly1/XC46719.ogg,Aves,18.86040625
socfly1,socfly1/XC469247.ogg,5.0,-25.2401,-48.759,birdclef-2025/train_audio/socfly1/XC469247.ogg,Aves,8.75103125
socfly1,socfly1/XC471367.ogg,5.0,2.5749,-54.2297,birdclef-2025/train_audio/socfly1/XC471367.ogg,Aves,5.564
socfly1,socfly1/XC479428.ogg,4.0,-9.642,-70.037,birdclef-2025/train_audio/socfly1/XC479428.ogg,Aves,18.18121875
socfly1,socfly1/XC483058.ogg,4.0,-9.95,-70.21,birdclef-2025/train_audio/socfly1/XC483058.ogg,Aves,11.28490625
socfly1,socfly1/XC486459.ogg,5.0,14.9033,-87.9534,birdclef-2025/train_audio/socfly1/XC486459.ogg,Aves,6.576
socfly1,socfly1/XC489482.ogg,4.0,10.4347,-84.7095,birdclef-2025/train_audio/socfly1/XC489482.ogg,Aves,5.736
socfly1,socfly1/XC493192.ogg,5.0,-7.0908,-48.2134,birdclef-2025/train_audio/socfly1/XC493192.ogg,Aves,17.71103125
socfly1,socfly1/XC51028.ogg,4.0,-25.7168,-54.4146,birdclef-2025/train_audio/socfly1/XC51028.ogg,Aves,9.84815625
socfly1,socfly1/XC51032.ogg,4.0,-25.7168,-54.4146,birdclef-2025/train_audio/socfly1/XC51032.ogg,Aves,3.52653125
socfly1,socfly1/XC522899.ogg,5.0,17.539,-89.1111,birdclef-2025/train_audio/socfly1/XC522899.ogg,Aves,18.4163125
socfly1,socfly1/XC539029.ogg,5.0,20.2997,-103.2637,birdclef-2025/train_audio/socfly1/XC539029.ogg,Aves,17.064
socfly1,socfly1/XC539756.ogg,5.0,17.067,-96.722,birdclef-2025/train_audio/socfly1/XC539756.ogg,Aves,5.6685625
socfly1,socfly1/XC543863.ogg,4.0,-12.858,-71.367,birdclef-2025/train_audio/socfly1/XC543863.ogg,Aves,4.96325
socfly1,socfly1/XC551763.ogg,4.0,-25.8667,-54.1667,birdclef-2025/train_audio/socfly1/XC551763.ogg,Aves,15.69959375
socfly1,socfly1/XC551765.ogg,4.5,-25.8667,-54.1667,birdclef-2025/train_audio/socfly1/XC551765.ogg,Aves,12.48653125
socfly1,socfly1/XC558078.ogg,4.0,1.4898,-75.6801,birdclef-2025/train_audio/socfly1/XC558078.ogg,Aves,2.52
socfly1,socfly1/XC559346.ogg,4.0,17.18,-96.77,birdclef-2025/train_audio/socfly1/XC559346.ogg,Aves,3.1869375
socfly1,socfly1/XC566218.ogg,4.0,15.4082,-87.8076,birdclef-2025/train_audio/socfly1/XC566218.ogg,Aves,5.112
socfly1,socfly1/XC569193.ogg,4.0,-9.459,-70.4824,birdclef-2025/train_audio/socfly1/XC569193.ogg,Aves,12.826125
socfly1,socfly1/XC592983.ogg,4.0,18.8728,-99.2004,birdclef-2025/train_audio/socfly1/XC592983.ogg,Aves,5.88
socfly1,socfly1/XC606544.ogg,4.0,18.8728,-99.2004,birdclef-2025/train_audio/socfly1/XC606544.ogg,Aves,12.552
socfly1,socfly1/XC606610.ogg,5.0,17.1255,-100.3537,birdclef-2025/train_audio/socfly1/XC606610.ogg,Aves,19.330625
socfly1,socfly1/XC618951.ogg,4.0,18.5231,-95.1437,birdclef-2025/train_audio/socfly1/XC618951.ogg,Aves,11.258
socfly1,socfly1/XC653164.ogg,5.0,-16.3658,-62.9065,birdclef-2025/train_audio/socfly1/XC653164.ogg,Aves,17.528
socfly1,socfly1/XC653167.ogg,4.5,-16.3658,-62.9065,birdclef-2025/train_audio/socfly1/XC653167.ogg,Aves,19.2
socfly1,socfly1/XC654251.ogg,4.0,-24.3701,-47.0226,birdclef-2025/train_audio/socfly1/XC654251.ogg,Aves,5.6685625
socfly1,socfly1/XC659531.ogg,5.0,-14.134,-47.514,birdclef-2025/train_audio/socfly1/XC659531.ogg,Aves,15.64734375
socfly1,socfly1/XC665690.ogg,4.0,-9.2386,-36.4172,birdclef-2025/train_audio/socfly1/XC665690.ogg,Aves,9.14284375
socfly1,socfly1/XC678059.ogg,5.0,-22.3879,-44.5473,birdclef-2025/train_audio/socfly1/XC678059.ogg,Aves,4.512
socfly1,socfly1/XC680102.ogg,4.0,18.9287,-96.8842,birdclef-2025/train_audio/socfly1/XC680102.ogg,Aves,14.6285625
socfly1,socfly1/XC688564.ogg,4.0,25.8939,-97.4888,birdclef-2025/train_audio/socfly1/XC688564.ogg,Aves,13.296
socfly1,socfly1/XC697449.ogg,4.0,-9.2524,-36.4187,birdclef-2025/train_audio/socfly1/XC697449.ogg,Aves,4.6236875
socfly1,socfly1/XC709915.ogg,4.0,19.2699,-103.7105,birdclef-2025/train_audio/socfly1/XC709915.ogg,Aves,5.4
socfly1,socfly1/XC709919.ogg,4.0,19.2699,-103.7105,birdclef-2025/train_audio/socfly1/XC709919.ogg,Aves,14.52
socfly1,socfly1/XC709921.ogg,4.0,19.2699,-103.7105,birdclef-2025/train_audio/socfly1/XC709921.ogg,Aves,8.304
socfly1,socfly1/XC71469.ogg,4.0,1.0909,-78.6906,birdclef-2025/train_audio/socfly1/XC71469.ogg,Aves,5.146125
socfly1,socfly1/XC716471.ogg,5.0,4.402,-75.0191,birdclef-2025/train_audio/socfly1/XC716471.ogg,Aves,15.696
socfly1,socfly1/XC73857.ogg,4.0,-10.8271,-66.0438,birdclef-2025/train_audio/socfly1/XC73857.ogg,Aves,16.718375
socfly1,socfly1/XC741081.ogg,5.0,-16.5456,-49.1572,birdclef-2025/train_audio/socfly1/XC741081.ogg,Aves,5.302
socfly1,socfly1/XC774129.ogg,4.0,10.2993,-84.8174,birdclef-2025/train_audio/socfly1/XC774129.ogg,Aves,11.03665625
socfly1,socfly1/XC774130.ogg,4.0,10.2993,-84.8174,birdclef-2025/train_audio/socfly1/XC774130.ogg,Aves,15.7780625
socfly1,socfly1/XC774209.ogg,4.0,17.539,-89.1111,birdclef-2025/train_audio/socfly1/XC774209.ogg,Aves,10.30096875
socfly1,socfly1/XC793178.ogg,5.0,-13.3725,-47.327,birdclef-2025/train_audio/socfly1/XC793178.ogg,Aves,14.23675
socfly1,socfly1/XC794836.ogg,4.0,-9.2856,-50.0142,birdclef-2025/train_audio/socfly1/XC794836.ogg,Aves,9.5835
socfly1,socfly1/XC797402.ogg,5.0,17.125,-89.0592,birdclef-2025/train_audio/socfly1/XC797402.ogg,Aves,3.01746875
socfly1,socfly1/XC82283.ogg,4.0,-23.4693,-45.1695,birdclef-2025/train_audio/socfly1/XC82283.ogg,Aves,18.78203125
socfly1,socfly1/XC830204.ogg,5.0,-6.0697,-50.0627,birdclef-2025/train_audio/socfly1/XC830204.ogg,Aves,1.776
socfly1,socfly1/XC830223.ogg,5.0,-6.0657,-49.9182,birdclef-2025/train_audio/socfly1/XC830223.ogg,Aves,5.903
socfly1,socfly1/XC835396.ogg,4.0,-22.2617,-44.5075,birdclef-2025/train_audio/socfly1/XC835396.ogg,Aves,12.95834375
socfly1,socfly1/XC835397.ogg,4.0,-22.2617,-44.5075,birdclef-2025/train_audio/socfly1/XC835397.ogg,Aves,12.91665625
socfly1,socfly1/XC838839.ogg,5.0,10.8564,-68.3634,birdclef-2025/train_audio/socfly1/XC838839.ogg,Aves,2.79509375
socfly1,socfly1/XC843357.ogg,5.0,-25.6076,-54.4913,birdclef-2025/train_audio/socfly1/XC843357.ogg,Aves,5.093
socfly1,socfly1/XC878768.ogg,4.0,-10.2543,-36.3716,birdclef-2025/train_audio/socfly1/XC878768.ogg,Aves,14.92740625
socfly1,socfly1/XC913404.ogg,5.0,17.1585,-94.7802,birdclef-2025/train_audio/socfly1/XC913404.ogg,Aves,4.723125
socfly1,socfly1/XC927015.ogg,5.0,-26.7712,-48.6617,birdclef-2025/train_audio/socfly1/XC927015.ogg,Aves,4.127
socfly1,socfly1/XC927106.ogg,5.0,-26.7756,-48.7144,birdclef-2025/train_audio/socfly1/XC927106.ogg,Aves,4.728
socfly1,socfly1/XC927108.ogg,4.5,-26.7712,-48.6617,birdclef-2025/train_audio/socfly1/XC927108.ogg,Aves,10.527
socfly1,socfly1/XC955497.ogg,4.0,9.8328,-83.5635,birdclef-2025/train_audio/socfly1/XC955497.ogg,Aves,6.11265625
solsan,solsan/XC109326.ogg,4.0,36.067,-83.231,birdclef-2025/train_audio/solsan/XC109326.ogg,Aves,1.01878125
solsan,solsan/XC145909.ogg,4.0,28.5785,-80.9961,birdclef-2025/train_audio/solsan/XC145909.ogg,Aves,3.6
solsan,solsan/XC145910.ogg,4.0,28.5785,-80.9961,birdclef-2025/train_audio/solsan/XC145910.ogg,Aves,4.176
solsan,solsan/XC147500.ogg,4.0,28.2267,-80.7645,birdclef-2025/train_audio/solsan/XC147500.ogg,Aves,11.04
solsan,solsan/XC152419.ogg,5.0,-10.7054,-73.7509,birdclef-2025/train_audio/solsan/XC152419.ogg,Aves,5.7730625
solsan,solsan/XC161585.ogg,4.0,45.1762,-70.2929,birdclef-2025/train_audio/solsan/XC161585.ogg,Aves,12.936
solsan,solsan/XC175550.ogg,4.0,30.415,-91.179,birdclef-2025/train_audio/solsan/XC175550.ogg,Aves,13.19184375
solsan,solsan/XC175551.ogg,5.0,30.415,-91.179,birdclef-2025/train_audio/solsan/XC175551.ogg,Aves,5.95590625
solsan,solsan/XC184632.ogg,4.0,40.1175,-75.3641,birdclef-2025/train_audio/solsan/XC184632.ogg,Aves,5.59021875
solsan,solsan/XC184634.ogg,4.0,40.1175,-75.3641,birdclef-2025/train_audio/solsan/XC184634.ogg,Aves,5.38121875
solsan,solsan/XC188937.ogg,4.0,58.9758,-123.1714,birdclef-2025/train_audio/solsan/XC188937.ogg,Aves,4.4146875
solsan,solsan/XC189628.ogg,4.0,41.9661,-71.6847,birdclef-2025/train_audio/solsan/XC189628.ogg,Aves,10.488
solsan,solsan/XC192717.ogg,4.0,28.2267,-80.7645,birdclef-2025/train_audio/solsan/XC192717.ogg,Aves,4.296
solsan,solsan/XC192721.ogg,4.0,28.2267,-80.7645,birdclef-2025/train_audio/solsan/XC192721.ogg,Aves,8.4
solsan,solsan/XC192723.ogg,4.0,28.2267,-80.7645,birdclef-2025/train_audio/solsan/XC192723.ogg,Aves,5.544
solsan,solsan/XC216149.ogg,4.0,-27.9409,-52.4276,birdclef-2025/train_audio/solsan/XC216149.ogg,Aves,17.88
solsan,solsan/XC260170.ogg,4.0,18.0024,-94.5653,birdclef-2025/train_audio/solsan/XC260170.ogg,Aves,11.99021875
solsan,solsan/XC264263.ogg,4.0,18.0024,-94.5653,birdclef-2025/train_audio/solsan/XC264263.ogg,Aves,2.40325
solsan,solsan/XC264967.ogg,4.0,18.0024,-94.5653,birdclef-2025/train_audio/solsan/XC264967.ogg,Aves,5.6163125
solsan,solsan/XC266987.ogg,4.0,40.1362,-75.2178,birdclef-2025/train_audio/solsan/XC266987.ogg,Aves,16.79675
solsan,solsan/XC283156.ogg,5.0,61.6122,-143.3043,birdclef-2025/train_audio/solsan/XC283156.ogg,Aves,7.36653125
solsan,solsan/XC288437.ogg,4.0,34.8464,-114.5233,birdclef-2025/train_audio/solsan/XC288437.ogg,Aves,9.43021875
solsan,solsan/XC294522.ogg,5.0,47.069,-70.7935,birdclef-2025/train_audio/solsan/XC294522.ogg,Aves,3.47428125
solsan,solsan/XC298396.ogg,4.0,-30.2561,-57.5979,birdclef-2025/train_audio/solsan/XC298396.ogg,Aves,13.4269375
solsan,solsan/XC301122.ogg,4.0,5.6525,-73.7821,birdclef-2025/train_audio/solsan/XC301122.ogg,Aves,7.32
solsan,solsan/XC311847.ogg,4.0,36.9541,-121.7487,birdclef-2025/train_audio/solsan/XC311847.ogg,Aves,4.048
solsan,solsan/XC323489.ogg,4.0,-26.7166,-49.4856,birdclef-2025/train_audio/solsan/XC323489.ogg,Aves,5.093875
solsan,solsan/XC323490.ogg,4.0,-26.7166,-49.4856,birdclef-2025/train_audio/solsan/XC323490.ogg,Aves,8.2285625
solsan,solsan/XC328365.ogg,4.0,42.7372,-83.2314,birdclef-2025/train_audio/solsan/XC328365.ogg,Aves,4.4669375
solsan,solsan/XC415534.ogg,4.0,-16.5728,-49.3122,birdclef-2025/train_audio/solsan/XC415534.ogg,Aves,18.4685625
solsan,solsan/XC436531.ogg,4.5,-4.2889,-70.2948,birdclef-2025/train_audio/solsan/XC436531.ogg,Aves,17.08409375
solsan,solsan/XC443440.ogg,5.0,-14.625,-49.0051,birdclef-2025/train_audio/solsan/XC443440.ogg,Aves,18.5730625
solsan,solsan/XC448920.ogg,4.0,27.0099,-108.9131,birdclef-2025/train_audio/solsan/XC448920.ogg,Aves,10.44896875
solsan,solsan/XC448921.ogg,4.0,27.0262,-108.9761,birdclef-2025/train_audio/solsan/XC448921.ogg,Aves,7.26203125
solsan,solsan/XC460565.ogg,5.0,4.9488,-73.9577,birdclef-2025/train_audio/solsan/XC460565.ogg,Aves,7.94121875
solsan,solsan/XC489750.ogg,5.0,25.7324,-109.0271,birdclef-2025/train_audio/solsan/XC489750.ogg,Aves,10.656
solsan,solsan/XC492163.ogg,4.0,25.7324,-109.0271,birdclef-2025/train_audio/solsan/XC492163.ogg,Aves,3.3175625
solsan,solsan/XC498723.ogg,4.0,25.7324,-109.0271,birdclef-2025/train_audio/solsan/XC498723.ogg,Aves,17.71103125
solsan,solsan/XC498728.ogg,4.0,25.7324,-109.0271,birdclef-2025/train_audio/solsan/XC498728.ogg,Aves,4.78040625
solsan,solsan/XC504231.ogg,5.0,-16.6003,-49.2802,birdclef-2025/train_audio/solsan/XC504231.ogg,Aves,9.038375
solsan,solsan/XC51886.ogg,4.0,-22.1931,-63.9445,birdclef-2025/train_audio/solsan/XC51886.ogg,Aves,10.8930625
solsan,solsan/XC51887.ogg,4.0,-30.583,-59.949,birdclef-2025/train_audio/solsan/XC51887.ogg,Aves,18.91265625
solsan,solsan/XC521958.ogg,4.0,-9.4085,-35.7205,birdclef-2025/train_audio/solsan/XC521958.ogg,Aves,7.99346875
solsan,solsan/XC589665.ogg,5.0,4.9221,-74.0106,birdclef-2025/train_audio/solsan/XC589665.ogg,Aves,11.616
solsan,solsan/XC598113.ogg,4.0,-30.519,-57.7111,birdclef-2025/train_audio/solsan/XC598113.ogg,Aves,4.68
solsan,solsan/XC604984.ogg,4.0,-22.9511,-43.0384,birdclef-2025/train_audio/solsan/XC604984.ogg,Aves,15.096
solsan,solsan/XC610885.ogg,5.0,32.084,-109.051,birdclef-2025/train_audio/solsan/XC610885.ogg,Aves,18.264
solsan,solsan/XC651131.ogg,5.0,37.9077,-75.3626,birdclef-2025/train_audio/solsan/XC651131.ogg,Aves,14.088
solsan,solsan/XC656360.ogg,5.0,48.0713,-122.6955,birdclef-2025/train_audio/solsan/XC656360.ogg,Aves,4.776
solsan,solsan/XC662086.ogg,4.0,45.6123,-122.7352,birdclef-2025/train_audio/solsan/XC662086.ogg,Aves,4.72815625
solsan,solsan/XC663725.ogg,4.0,45.6123,-122.7352,birdclef-2025/train_audio/solsan/XC663725.ogg,Aves,14.36734375
solsan,solsan/XC674349.ogg,5.0,-14.625,-49.0051,birdclef-2025/train_audio/solsan/XC674349.ogg,Aves,13.27021875
solsan,solsan/XC674366.ogg,5.0,-14.625,-49.0051,birdclef-2025/train_audio/solsan/XC674366.ogg,Aves,5.015
solsan,solsan/XC674498.ogg,4.5,-14.625,-49.0051,birdclef-2025/train_audio/solsan/XC674498.ogg,Aves,9.09
solsan,solsan/XC674502.ogg,5.0,-14.625,-49.0051,birdclef-2025/train_audio/solsan/XC674502.ogg,Aves,8.80325
solsan,solsan/XC706819.ogg,4.5,-16.5631,-49.285,birdclef-2025/train_audio/solsan/XC706819.ogg,Aves,18.88653125
solsan,solsan/XC711041.ogg,4.0,-9.2856,-50.0142,birdclef-2025/train_audio/solsan/XC711041.ogg,Aves,1.46284375
solsan,solsan/XC717573.ogg,4.0,-14.625,-49.0051,birdclef-2025/train_audio/solsan/XC717573.ogg,Aves,7.34040625
solsan,solsan/XC723021.ogg,4.0,31.9237,-81.0559,birdclef-2025/train_audio/solsan/XC723021.ogg,Aves,4.179
solsan,solsan/XC772521.ogg,5.0,-16.4353,-49.3948,birdclef-2025/train_audio/solsan/XC772521.ogg,Aves,2.0375625
solsan,solsan/XC772523.ogg,5.0,-16.4353,-49.3948,birdclef-2025/train_audio/solsan/XC772523.ogg,Aves,1.9591875
solsan,solsan/XC774172.ogg,5.0,31.5633,-109.716,birdclef-2025/train_audio/solsan/XC774172.ogg,Aves,16.944
solsan,solsan/XC774176.ogg,5.0,32.084,-109.051,birdclef-2025/train_audio/solsan/XC774176.ogg,Aves,15.432
solsan,solsan/XC781960.ogg,4.0,5.0202,-52.6437,birdclef-2025/train_audio/solsan/XC781960.ogg,Aves,1.071
solsan,solsan/XC782335.ogg,5.0,-12.3726,-54.9346,birdclef-2025/train_audio/solsan/XC782335.ogg,Aves,1.75
solsan,solsan/XC786088.ogg,4.0,38.832,-75.237,birdclef-2025/train_audio/solsan/XC786088.ogg,Aves,6.19103125
solsan,solsan/XC817501.ogg,4.0,17.0183,-96.6126,birdclef-2025/train_audio/solsan/XC817501.ogg,Aves,1.11625
solsan,solsan/XC836462.ogg,4.0,68.3748,-149.3206,birdclef-2025/train_audio/solsan/XC836462.ogg,Aves,1.52365625
solsan,solsan/XC860365.ogg,4.0,38.9647,-77.0783,birdclef-2025/train_audio/solsan/XC860365.ogg,Aves,2.48090625
solsan,solsan/XC927379.ogg,4.0,39.0271,-76.8233,birdclef-2025/train_audio/solsan/XC927379.ogg,Aves,13.81053125
solsan,solsan/XC939487.ogg,5.0,1.4022,-60.9869,birdclef-2025/train_audio/solsan/XC939487.ogg,Aves,3.552
solsan,solsan/XC940077.ogg,5.0,-16.5728,-49.3122,birdclef-2025/train_audio/solsan/XC940077.ogg,Aves,1.933
solsan,solsan/XC961361.ogg,5.0,-16.4353,-49.3948,birdclef-2025/train_audio/solsan/XC961361.ogg,Aves,19.382
soulap1,soulap1/XC123935.ogg,5.0,-22.6771,-47.9831,birdclef-2025/train_audio/soulap1/XC123935.ogg,Aves,7.83675
soulap1,soulap1/XC130867.ogg,5.0,-22.4508,-42.7735,birdclef-2025/train_audio/soulap1/XC130867.ogg,Aves,7.512
soulap1,soulap1/XC131138.ogg,5.0,-22.4508,-42.7735,birdclef-2025/train_audio/soulap1/XC131138.ogg,Aves,14.16
soulap1,soulap1/XC131751.ogg,5.0,4.6717,-75.6283,birdclef-2025/train_audio/soulap1/XC131751.ogg,Aves,6.9485625
soulap1,soulap1/XC144878.ogg,4.0,-24.3167,-47.01,birdclef-2025/train_audio/soulap1/XC144878.ogg,Aves,9.84815625
soulap1,soulap1/XC146730.ogg,4.0,-31.2595,-50.9729,birdclef-2025/train_audio/soulap1/XC146730.ogg,Aves,9.7436875
soulap1,soulap1/XC170034.ogg,4.0,-19.2204,-42.4832,birdclef-2025/train_audio/soulap1/XC170034.ogg,Aves,19.35675
soulap1,soulap1/XC171689.ogg,5.0,-16.3811,-56.3503,birdclef-2025/train_audio/soulap1/XC171689.ogg,Aves,12.048
soulap1,soulap1/XC1882.ogg,5.0,-13.55,-61.01,birdclef-2025/train_audio/soulap1/XC1882.ogg,Aves,13.66203125
soulap1,soulap1/XC1883.ogg,5.0,-13.55,-61.01,birdclef-2025/train_audio/soulap1/XC1883.ogg,Aves,13.03509375
soulap1,soulap1/XC199139.ogg,5.0,-23.446,-51.244,birdclef-2025/train_audio/soulap1/XC199139.ogg,Aves,11.0236875
soulap1,soulap1/XC216146.ogg,4.0,-27.8916,-52.2299,birdclef-2025/train_audio/soulap1/XC216146.ogg,Aves,18.672
soulap1,soulap1/XC232487.ogg,4.0,8.9996,-79.5834,birdclef-2025/train_audio/soulap1/XC232487.ogg,Aves,6.744
soulap1,soulap1/XC254096.ogg,4.0,7.5637,-69.4968,birdclef-2025/train_audio/soulap1/XC254096.ogg,Aves,10.8146875
soulap1,soulap1/XC262867.ogg,5.0,0.199,-78.23,birdclef-2025/train_audio/soulap1/XC262867.ogg,Aves,14.6024375
soulap1,soulap1/XC269293.ogg,5.0,-22.4508,-42.7735,birdclef-2025/train_audio/soulap1/XC269293.ogg,Aves,7.5755
soulap1,soulap1/XC270226.ogg,5.0,-22.4508,-42.7735,birdclef-2025/train_audio/soulap1/XC270226.ogg,Aves,10.44896875
soulap1,soulap1/XC276629.ogg,4.0,0.199,-78.23,birdclef-2025/train_audio/soulap1/XC276629.ogg,Aves,14.8114375
soulap1,soulap1/XC288528.ogg,5.0,-28.3286,-49.5848,birdclef-2025/train_audio/soulap1/XC288528.ogg,Aves,5.52
soulap1,soulap1/XC294690.ogg,5.0,-26.7166,-49.4856,birdclef-2025/train_audio/soulap1/XC294690.ogg,Aves,17.3714375
soulap1,soulap1/XC296138.ogg,5.0,-42.6392,-74.1107,birdclef-2025/train_audio/soulap1/XC296138.ogg,Aves,11.67675
soulap1,soulap1/XC304263.ogg,4.0,4.6907,-74.2753,birdclef-2025/train_audio/soulap1/XC304263.ogg,Aves,10.608
soulap1,soulap1/XC317796.ogg,5.0,8.8667,-75.7859,birdclef-2025/train_audio/soulap1/XC317796.ogg,Aves,5.30284375
soulap1,soulap1/XC318715.ogg,5.0,4.7298,-74.1421,birdclef-2025/train_audio/soulap1/XC318715.ogg,Aves,6.9485625
soulap1,soulap1/XC328927.ogg,5.0,-22.8588,-44.4714,birdclef-2025/train_audio/soulap1/XC328927.ogg,Aves,8.3853125
soulap1,soulap1/XC346204.ogg,4.0,10.5257,-75.469,birdclef-2025/train_audio/soulap1/XC346204.ogg,Aves,15.07265625
soulap1,soulap1/XC358450.ogg,5.0,13.3308,-88.2628,birdclef-2025/train_audio/soulap1/XC358450.ogg,Aves,16.944
soulap1,soulap1/XC359463.ogg,5.0,9.4984,-75.3505,birdclef-2025/train_audio/soulap1/XC359463.ogg,Aves,10.9453125
soulap1,soulap1/XC375517.ogg,5.0,9.8788,-85.5502,birdclef-2025/train_audio/soulap1/XC375517.ogg,Aves,13.2963125
soulap1,soulap1/XC375518.ogg,5.0,9.8788,-85.5502,birdclef-2025/train_audio/soulap1/XC375518.ogg,Aves,11.07590625
soulap1,soulap1/XC375519.ogg,5.0,9.8788,-85.5502,birdclef-2025/train_audio/soulap1/XC375519.ogg,Aves,16.22203125
soulap1,soulap1/XC384415.ogg,5.0,4.379,-75.1349,birdclef-2025/train_audio/soulap1/XC384415.ogg,Aves,14.76
soulap1,soulap1/XC384669.ogg,5.0,-33.7738,-70.1689,birdclef-2025/train_audio/soulap1/XC384669.ogg,Aves,7.88896875
soulap1,soulap1/XC384670.ogg,5.0,-33.7738,-70.1689,birdclef-2025/train_audio/soulap1/XC384670.ogg,Aves,10.55346875
soulap1,soulap1/XC385646.ogg,4.0,13.2691,-87.4057,birdclef-2025/train_audio/soulap1/XC385646.ogg,Aves,9.16896875
soulap1,soulap1/XC385647.ogg,4.0,13.2691,-87.4057,birdclef-2025/train_audio/soulap1/XC385647.ogg,Aves,6.11265625
soulap1,soulap1/XC386695.ogg,4.5,8.6155,-82.9537,birdclef-2025/train_audio/soulap1/XC386695.ogg,Aves,16.43103125
soulap1,soulap1/XC395335.ogg,5.0,-24.1583,-65.3654,birdclef-2025/train_audio/soulap1/XC395335.ogg,Aves,17.188
soulap1,soulap1/XC396548.ogg,4.0,5.0677,-75.5293,birdclef-2025/train_audio/soulap1/XC396548.ogg,Aves,15.2555
soulap1,soulap1/XC396559.ogg,5.0,-41.0992,-71.4433,birdclef-2025/train_audio/soulap1/XC396559.ogg,Aves,18.72978125
soulap1,soulap1/XC415812.ogg,4.0,-44.8004,-65.7095,birdclef-2025/train_audio/soulap1/XC415812.ogg,Aves,7.368
soulap1,soulap1/XC419261.ogg,5.0,-16.5728,-49.3122,birdclef-2025/train_audio/soulap1/XC419261.ogg,Aves,10.60571875
soulap1,soulap1/XC421860.ogg,5.0,-24.2783,-50.5306,birdclef-2025/train_audio/soulap1/XC421860.ogg,Aves,15.386125
soulap1,soulap1/XC423697.ogg,4.0,0.2,-78.233,birdclef-2025/train_audio/soulap1/XC423697.ogg,Aves,3.68325
soulap1,soulap1/XC428133.ogg,4.5,-19.5988,-39.7933,birdclef-2025/train_audio/soulap1/XC428133.ogg,Aves,10.392
soulap1,soulap1/XC435956.ogg,4.0,-22.1952,-44.9718,birdclef-2025/train_audio/soulap1/XC435956.ogg,Aves,17.328
soulap1,soulap1/XC438580.ogg,4.0,-4.2889,-70.2948,birdclef-2025/train_audio/soulap1/XC438580.ogg,Aves,12.40815625
soulap1,soulap1/XC439642.ogg,5.0,-32.5664,-69.3409,birdclef-2025/train_audio/soulap1/XC439642.ogg,Aves,17.3975625
soulap1,soulap1/XC446953.ogg,5.0,-3.5664,-78.4596,birdclef-2025/train_audio/soulap1/XC446953.ogg,Aves,13.89715625
soulap1,soulap1/XC446954.ogg,5.0,-3.5664,-78.4596,birdclef-2025/train_audio/soulap1/XC446954.ogg,Aves,19.3045
soulap1,soulap1/XC456659.ogg,5.0,4.7175,-75.6242,birdclef-2025/train_audio/soulap1/XC456659.ogg,Aves,11.57225
soulap1,soulap1/XC458976.ogg,5.0,-34.4802,-72.0233,birdclef-2025/train_audio/soulap1/XC458976.ogg,Aves,4.91103125
soulap1,soulap1/XC460550.ogg,5.0,4.9492,-73.9569,birdclef-2025/train_audio/soulap1/XC460550.ogg,Aves,12.56490625
soulap1,soulap1/XC47139.ogg,5.0,-36.4001,-56.9167,birdclef-2025/train_audio/soulap1/XC47139.ogg,Aves,16.19590625
soulap1,soulap1/XC475626.ogg,5.0,-33.2051,-70.788,birdclef-2025/train_audio/soulap1/XC475626.ogg,Aves,7.41878125
soulap1,soulap1/XC481876.ogg,4.0,-22.6766,-45.0133,birdclef-2025/train_audio/soulap1/XC481876.ogg,Aves,11.15428125
soulap1,soulap1/XC486635.ogg,5.0,-31.4503,-57.9801,birdclef-2025/train_audio/soulap1/XC486635.ogg,Aves,7.7845
soulap1,soulap1/XC491818.ogg,4.0,-32.9565,-71.506,birdclef-2025/train_audio/soulap1/XC491818.ogg,Aves,6.63509375
soulap1,soulap1/XC492892.ogg,4.0,-29.3375,-49.751,birdclef-2025/train_audio/soulap1/XC492892.ogg,Aves,6.71346875
soulap1,soulap1/XC501089.ogg,4.5,13.3207,-59.6183,birdclef-2025/train_audio/soulap1/XC501089.ogg,Aves,13.752
soulap1,soulap1/XC51500.ogg,5.0,-22.1931,-63.9445,birdclef-2025/train_audio/soulap1/XC51500.ogg,Aves,4.5453125
soulap1,soulap1/XC521724.ogg,4.0,-50.325,-72.265,birdclef-2025/train_audio/soulap1/XC521724.ogg,Aves,7.824
soulap1,soulap1/XC530724.ogg,4.0,-22.9511,-43.0384,birdclef-2025/train_audio/soulap1/XC530724.ogg,Aves,12.12
soulap1,soulap1/XC534168.ogg,4.0,-41.5077,-72.7719,birdclef-2025/train_audio/soulap1/XC534168.ogg,Aves,14.7330625
soulap1,soulap1/XC534305.ogg,5.0,-41.4873,-72.9031,birdclef-2025/train_audio/soulap1/XC534305.ogg,Aves,3.68325
soulap1,soulap1/XC539586.ogg,5.0,7.3515,-80.8585,birdclef-2025/train_audio/soulap1/XC539586.ogg,Aves,7.512
soulap1,soulap1/XC549501.ogg,5.0,-26.5723,-53.8018,birdclef-2025/train_audio/soulap1/XC549501.ogg,Aves,11.112
soulap1,soulap1/XC549503.ogg,5.0,-26.5723,-53.8018,birdclef-2025/train_audio/soulap1/XC549503.ogg,Aves,16.008
soulap1,soulap1/XC550002.ogg,5.0,1.4898,-75.6801,birdclef-2025/train_audio/soulap1/XC550002.ogg,Aves,12.576
soulap1,soulap1/XC558367.ogg,4.0,2.4799,-76.5406,birdclef-2025/train_audio/soulap1/XC558367.ogg,Aves,3.456
soulap1,soulap1/XC562823.ogg,4.0,4.499,-73.6473,birdclef-2025/train_audio/soulap1/XC562823.ogg,Aves,18.546
soulap1,soulap1/XC563293.ogg,4.0,10.5441,-63.1213,birdclef-2025/train_audio/soulap1/XC563293.ogg,Aves,10.584
soulap1,soulap1/XC591188.ogg,4.0,-41.4829,-72.847,birdclef-2025/train_audio/soulap1/XC591188.ogg,Aves,9.35184375
soulap1,soulap1/XC592819.ogg,5.0,1.4898,-75.6801,birdclef-2025/train_audio/soulap1/XC592819.ogg,Aves,9.92653125
soulap1,soulap1/XC596702.ogg,5.0,4.6566,-74.0958,birdclef-2025/train_audio/soulap1/XC596702.ogg,Aves,16.104
soulap1,soulap1/XC600438.ogg,4.0,-20.2551,-46.4101,birdclef-2025/train_audio/soulap1/XC600438.ogg,Aves,6.60896875
soulap1,soulap1/XC615607.ogg,5.0,-23.1135,-59.3311,birdclef-2025/train_audio/soulap1/XC615607.ogg,Aves,11.304
soulap1,soulap1/XC625531.ogg,5.0,1.4898,-75.6801,birdclef-2025/train_audio/soulap1/XC625531.ogg,Aves,13.3746875
soulap1,soulap1/XC637646.ogg,4.0,2.5468,-75.3,birdclef-2025/train_audio/soulap1/XC637646.ogg,Aves,7.706125
soulap1,soulap1/XC647612.ogg,4.0,-9.7166,-35.801,birdclef-2025/train_audio/soulap1/XC647612.ogg,Aves,8.09796875
soulap1,soulap1/XC66032.ogg,5.0,8.874,-68.258,birdclef-2025/train_audio/soulap1/XC66032.ogg,Aves,14.158375
soulap1,soulap1/XC66050.ogg,5.0,8.967,-68.078,birdclef-2025/train_audio/soulap1/XC66050.ogg,Aves,9.40409375
soulap1,soulap1/XC662666.ogg,5.0,-32.0697,-71.4852,birdclef-2025/train_audio/soulap1/XC662666.ogg,Aves,12.56490625
soulap1,soulap1/XC681554.ogg,5.0,-31.7458,-65.0139,birdclef-2025/train_audio/soulap1/XC681554.ogg,Aves,18.75590625
soulap1,soulap1/XC681555.ogg,5.0,-31.7458,-65.0139,birdclef-2025/train_audio/soulap1/XC681555.ogg,Aves,15.9608125
soulap1,soulap1/XC699645.ogg,4.0,-16.0538,-49.604,birdclef-2025/train_audio/soulap1/XC699645.ogg,Aves,18.12896875
soulap1,soulap1/XC70818.ogg,4.0,-29.494,-50.73,birdclef-2025/train_audio/soulap1/XC70818.ogg,Aves,6.5045
soulap1,soulap1/XC709441.ogg,5.0,3.5325,-73.4029,birdclef-2025/train_audio/soulap1/XC709441.ogg,Aves,19.8008125
soulap1,soulap1/XC716158.ogg,5.0,-33.6195,-71.6295,birdclef-2025/train_audio/soulap1/XC716158.ogg,Aves,11.568
soulap1,soulap1/XC737429.ogg,4.5,-17.1888,-48.7335,birdclef-2025/train_audio/soulap1/XC737429.ogg,Aves,17.63265625
soulap1,soulap1/XC745200.ogg,4.0,-21.159,-48.3639,birdclef-2025/train_audio/soulap1/XC745200.ogg,Aves,2.821
soulap1,soulap1/XC754867.ogg,4.0,-32.1578,-58.5308,birdclef-2025/train_audio/soulap1/XC754867.ogg,Aves,12.538
soulap1,soulap1/XC762551.ogg,4.0,4.5164,-75.305,birdclef-2025/train_audio/soulap1/XC762551.ogg,Aves,16.512
soulap1,soulap1/XC769537.ogg,4.5,-6.3761,-47.1085,birdclef-2025/train_audio/soulap1/XC769537.ogg,Aves,11.20653125
soulap1,soulap1/XC774903.ogg,5.0,-33.2779,-71.6609,birdclef-2025/train_audio/soulap1/XC774903.ogg,Aves,8.7054375
soulap1,soulap1/XC782667.ogg,4.0,-30.9458,-62.7124,birdclef-2025/train_audio/soulap1/XC782667.ogg,Aves,17.328
soulap1,soulap1/XC789522.ogg,5.0,-13.3558,-47.2809,birdclef-2025/train_audio/soulap1/XC789522.ogg,Aves,5.929
soulap1,soulap1/XC798870.ogg,4.0,-54.8378,-68.351,birdclef-2025/train_audio/soulap1/XC798870.ogg,Aves,7.416
soulap1,soulap1/XC798874.ogg,4.0,-54.8378,-68.351,birdclef-2025/train_audio/soulap1/XC798874.ogg,Aves,4.704
soulap1,soulap1/XC798875.ogg,4.0,-54.8378,-68.351,birdclef-2025/train_audio/soulap1/XC798875.ogg,Aves,7.584
soulap1,soulap1/XC798879.ogg,5.0,-33.2064,-70.8279,birdclef-2025/train_audio/soulap1/XC798879.ogg,Aves,11.88
soulap1,soulap1/XC811885.ogg,5.0,-16.9039,-49.2218,birdclef-2025/train_audio/soulap1/XC811885.ogg,Aves,11.33715625
soulap1,soulap1/XC816991.ogg,4.0,-6.7131,-47.017,birdclef-2025/train_audio/soulap1/XC816991.ogg,Aves,4.96325
soulap1,soulap1/XC819400.ogg,4.0,4.843,-75.8187,birdclef-2025/train_audio/soulap1/XC819400.ogg,Aves,14.94203125
soulap1,soulap1/XC823456.ogg,5.0,-30.2021,-57.5052,birdclef-2025/train_audio/soulap1/XC823456.ogg,Aves,2.31409375
soulap1,soulap1/XC824281.ogg,5.0,-31.8165,-58.3214,birdclef-2025/train_audio/soulap1/XC824281.ogg,Aves,11.598
soulap1,soulap1/XC834382.ogg,5.0,-31.3976,-64.5081,birdclef-2025/train_audio/soulap1/XC834382.ogg,Aves,12.225
soulap1,soulap1/XC837717.ogg,4.0,-31.8168,-64.4233,birdclef-2025/train_audio/soulap1/XC837717.ogg,Aves,18.207
soulap1,soulap1/XC837994.ogg,4.5,-14.0858,-50.8244,birdclef-2025/train_audio/soulap1/XC837994.ogg,Aves,7.601625
soulap1,soulap1/XC840019.ogg,5.0,-35.4356,-71.6198,birdclef-2025/train_audio/soulap1/XC840019.ogg,Aves,17.4561875
soulap1,soulap1/XC85479.ogg,4.0,-29.4501,-50.5667,birdclef-2025/train_audio/soulap1/XC85479.ogg,Aves,19.7485625
soulap1,soulap1/XC855283.ogg,5.0,-52.7719,-69.2913,birdclef-2025/train_audio/soulap1/XC855283.ogg,Aves,11.664
soulap1,soulap1/XC856411.ogg,5.0,-41.4711,-72.8359,birdclef-2025/train_audio/soulap1/XC856411.ogg,Aves,13.44
soulap1,soulap1/XC860720.ogg,4.0,0.0797,-78.6838,birdclef-2025/train_audio/soulap1/XC860720.ogg,Aves,10.13740625
soulap1,soulap1/XC861228.ogg,5.0,-53.1702,-70.9164,birdclef-2025/train_audio/soulap1/XC861228.ogg,Aves,10.41453125
soulap1,soulap1/XC863810.ogg,4.0,10.0131,-69.2427,birdclef-2025/train_audio/soulap1/XC863810.ogg,Aves,10.318
soulap1,soulap1/XC902289.ogg,4.0,-32.5117,-58.2963,birdclef-2025/train_audio/soulap1/XC902289.ogg,Aves,11.304
soulap1,soulap1/XC902305.ogg,4.0,-32.5117,-58.2963,birdclef-2025/train_audio/soulap1/XC902305.ogg,Aves,15.24
soulap1,soulap1/XC9046.ogg,5.0,7.4334,-69.3167,birdclef-2025/train_audio/soulap1/XC9046.ogg,Aves,8.15
soulap1,soulap1/XC928580.ogg,5.0,-16.4353,-49.3948,birdclef-2025/train_audio/soulap1/XC928580.ogg,Aves,5.982
soulap1,soulap1/XC946286.ogg,4.0,3.5026,-76.3552,birdclef-2025/train_audio/soulap1/XC946286.ogg,Aves,15.53659375
soulap1,soulap1/XC946287.ogg,4.0,3.5026,-76.3552,birdclef-2025/train_audio/soulap1/XC946287.ogg,Aves,14.08334375
soulap1,soulap1/XC946288.ogg,4.0,3.5026,-76.3552,birdclef-2025/train_audio/soulap1/XC946288.ogg,Aves,9.62078125
speowl1,speowl1/XC166778.ogg,4.0,6.9001,-61.2501,birdclef-2025/train_audio/speowl1/XC166778.ogg,Aves,18.31184375
speowl1,speowl1/XC238946.ogg,4.0,-3.65,-80.167,birdclef-2025/train_audio/speowl1/XC238946.ogg,Aves,17.00571875
speowl1,speowl1/XC238951.ogg,5.0,-2.54,-76.859,birdclef-2025/train_audio/speowl1/XC238951.ogg,Aves,18.4946875
speowl1,speowl1/XC257747.ogg,5.0,-0.523,-76.438,birdclef-2025/train_audio/speowl1/XC257747.ogg,Aves,19.173875
speowl1,speowl1/XC376994.ogg,4.0,-24.0871,-55.5323,birdclef-2025/train_audio/speowl1/XC376994.ogg,Aves,16.509375
speowl1,speowl1/XC378900.ogg,4.0,-24.0597,-55.7536,birdclef-2025/train_audio/speowl1/XC378900.ogg,Aves,4.64978125
speowl1,speowl1/XC400215.ogg,4.0,-15.6421,-57.1899,birdclef-2025/train_audio/speowl1/XC400215.ogg,Aves,5.35509375
speowl1,speowl1/XC471143.ogg,4.0,0.901,-79.601,birdclef-2025/train_audio/speowl1/XC471143.ogg,Aves,6.478375
speowl1,speowl1/XC490111.ogg,4.0,-9.595,-70.179,birdclef-2025/train_audio/speowl1/XC490111.ogg,Aves,4.5975625
speowl1,speowl1/XC587935.ogg,4.0,0.1875,-78.9275,birdclef-2025/train_audio/speowl1/XC587935.ogg,Aves,17.016
speowl1,speowl1/XC592815.ogg,5.0,1.4898,-75.6801,birdclef-2025/train_audio/speowl1/XC592815.ogg,Aves,4.5714375
speowl1,speowl1/XC592816.ogg,5.0,1.4898,-75.6801,birdclef-2025/train_audio/speowl1/XC592816.ogg,Aves,12.0424375
speowl1,speowl1/XC592817.ogg,5.0,1.4898,-75.6801,birdclef-2025/train_audio/speowl1/XC592817.ogg,Aves,7.706125
speowl1,speowl1/XC694244.ogg,4.0,6.049,-74.2621,birdclef-2025/train_audio/speowl1/XC694244.ogg,Aves,4.884
speowl1,speowl1/XC716175.ogg,4.0,-16.5852,-49.2888,birdclef-2025/train_audio/speowl1/XC716175.ogg,Aves,3.082
speowl1,speowl1/XC719814.ogg,4.0,-16.5852,-49.2888,birdclef-2025/train_audio/speowl1/XC719814.ogg,Aves,3.604
speowl1,speowl1/XC719816.ogg,4.0,-16.5852,-49.2888,birdclef-2025/train_audio/speowl1/XC719816.ogg,Aves,3.186
speowl1,speowl1/XC901535.ogg,5.0,-13.8891,-50.1832,birdclef-2025/train_audio/speowl1/XC901535.ogg,Aves,13.348
spepar1,spepar1/XC128457.ogg,4.0,4.6197,-75.851,birdclef-2025/train_audio/spepar1/XC128457.ogg,Aves,18.408
spepar1,spepar1/XC305336.ogg,4.0,4.675,-74.1308,birdclef-2025/train_audio/spepar1/XC305336.ogg,Aves,18.96
spepar1,spepar1/XC317792.ogg,4.5,8.8667,-75.7859,birdclef-2025/train_audio/spepar1/XC317792.ogg,Aves,11.83346875
spepar1,spepar1/XC354206.ogg,5.0,5.9661,-75.8546,birdclef-2025/train_audio/spepar1/XC354206.ogg,Aves,7.176
spepar1,spepar1/XC461015.ogg,4.0,4.8101,-75.71,birdclef-2025/train_audio/spepar1/XC461015.ogg,Aves,17.47590625
spepar1,spepar1/XC483596.ogg,5.0,4.7297,-74.1357,birdclef-2025/train_audio/spepar1/XC483596.ogg,Aves,18.5730625
spepar1,spepar1/XC532424.ogg,4.0,5.2461,-75.6853,birdclef-2025/train_audio/spepar1/XC532424.ogg,Aves,18.93878125
spepar1,spepar1/XC562319.ogg,5.0,4.3307,-74.3726,birdclef-2025/train_audio/spepar1/XC562319.ogg,Aves,15.04653125
spepar1,spepar1/XC589645.ogg,5.0,2.2192,-75.6135,birdclef-2025/train_audio/spepar1/XC589645.ogg,Aves,12.0685625
spepar1,spepar1/XC622462.ogg,5.0,2.2192,-75.6135,birdclef-2025/train_audio/spepar1/XC622462.ogg,Aves,16.97959375
spepar1,spepar1/XC654067.ogg,4.0,5.2486,-74.2618,birdclef-2025/train_audio/spepar1/XC654067.ogg,Aves,6.024
spepar1,spepar1/XC664309.ogg,4.0,4.4615,-75.0514,birdclef-2025/train_audio/spepar1/XC664309.ogg,Aves,9.264
spepar1,spepar1/XC946098.ogg,4.0,3.5026,-76.3552,birdclef-2025/train_audio/spepar1/XC946098.ogg,Aves,10.69846875
spepar1,spepar1/XC946099.ogg,4.0,3.5026,-76.3552,birdclef-2025/train_audio/spepar1/XC946099.ogg,Aves,1.99253125
srwswa1,srwswa1/XC115677.ogg,4.0,-20.4569,-42.6603,birdclef-2025/train_audio/srwswa1/XC115677.ogg,Aves,6.373875
srwswa1,srwswa1/XC118987.ogg,4.0,-6.1802,-50.2968,birdclef-2025/train_audio/srwswa1/XC118987.ogg,Aves,7.0269375
srwswa1,srwswa1/XC151427.ogg,4.0,-10.9148,-73.8963,birdclef-2025/train_audio/srwswa1/XC151427.ogg,Aves,18.4163125
srwswa1,srwswa1/XC211421.ogg,5.0,-20.211,-46.6421,birdclef-2025/train_audio/srwswa1/XC211421.ogg,Aves,17.97225
srwswa1,srwswa1/XC2444.ogg,5.0,-11.0192,-66.0987,birdclef-2025/train_audio/srwswa1/XC2444.ogg,Aves,14.210625
srwswa1,srwswa1/XC259275.ogg,5.0,-0.105,-77.584,birdclef-2025/train_audio/srwswa1/XC259275.ogg,Aves,13.92325
srwswa1,srwswa1/XC262375.ogg,5.0,0.883,-78.8,birdclef-2025/train_audio/srwswa1/XC262375.ogg,Aves,19.8008125
srwswa1,srwswa1/XC275528.ogg,5.0,0.883,-78.8,birdclef-2025/train_audio/srwswa1/XC275528.ogg,Aves,18.80815625
srwswa1,srwswa1/XC343039.ogg,4.0,-22.9673,-43.2251,birdclef-2025/train_audio/srwswa1/XC343039.ogg,Aves,2.40325
srwswa1,srwswa1/XC401366.ogg,4.0,-25.2399,-48.7591,birdclef-2025/train_audio/srwswa1/XC401366.ogg,Aves,13.63590625
srwswa1,srwswa1/XC415066.ogg,4.0,6.0742,-75.6092,birdclef-2025/train_audio/srwswa1/XC415066.ogg,Aves,16.013
srwswa1,srwswa1/XC443392.ogg,5.0,-14.625,-49.0051,birdclef-2025/train_audio/srwswa1/XC443392.ogg,Aves,9.97878125
srwswa1,srwswa1/XC459604.ogg,5.0,4.7175,-75.6242,birdclef-2025/train_audio/srwswa1/XC459604.ogg,Aves,18.86040625
srwswa1,srwswa1/XC476468.ogg,5.0,-16.6003,-49.2802,birdclef-2025/train_audio/srwswa1/XC476468.ogg,Aves,19.25225
srwswa1,srwswa1/XC476469.ogg,5.0,-16.6003,-49.2802,birdclef-2025/train_audio/srwswa1/XC476469.ogg,Aves,10.29225
srwswa1,srwswa1/XC507845.ogg,5.0,-16.6003,-49.2802,birdclef-2025/train_audio/srwswa1/XC507845.ogg,Aves,14.7853125
srwswa1,srwswa1/XC52072.ogg,4.0,-22.1931,-63.9445,birdclef-2025/train_audio/srwswa1/XC52072.ogg,Aves,2.6645
srwswa1,srwswa1/XC52073.ogg,4.0,-22.1931,-63.9445,birdclef-2025/train_audio/srwswa1/XC52073.ogg,Aves,4.5714375
srwswa1,srwswa1/XC528372.ogg,5.0,-26.2692,-48.9527,birdclef-2025/train_audio/srwswa1/XC528372.ogg,Aves,6.45225
srwswa1,srwswa1/XC564694.ogg,5.0,-9.4399,-70.4797,birdclef-2025/train_audio/srwswa1/XC564694.ogg,Aves,17.4236875
srwswa1,srwswa1/XC572941.ogg,4.0,-14.625,-49.0051,birdclef-2025/train_audio/srwswa1/XC572941.ogg,Aves,4.6236875
srwswa1,srwswa1/XC581133.ogg,5.0,-22.5762,-43.4762,birdclef-2025/train_audio/srwswa1/XC581133.ogg,Aves,14.52
srwswa1,srwswa1/XC593126.ogg,4.0,-26.5389,-55.7397,birdclef-2025/train_audio/srwswa1/XC593126.ogg,Aves,11.10203125
srwswa1,srwswa1/XC599773.ogg,4.5,-22.9511,-43.0384,birdclef-2025/train_audio/srwswa1/XC599773.ogg,Aves,13.871
srwswa1,srwswa1/XC613994.ogg,5.0,-14.625,-49.0051,birdclef-2025/train_audio/srwswa1/XC613994.ogg,Aves,15.072
srwswa1,srwswa1/XC624699.ogg,5.0,1.7135,-75.7326,birdclef-2025/train_audio/srwswa1/XC624699.ogg,Aves,17.63265625
srwswa1,srwswa1/XC654065.ogg,5.0,5.2486,-74.2618,birdclef-2025/train_audio/srwswa1/XC654065.ogg,Aves,4.848
srwswa1,srwswa1/XC659540.ogg,5.0,-14.134,-47.514,birdclef-2025/train_audio/srwswa1/XC659540.ogg,Aves,11.25878125
srwswa1,srwswa1/XC687042.ogg,5.0,-11.4667,-69.2501,birdclef-2025/train_audio/srwswa1/XC687042.ogg,Aves,19.565
srwswa1,srwswa1/XC706960.ogg,5.0,-16.0538,-49.604,birdclef-2025/train_audio/srwswa1/XC706960.ogg,Aves,5.06775
srwswa1,srwswa1/XC731562.ogg,5.0,-14.625,-49.0051,birdclef-2025/train_audio/srwswa1/XC731562.ogg,Aves,5.982
srwswa1,srwswa1/XC731571.ogg,5.0,-14.625,-49.0051,birdclef-2025/train_audio/srwswa1/XC731571.ogg,Aves,3.761
srwswa1,srwswa1/XC737488.ogg,5.0,-17.1888,-48.7335,birdclef-2025/train_audio/srwswa1/XC737488.ogg,Aves,10.266125
srwswa1,srwswa1/XC741889.ogg,5.0,-16.5456,-49.1572,birdclef-2025/train_audio/srwswa1/XC741889.ogg,Aves,5.9036875
srwswa1,srwswa1/XC789011.ogg,4.0,-13.3725,-47.327,birdclef-2025/train_audio/srwswa1/XC789011.ogg,Aves,5.59021875
srwswa1,srwswa1/XC800207.ogg,4.5,-16.4727,-49.4959,birdclef-2025/train_audio/srwswa1/XC800207.ogg,Aves,4.5191875
srwswa1,srwswa1/XC800353.ogg,5.0,-16.4727,-49.4959,birdclef-2025/train_audio/srwswa1/XC800353.ogg,Aves,5.56409375
srwswa1,srwswa1/XC817245.ogg,5.0,-6.3776,-47.4047,birdclef-2025/train_audio/srwswa1/XC817245.ogg,Aves,3.474
srwswa1,srwswa1/XC821684.ogg,4.5,-8.3146,-63.8886,birdclef-2025/train_audio/srwswa1/XC821684.ogg,Aves,4.4408125
srwswa1,srwswa1/XC822781.ogg,5.0,-0.0553,-78.7704,birdclef-2025/train_audio/srwswa1/XC822781.ogg,Aves,10.475
srwswa1,srwswa1/XC830530.ogg,5.0,-5.9138,-49.9126,birdclef-2025/train_audio/srwswa1/XC830530.ogg,Aves,12.408
srwswa1,srwswa1/XC837589.ogg,4.0,4.717,-75.625,birdclef-2025/train_audio/srwswa1/XC837589.ogg,Aves,5.32896875
srwswa1,srwswa1/XC837875.ogg,5.0,-14.0858,-50.8244,birdclef-2025/train_audio/srwswa1/XC837875.ogg,Aves,9.4563125
srwswa1,srwswa1/XC924680.ogg,5.0,-16.4353,-49.3948,birdclef-2025/train_audio/srwswa1/XC924680.ogg,Aves,6.896
srwswa1,srwswa1/XC933907.ogg,4.0,-16.0781,-50.218,birdclef-2025/train_audio/srwswa1/XC933907.ogg,Aves,1.41
srwswa1,srwswa1/XC933908.ogg,5.0,-16.0781,-50.218,birdclef-2025/train_audio/srwswa1/XC933908.ogg,Aves,2.455
srwswa1,srwswa1/XC946235.ogg,4.0,3.5026,-76.3552,birdclef-2025/train_audio/srwswa1/XC946235.ogg,Aves,5.416
srwswa1,srwswa1/XC946236.ogg,4.0,3.5026,-76.3552,birdclef-2025/train_audio/srwswa1/XC946236.ogg,Aves,0.89575
srwswa1,srwswa1/XC949478.ogg,5.0,-14.4095,-50.9777,birdclef-2025/train_audio/srwswa1/XC949478.ogg,Aves,2.951
srwswa1,srwswa1/XC949519.ogg,5.0,-14.4095,-50.9777,birdclef-2025/train_audio/srwswa1/XC949519.ogg,Aves,6.608
stbwoo2,stbwoo2/XC10041.ogg,4.0,-0.4714,-76.4603,birdclef-2025/train_audio/stbwoo2/XC10041.ogg,Aves,3.448
stbwoo2,stbwoo2/XC119589.ogg,5.0,-5.6909,-63.2057,birdclef-2025/train_audio/stbwoo2/XC119589.ogg,Aves,14.41959375
stbwoo2,stbwoo2/XC127961.ogg,4.0,4.1809,-72.9136,birdclef-2025/train_audio/stbwoo2/XC127961.ogg,Aves,5.6946875
stbwoo2,stbwoo2/XC174019.ogg,4.0,-14.8264,-56.4241,birdclef-2025/train_audio/stbwoo2/XC174019.ogg,Aves,12.016
stbwoo2,stbwoo2/XC186240.ogg,4.0,-9.3164,-35.4423,birdclef-2025/train_audio/stbwoo2/XC186240.ogg,Aves,11.184
stbwoo2,stbwoo2/XC221582.ogg,4.0,7.3682,-69.4407,birdclef-2025/train_audio/stbwoo2/XC221582.ogg,Aves,8.4375625
stbwoo2,stbwoo2/XC244948.ogg,4.0,5.145,-70.9575,birdclef-2025/train_audio/stbwoo2/XC244948.ogg,Aves,4.93715625
stbwoo2,stbwoo2/XC245097.ogg,4.0,2.5828,-72.717,birdclef-2025/train_audio/stbwoo2/XC245097.ogg,Aves,14.02775
stbwoo2,stbwoo2/XC264568.ogg,4.0,-0.498,-76.373,birdclef-2025/train_audio/stbwoo2/XC264568.ogg,Aves,13.00896875
stbwoo2,stbwoo2/XC275006.ogg,4.5,-0.601,-75.244,birdclef-2025/train_audio/stbwoo2/XC275006.ogg,Aves,8.4114375
stbwoo2,stbwoo2/XC315155.ogg,4.0,-2.4167,-54.7167,birdclef-2025/train_audio/stbwoo2/XC315155.ogg,Aves,4.78040625
stbwoo2,stbwoo2/XC345321.ogg,5.0,-6.0501,-50.2667,birdclef-2025/train_audio/stbwoo2/XC345321.ogg,Aves,6.06040625
stbwoo2,stbwoo2/XC353768.ogg,5.0,10.9469,-72.9372,birdclef-2025/train_audio/stbwoo2/XC353768.ogg,Aves,15.595
stbwoo2,stbwoo2/XC358650.ogg,4.0,-5.2036,-48.371,birdclef-2025/train_audio/stbwoo2/XC358650.ogg,Aves,6.73959375
stbwoo2,stbwoo2/XC360386.ogg,4.0,9.511,-75.3552,birdclef-2025/train_audio/stbwoo2/XC360386.ogg,Aves,18.7036875
stbwoo2,stbwoo2/XC380284.ogg,4.0,11.2643,-74.1833,birdclef-2025/train_audio/stbwoo2/XC380284.ogg,Aves,6.36
stbwoo2,stbwoo2/XC382496.ogg,4.0,9.9261,-75.1074,birdclef-2025/train_audio/stbwoo2/XC382496.ogg,Aves,4.152
stbwoo2,stbwoo2/XC383591.ogg,4.5,5.1186,-74.5683,birdclef-2025/train_audio/stbwoo2/XC383591.ogg,Aves,14.664
stbwoo2,stbwoo2/XC383598.ogg,4.0,5.1186,-74.5683,birdclef-2025/train_audio/stbwoo2/XC383598.ogg,Aves,19.032
stbwoo2,stbwoo2/XC384435.ogg,4.0,9.9039,-71.1039,birdclef-2025/train_audio/stbwoo2/XC384435.ogg,Aves,11.10203125
stbwoo2,stbwoo2/XC385724.ogg,4.0,-15.1274,-56.6437,birdclef-2025/train_audio/stbwoo2/XC385724.ogg,Aves,19.67021875
stbwoo2,stbwoo2/XC387856.ogg,4.0,5.6,-67.5931,birdclef-2025/train_audio/stbwoo2/XC387856.ogg,Aves,10.7624375
stbwoo2,stbwoo2/XC387857.ogg,4.0,5.6,-67.5931,birdclef-2025/train_audio/stbwoo2/XC387857.ogg,Aves,10.50121875
stbwoo2,stbwoo2/XC387925.ogg,4.0,4.9247,-52.2756,birdclef-2025/train_audio/stbwoo2/XC387925.ogg,Aves,8.2546875
stbwoo2,stbwoo2/XC403328.ogg,4.0,4.9405,-52.3363,birdclef-2025/train_audio/stbwoo2/XC403328.ogg,Aves,8.54203125
stbwoo2,stbwoo2/XC416463.ogg,5.0,-15.2144,-51.1947,birdclef-2025/train_audio/stbwoo2/XC416463.ogg,Aves,8.15021875
stbwoo2,stbwoo2/XC427309.ogg,4.0,-4.2668,-38.9342,birdclef-2025/train_audio/stbwoo2/XC427309.ogg,Aves,14.016
stbwoo2,stbwoo2/XC432381.ogg,4.0,-14.917,-51.0755,birdclef-2025/train_audio/stbwoo2/XC432381.ogg,Aves,4.28409375
stbwoo2,stbwoo2/XC452846.ogg,5.0,-4.2889,-70.2948,birdclef-2025/train_audio/stbwoo2/XC452846.ogg,Aves,7.1053125
stbwoo2,stbwoo2/XC482217.ogg,4.0,-11.7553,-37.6615,birdclef-2025/train_audio/stbwoo2/XC482217.ogg,Aves,8.088
stbwoo2,stbwoo2/XC482392.ogg,5.0,-12.134,-38.4211,birdclef-2025/train_audio/stbwoo2/XC482392.ogg,Aves,8.784
stbwoo2,stbwoo2/XC495529.ogg,5.0,-7.1446,-48.1475,birdclef-2025/train_audio/stbwoo2/XC495529.ogg,Aves,17.3453125
stbwoo2,stbwoo2/XC525028.ogg,5.0,11.2947,-74.1042,birdclef-2025/train_audio/stbwoo2/XC525028.ogg,Aves,16.92734375
stbwoo2,stbwoo2/XC534030.ogg,5.0,4.351,-74.652,birdclef-2025/train_audio/stbwoo2/XC534030.ogg,Aves,7.62775
stbwoo2,stbwoo2/XC534031.ogg,5.0,4.351,-74.652,birdclef-2025/train_audio/stbwoo2/XC534031.ogg,Aves,12.74775
stbwoo2,stbwoo2/XC537926.ogg,4.0,-8.7512,-68.9938,birdclef-2025/train_audio/stbwoo2/XC537926.ogg,Aves,5.198375
stbwoo2,stbwoo2/XC540721.ogg,4.5,4.351,-74.652,birdclef-2025/train_audio/stbwoo2/XC540721.ogg,Aves,18.20734375
stbwoo2,stbwoo2/XC544025.ogg,5.0,4.351,-74.652,birdclef-2025/train_audio/stbwoo2/XC544025.ogg,Aves,5.7730625
stbwoo2,stbwoo2/XC561708.ogg,4.5,9.0095,-79.4684,birdclef-2025/train_audio/stbwoo2/XC561708.ogg,Aves,9.221
stbwoo2,stbwoo2/XC562171.ogg,4.0,-3.7454,-38.4869,birdclef-2025/train_audio/stbwoo2/XC562171.ogg,Aves,17.05796875
stbwoo2,stbwoo2/XC589592.ogg,5.0,-9.6033,-35.8093,birdclef-2025/train_audio/stbwoo2/XC589592.ogg,Aves,3.42203125
stbwoo2,stbwoo2/XC592809.ogg,4.0,-4.2889,-70.2948,birdclef-2025/train_audio/stbwoo2/XC592809.ogg,Aves,5.88
stbwoo2,stbwoo2/XC64393.ogg,4.0,-13.5538,-61.0087,birdclef-2025/train_audio/stbwoo2/XC64393.ogg,Aves,14.076
stbwoo2,stbwoo2/XC64394.ogg,4.0,-13.5538,-61.0087,birdclef-2025/train_audio/stbwoo2/XC64394.ogg,Aves,6.912
stbwoo2,stbwoo2/XC647604.ogg,4.0,-9.6773,-35.7805,birdclef-2025/train_audio/stbwoo2/XC647604.ogg,Aves,3.39590625
stbwoo2,stbwoo2/XC647605.ogg,4.0,-9.6773,-35.7805,birdclef-2025/train_audio/stbwoo2/XC647605.ogg,Aves,7.0530625
stbwoo2,stbwoo2/XC654367.ogg,4.0,-16.7546,-56.8859,birdclef-2025/train_audio/stbwoo2/XC654367.ogg,Aves,5.6685625
stbwoo2,stbwoo2/XC656960.ogg,5.0,-5.9728,-49.8706,birdclef-2025/train_audio/stbwoo2/XC656960.ogg,Aves,15.804
stbwoo2,stbwoo2/XC664259.ogg,4.0,11.4947,-69.5128,birdclef-2025/train_audio/stbwoo2/XC664259.ogg,Aves,3.761
stbwoo2,stbwoo2/XC689914.ogg,4.0,0.8663,-50.1042,birdclef-2025/train_audio/stbwoo2/XC689914.ogg,Aves,5.9036875
stbwoo2,stbwoo2/XC697142.ogg,4.5,-9.5894,-35.721,birdclef-2025/train_audio/stbwoo2/XC697142.ogg,Aves,4.4408125
stbwoo2,stbwoo2/XC74328.ogg,5.0,-10.3588,-65.3711,birdclef-2025/train_audio/stbwoo2/XC74328.ogg,Aves,18.39021875
stbwoo2,stbwoo2/XC74330.ogg,4.0,-10.3588,-65.3711,birdclef-2025/train_audio/stbwoo2/XC74330.ogg,Aves,9.038375
stbwoo2,stbwoo2/XC768794.ogg,5.0,-7.3499,-48.2929,birdclef-2025/train_audio/stbwoo2/XC768794.ogg,Aves,9.92653125
stbwoo2,stbwoo2/XC769557.ogg,5.0,-6.3776,-47.4047,birdclef-2025/train_audio/stbwoo2/XC769557.ogg,Aves,6.269375
stbwoo2,stbwoo2/XC775556.ogg,4.0,-11.7519,-55.638,birdclef-2025/train_audio/stbwoo2/XC775556.ogg,Aves,3.265
stbwoo2,stbwoo2/XC793150.ogg,5.0,-13.3725,-47.327,birdclef-2025/train_audio/stbwoo2/XC793150.ogg,Aves,4.75428125
stbwoo2,stbwoo2/XC793151.ogg,5.0,-13.3725,-47.327,birdclef-2025/train_audio/stbwoo2/XC793151.ogg,Aves,15.15103125
stbwoo2,stbwoo2/XC794821.ogg,4.0,-9.2856,-50.0142,birdclef-2025/train_audio/stbwoo2/XC794821.ogg,Aves,5.94259375
stbwoo2,stbwoo2/XC80512.ogg,4.0,-9.3001,-35.9334,birdclef-2025/train_audio/stbwoo2/XC80512.ogg,Aves,4.989375
stbwoo2,stbwoo2/XC816957.ogg,5.0,-6.7131,-47.017,birdclef-2025/train_audio/stbwoo2/XC816957.ogg,Aves,5.041
stbwoo2,stbwoo2/XC817027.ogg,5.0,-6.7131,-47.017,birdclef-2025/train_audio/stbwoo2/XC817027.ogg,Aves,6.2955
stbwoo2,stbwoo2/XC817249.ogg,4.5,-6.3776,-47.4047,birdclef-2025/train_audio/stbwoo2/XC817249.ogg,Aves,15.673
stbwoo2,stbwoo2/XC823868.ogg,4.0,5.8001,-55.1167,birdclef-2025/train_audio/stbwoo2/XC823868.ogg,Aves,5.583
stbwoo2,stbwoo2/XC833167.ogg,4.0,-11.4838,-67.4716,birdclef-2025/train_audio/stbwoo2/XC833167.ogg,Aves,8.94946875
stbwoo2,stbwoo2/XC833169.ogg,5.0,-11.4838,-67.4716,birdclef-2025/train_audio/stbwoo2/XC833169.ogg,Aves,8.81409375
stbwoo2,stbwoo2/XC833170.ogg,5.0,-13.2503,-64.6588,birdclef-2025/train_audio/stbwoo2/XC833170.ogg,Aves,5.398625
stbwoo2,stbwoo2/XC833171.ogg,4.0,-11.0189,-66.0995,birdclef-2025/train_audio/stbwoo2/XC833171.ogg,Aves,9.65534375
stbwoo2,stbwoo2/XC835185.ogg,4.0,11.4458,-69.6018,birdclef-2025/train_audio/stbwoo2/XC835185.ogg,Aves,5.43346875
stbwoo2,stbwoo2/XC837946.ogg,5.0,-14.0858,-50.8244,birdclef-2025/train_audio/stbwoo2/XC837946.ogg,Aves,14.49796875
stbwoo2,stbwoo2/XC837972.ogg,5.0,-14.0858,-50.8244,birdclef-2025/train_audio/stbwoo2/XC837972.ogg,Aves,7.0269375
stbwoo2,stbwoo2/XC838055.ogg,4.5,-14.0858,-50.8244,birdclef-2025/train_audio/stbwoo2/XC838055.ogg,Aves,11.18040625
stbwoo2,stbwoo2/XC843124.ogg,4.0,-4.2298,-38.922,birdclef-2025/train_audio/stbwoo2/XC843124.ogg,Aves,5.773
stbwoo2,stbwoo2/XC864486.ogg,5.0,-10.8616,-65.9704,birdclef-2025/train_audio/stbwoo2/XC864486.ogg,Aves,10.05834375
stbwoo2,stbwoo2/XC901161.ogg,5.0,-13.8891,-50.1832,birdclef-2025/train_audio/stbwoo2/XC901161.ogg,Aves,3.918
stbwoo2,stbwoo2/XC901171.ogg,4.5,-13.8891,-50.1832,birdclef-2025/train_audio/stbwoo2/XC901171.ogg,Aves,6.713
stbwoo2,stbwoo2/XC901501.ogg,5.0,-13.8891,-50.1832,birdclef-2025/train_audio/stbwoo2/XC901501.ogg,Aves,6.243
stbwoo2,stbwoo2/XC939712.ogg,5.0,1.4637,-60.9724,birdclef-2025/train_audio/stbwoo2/XC939712.ogg,Aves,3.657
stbwoo2,stbwoo2/XC939941.ogg,5.0,1.7914,-61.1375,birdclef-2025/train_audio/stbwoo2/XC939941.ogg,Aves,5.903
stbwoo2,stbwoo2/XC944365.ogg,5.0,-6.3761,-47.1085,birdclef-2025/train_audio/stbwoo2/XC944365.ogg,Aves,6.06
stbwoo2,stbwoo2/XC952013.ogg,5.0,-1.0404,-77.6664,birdclef-2025/train_audio/stbwoo2/XC952013.ogg,Aves,14.89425
strcuc1,strcuc1/XC130126.ogg,4.0,4.6717,-75.6283,birdclef-2025/train_audio/strcuc1/XC130126.ogg,Aves,2.50775
strcuc1,strcuc1/XC131547.ogg,5.0,14.9521,-88.6761,birdclef-2025/train_audio/strcuc1/XC131547.ogg,Aves,16.536
strcuc1,strcuc1/XC144399.ogg,5.0,-24.4194,-47.1096,birdclef-2025/train_audio/strcuc1/XC144399.ogg,Aves,6.76571875
strcuc1,strcuc1/XC150817.ogg,4.0,-26.3247,-53.2885,birdclef-2025/train_audio/strcuc1/XC150817.ogg,Aves,19.278375
strcuc1,strcuc1/XC150890.ogg,4.0,-26.3247,-53.2885,birdclef-2025/train_audio/strcuc1/XC150890.ogg,Aves,19.278375
strcuc1,strcuc1/XC173304.ogg,5.0,-26.9949,-50.0181,birdclef-2025/train_audio/strcuc1/XC173304.ogg,Aves,19.908
strcuc1,strcuc1/XC182338.ogg,5.0,-31.35,-57.981,birdclef-2025/train_audio/strcuc1/XC182338.ogg,Aves,17.08409375
strcuc1,strcuc1/XC188219.ogg,4.0,4.9219,-75.076,birdclef-2025/train_audio/strcuc1/XC188219.ogg,Aves,11.088
strcuc1,strcuc1/XC192109.ogg,4.0,10.2114,-63.5695,birdclef-2025/train_audio/strcuc1/XC192109.ogg,Aves,16.104
strcuc1,strcuc1/XC196372.ogg,4.0,-3.3303,-39.2616,birdclef-2025/train_audio/strcuc1/XC196372.ogg,Aves,13.3224375
strcuc1,strcuc1/XC212390.ogg,4.0,-21.854,-47.4925,birdclef-2025/train_audio/strcuc1/XC212390.ogg,Aves,8.4375625
strcuc1,strcuc1/XC239078.ogg,4.0,0.488,-79.234,birdclef-2025/train_audio/strcuc1/XC239078.ogg,Aves,16.24815625
strcuc1,strcuc1/XC251597.ogg,5.0,-3.232,-79.281,birdclef-2025/train_audio/strcuc1/XC251597.ogg,Aves,14.02775
strcuc1,strcuc1/XC261629.ogg,5.0,0.883,-78.8,birdclef-2025/train_audio/strcuc1/XC261629.ogg,Aves,16.82284375
strcuc1,strcuc1/XC275236.ogg,4.5,0.75,-78.917,birdclef-2025/train_audio/strcuc1/XC275236.ogg,Aves,19.46121875
strcuc1,strcuc1/XC315727.ogg,4.0,-26.4895,-52.2009,birdclef-2025/train_audio/strcuc1/XC315727.ogg,Aves,12.56490625
strcuc1,strcuc1/XC315728.ogg,4.0,-26.4895,-52.2009,birdclef-2025/train_audio/strcuc1/XC315728.ogg,Aves,3.57878125
strcuc1,strcuc1/XC325564.ogg,4.0,-2.6557,-57.9652,birdclef-2025/train_audio/strcuc1/XC325564.ogg,Aves,19.824
strcuc1,strcuc1/XC349792.ogg,4.0,14.0047,-86.9887,birdclef-2025/train_audio/strcuc1/XC349792.ogg,Aves,3.7355
strcuc1,strcuc1/XC349794.ogg,4.0,14.0047,-86.9887,birdclef-2025/train_audio/strcuc1/XC349794.ogg,Aves,4.23184375
strcuc1,strcuc1/XC353888.ogg,5.0,6.8614,-73.3842,birdclef-2025/train_audio/strcuc1/XC353888.ogg,Aves,14.088
strcuc1,strcuc1/XC355951.ogg,4.0,-3.8983,-80.087,birdclef-2025/train_audio/strcuc1/XC355951.ogg,Aves,9.90040625
strcuc1,strcuc1/XC358593.ogg,4.0,-5.2036,-48.371,birdclef-2025/train_audio/strcuc1/XC358593.ogg,Aves,14.41959375
strcuc1,strcuc1/XC374346.ogg,5.0,4.4825,-75.7137,birdclef-2025/train_audio/strcuc1/XC374346.ogg,Aves,18.78203125
strcuc1,strcuc1/XC376320.ogg,4.0,10.471,-84.646,birdclef-2025/train_audio/strcuc1/XC376320.ogg,Aves,9.84815625
strcuc1,strcuc1/XC377602.ogg,4.0,4.5748,-75.6758,birdclef-2025/train_audio/strcuc1/XC377602.ogg,Aves,13.08734375
strcuc1,strcuc1/XC384197.ogg,4.5,13.0122,-87.5761,birdclef-2025/train_audio/strcuc1/XC384197.ogg,Aves,17.60653125
strcuc1,strcuc1/XC403206.ogg,4.5,-16.4314,-49.1459,birdclef-2025/train_audio/strcuc1/XC403206.ogg,Aves,16.45715625
strcuc1,strcuc1/XC404240.ogg,5.0,14.926,-85.9514,birdclef-2025/train_audio/strcuc1/XC404240.ogg,Aves,11.18040625
strcuc1,strcuc1/XC413099.ogg,4.0,0.0797,-78.6838,birdclef-2025/train_audio/strcuc1/XC413099.ogg,Aves,17.2930625
strcuc1,strcuc1/XC419346.ogg,4.5,-16.5631,-49.285,birdclef-2025/train_audio/strcuc1/XC419346.ogg,Aves,15.36
strcuc1,strcuc1/XC419347.ogg,5.0,-16.5631,-49.285,birdclef-2025/train_audio/strcuc1/XC419347.ogg,Aves,2.76896875
strcuc1,strcuc1/XC419350.ogg,5.0,-14.625,-49.0051,birdclef-2025/train_audio/strcuc1/XC419350.ogg,Aves,5.6946875
strcuc1,strcuc1/XC424251.ogg,5.0,5.3959,-53.9868,birdclef-2025/train_audio/strcuc1/XC424251.ogg,Aves,7.1314375
strcuc1,strcuc1/XC424983.ogg,4.0,-22.8842,-48.4442,birdclef-2025/train_audio/strcuc1/XC424983.ogg,Aves,7.0
strcuc1,strcuc1/XC428633.ogg,5.0,-22.8842,-48.4442,birdclef-2025/train_audio/strcuc1/XC428633.ogg,Aves,12.956
strcuc1,strcuc1/XC463489.ogg,4.0,-31.8645,-58.2591,birdclef-2025/train_audio/strcuc1/XC463489.ogg,Aves,16.718375
strcuc1,strcuc1/XC463585.ogg,4.0,-31.2829,-64.4902,birdclef-2025/train_audio/strcuc1/XC463585.ogg,Aves,10.692
strcuc1,strcuc1/XC555102.ogg,4.0,-32.1221,-60.6318,birdclef-2025/train_audio/strcuc1/XC555102.ogg,Aves,10.39675
strcuc1,strcuc1/XC555103.ogg,4.0,-32.1221,-60.6318,birdclef-2025/train_audio/strcuc1/XC555103.ogg,Aves,11.598375
strcuc1,strcuc1/XC582168.ogg,4.0,-22.9588,-42.8742,birdclef-2025/train_audio/strcuc1/XC582168.ogg,Aves,15.048
strcuc1,strcuc1/XC605436.ogg,4.5,-22.9511,-43.0384,birdclef-2025/train_audio/strcuc1/XC605436.ogg,Aves,13.848
strcuc1,strcuc1/XC607763.ogg,4.0,4.8192,-74.5152,birdclef-2025/train_audio/strcuc1/XC607763.ogg,Aves,8.2808125
strcuc1,strcuc1/XC683904.ogg,5.0,1.4886,-75.6911,birdclef-2025/train_audio/strcuc1/XC683904.ogg,Aves,15.07265625
strcuc1,strcuc1/XC686417.ogg,4.0,-9.2561,-49.9805,birdclef-2025/train_audio/strcuc1/XC686417.ogg,Aves,6.73959375
strcuc1,strcuc1/XC698667.ogg,5.0,-7.6643,-48.2217,birdclef-2025/train_audio/strcuc1/XC698667.ogg,Aves,6.72
strcuc1,strcuc1/XC698674.ogg,5.0,-9.5841,-48.3936,birdclef-2025/train_audio/strcuc1/XC698674.ogg,Aves,17.808
strcuc1,strcuc1/XC714435.ogg,5.0,-1.6848,-80.8099,birdclef-2025/train_audio/strcuc1/XC714435.ogg,Aves,19.224
strcuc1,strcuc1/XC737012.ogg,5.0,-16.1605,-49.5395,birdclef-2025/train_audio/strcuc1/XC737012.ogg,Aves,14.47184375
strcuc1,strcuc1/XC743988.ogg,5.0,-16.5456,-49.1572,birdclef-2025/train_audio/strcuc1/XC743988.ogg,Aves,16.69225
strcuc1,strcuc1/XC749031.ogg,4.0,-21.4748,-44.6372,birdclef-2025/train_audio/strcuc1/XC749031.ogg,Aves,12.936
strcuc1,strcuc1/XC755395.ogg,4.0,-16.0538,-49.604,birdclef-2025/train_audio/strcuc1/XC755395.ogg,Aves,16.48325
strcuc1,strcuc1/XC769625.ogg,5.0,-6.3776,-47.4047,birdclef-2025/train_audio/strcuc1/XC769625.ogg,Aves,11.12815625
strcuc1,strcuc1/XC838040.ogg,5.0,-14.0858,-50.8244,birdclef-2025/train_audio/strcuc1/XC838040.ogg,Aves,3.60490625
strcuc1,strcuc1/XC838042.ogg,5.0,-14.0858,-50.8244,birdclef-2025/train_audio/strcuc1/XC838042.ogg,Aves,5.8514375
strcuc1,strcuc1/XC85430.ogg,4.0,-23.4727,-45.1892,birdclef-2025/train_audio/strcuc1/XC85430.ogg,Aves,15.9346875
strcuc1,strcuc1/XC857538.ogg,5.0,-16.0781,-50.218,birdclef-2025/train_audio/strcuc1/XC857538.ogg,Aves,13.531
strcuc1,strcuc1/XC859545.ogg,5.0,-32.8606,-60.6486,birdclef-2025/train_audio/strcuc1/XC859545.ogg,Aves,10.37003125
strcuc1,strcuc1/XC943379.ogg,5.0,-25.6694,-54.5694,birdclef-2025/train_audio/strcuc1/XC943379.ogg,Aves,9.11675
strcuc1,strcuc1/XC946253.ogg,4.0,3.5026,-76.3552,birdclef-2025/train_audio/strcuc1/XC946253.ogg,Aves,2.60653125
strcuc1,strcuc1/XC947304.ogg,4.0,-28.0528,-59.2047,birdclef-2025/train_audio/strcuc1/XC947304.ogg,Aves,11.12815625
strfly1,strfly1/XC116655.ogg,4.0,-31.35,-57.981,birdclef-2025/train_audio/strfly1/XC116655.ogg,Aves,17.11021875
strfly1,strfly1/XC121509.ogg,5.0,9.215,-79.396,birdclef-2025/train_audio/strfly1/XC121509.ogg,Aves,18.5991875
strfly1,strfly1/XC127163.ogg,4.0,-9.7326,-37.4351,birdclef-2025/train_audio/strfly1/XC127163.ogg,Aves,11.07590625
strfly1,strfly1/XC135213.ogg,4.0,-0.0192,-76.1929,birdclef-2025/train_audio/strfly1/XC135213.ogg,Aves,12.2514375
strfly1,strfly1/XC144165.ogg,4.0,-2.9578,-58.348,birdclef-2025/train_audio/strfly1/XC144165.ogg,Aves,6.55675
strfly1,strfly1/XC144898.ogg,4.0,-27.1262,-48.5243,birdclef-2025/train_audio/strfly1/XC144898.ogg,Aves,15.96
strfly1,strfly1/XC1682.ogg,5.0,-22.0403,-64.5584,birdclef-2025/train_audio/strfly1/XC1682.ogg,Aves,16.0653125
strfly1,strfly1/XC1683.ogg,5.0,-22.0403,-64.5584,birdclef-2025/train_audio/strfly1/XC1683.ogg,Aves,10.05715625
strfly1,strfly1/XC169878.ogg,4.0,-13.4137,-41.2844,birdclef-2025/train_audio/strfly1/XC169878.ogg,Aves,5.32896875
strfly1,strfly1/XC190608.ogg,4.0,-9.9491,-67.8809,birdclef-2025/train_audio/strfly1/XC190608.ogg,Aves,10.8146875
strfly1,strfly1/XC199136.ogg,5.0,-23.446,-51.244,birdclef-2025/train_audio/strfly1/XC199136.ogg,Aves,6.55675
strfly1,strfly1/XC199141.ogg,5.0,-23.3254,-51.1996,birdclef-2025/train_audio/strfly1/XC199141.ogg,Aves,3.813875
strfly1,strfly1/XC210144.ogg,4.0,-3.2251,-59.9317,birdclef-2025/train_audio/strfly1/XC210144.ogg,Aves,12.721625
strfly1,strfly1/XC210153.ogg,5.0,-13.9267,-38.9654,birdclef-2025/train_audio/strfly1/XC210153.ogg,Aves,7.41878125
strfly1,strfly1/XC211770.ogg,5.0,-31.352,-57.9785,birdclef-2025/train_audio/strfly1/XC211770.ogg,Aves,17.11021875
strfly1,strfly1/XC217106.ogg,5.0,-4.2455,-80.2573,birdclef-2025/train_audio/strfly1/XC217106.ogg,Aves,9.90040625
strfly1,strfly1/XC235995.ogg,5.0,11.1009,-74.072,birdclef-2025/train_audio/strfly1/XC235995.ogg,Aves,11.546125
strfly1,strfly1/XC249648.ogg,4.0,-1.847,-80.567,birdclef-2025/train_audio/strfly1/XC249648.ogg,Aves,4.80653125
strfly1,strfly1/XC249717.ogg,4.0,-2.159,-80.037,birdclef-2025/train_audio/strfly1/XC249717.ogg,Aves,4.17959375
strfly1,strfly1/XC250353.ogg,4.0,-4.401,-79.854,birdclef-2025/train_audio/strfly1/XC250353.ogg,Aves,13.06121875
strfly1,strfly1/XC250354.ogg,5.0,-4.401,-79.854,birdclef-2025/train_audio/strfly1/XC250354.ogg,Aves,8.07184375
strfly1,strfly1/XC250355.ogg,5.0,-4.401,-79.854,birdclef-2025/train_audio/strfly1/XC250355.ogg,Aves,7.73225
strfly1,strfly1/XC259011.ogg,5.0,-0.523,-76.438,birdclef-2025/train_audio/strfly1/XC259011.ogg,Aves,16.22203125
strfly1,strfly1/XC259013.ogg,4.5,-1.673,-80.786,birdclef-2025/train_audio/strfly1/XC259013.ogg,Aves,17.76325
strfly1,strfly1/XC259016.ogg,5.0,-1.673,-80.786,birdclef-2025/train_audio/strfly1/XC259016.ogg,Aves,13.19184375
strfly1,strfly1/XC275473.ogg,5.0,0.75,-78.917,birdclef-2025/train_audio/strfly1/XC275473.ogg,Aves,19.61796875
strfly1,strfly1/XC287397.ogg,4.0,-3.2551,-59.9814,birdclef-2025/train_audio/strfly1/XC287397.ogg,Aves,5.250625
strfly1,strfly1/XC290321.ogg,4.0,-16.9834,-65.4084,birdclef-2025/train_audio/strfly1/XC290321.ogg,Aves,14.31509375
strfly1,strfly1/XC313635.ogg,4.0,-26.895,-59.0177,birdclef-2025/train_audio/strfly1/XC313635.ogg,Aves,3.55265625
strfly1,strfly1/XC32319.ogg,4.0,-23.6667,-64.9334,birdclef-2025/train_audio/strfly1/XC32319.ogg,Aves,11.83346875
strfly1,strfly1/XC32320.ogg,4.0,-23.758,-64.851,birdclef-2025/train_audio/strfly1/XC32320.ogg,Aves,15.4645
strfly1,strfly1/XC32321.ogg,4.0,-23.758,-64.851,birdclef-2025/train_audio/strfly1/XC32321.ogg,Aves,8.3069375
strfly1,strfly1/XC32322.ogg,4.0,-23.758,-64.851,birdclef-2025/train_audio/strfly1/XC32322.ogg,Aves,15.12490625
strfly1,strfly1/XC336060.ogg,5.0,-20.41,-43.35,birdclef-2025/train_audio/strfly1/XC336060.ogg,Aves,7.1053125
strfly1,strfly1/XC340150.ogg,4.0,-3.315,-60.6346,birdclef-2025/train_audio/strfly1/XC340150.ogg,Aves,4.44
strfly1,strfly1/XC366773.ogg,4.0,-9.9491,-67.8809,birdclef-2025/train_audio/strfly1/XC366773.ogg,Aves,17.3975625
strfly1,strfly1/XC389217.ogg,4.0,-20.9285,-50.6011,birdclef-2025/train_audio/strfly1/XC389217.ogg,Aves,12.773875
strfly1,strfly1/XC405883.ogg,4.0,6.8663,-75.8157,birdclef-2025/train_audio/strfly1/XC405883.ogg,Aves,3.84
strfly1,strfly1/XC418904.ogg,4.0,-20.7882,-51.703,birdclef-2025/train_audio/strfly1/XC418904.ogg,Aves,16.728
strfly1,strfly1/XC424720.ogg,5.0,5.8959,-74.8589,birdclef-2025/train_audio/strfly1/XC424720.ogg,Aves,14.96815625
strfly1,strfly1/XC443341.ogg,5.0,-16.5631,-49.285,birdclef-2025/train_audio/strfly1/XC443341.ogg,Aves,7.96734375
strfly1,strfly1/XC443364.ogg,5.0,-14.625,-49.0051,birdclef-2025/train_audio/strfly1/XC443364.ogg,Aves,18.39021875
strfly1,strfly1/XC454265.ogg,5.0,9.1223,-79.7501,birdclef-2025/train_audio/strfly1/XC454265.ogg,Aves,18.4685625
strfly1,strfly1/XC456622.ogg,5.0,9.222,-80.024,birdclef-2025/train_audio/strfly1/XC456622.ogg,Aves,19.48734375
strfly1,strfly1/XC457253.ogg,4.0,4.9308,-75.7451,birdclef-2025/train_audio/strfly1/XC457253.ogg,Aves,7.23590625
strfly1,strfly1/XC459076.ogg,5.0,8.9518,-78.4668,birdclef-2025/train_audio/strfly1/XC459076.ogg,Aves,19.9314375
strfly1,strfly1/XC463917.ogg,4.0,-28.1737,-55.6506,birdclef-2025/train_audio/strfly1/XC463917.ogg,Aves,17.65878125
strfly1,strfly1/XC466693.ogg,4.0,-35.2501,-59.2167,birdclef-2025/train_audio/strfly1/XC466693.ogg,Aves,6.321625
strfly1,strfly1/XC494162.ogg,5.0,9.1223,-79.7501,birdclef-2025/train_audio/strfly1/XC494162.ogg,Aves,14.8636875
strfly1,strfly1/XC500054.ogg,5.0,-16.6003,-49.2802,birdclef-2025/train_audio/strfly1/XC500054.ogg,Aves,16.30040625
strfly1,strfly1/XC506062.ogg,4.5,4.8313,-52.2973,birdclef-2025/train_audio/strfly1/XC506062.ogg,Aves,18.050625
strfly1,strfly1/XC51035.ogg,4.0,-34.2342,-58.8861,birdclef-2025/train_audio/strfly1/XC51035.ogg,Aves,17.1363125
strfly1,strfly1/XC51036.ogg,4.0,-34.2342,-58.8861,birdclef-2025/train_audio/strfly1/XC51036.ogg,Aves,14.13225
strfly1,strfly1/XC51037.ogg,4.0,-22.1931,-63.9445,birdclef-2025/train_audio/strfly1/XC51037.ogg,Aves,15.264
strfly1,strfly1/XC51038.ogg,4.0,-34.2342,-58.8861,birdclef-2025/train_audio/strfly1/XC51038.ogg,Aves,8.80325
strfly1,strfly1/XC527368.ogg,4.0,-23.6716,-64.8668,birdclef-2025/train_audio/strfly1/XC527368.ogg,Aves,17.188
strfly1,strfly1/XC528172.ogg,5.0,-15.4467,-55.7002,birdclef-2025/train_audio/strfly1/XC528172.ogg,Aves,19.121625
strfly1,strfly1/XC599219.ogg,5.0,-16.5631,-49.285,birdclef-2025/train_audio/strfly1/XC599219.ogg,Aves,8.07184375
strfly1,strfly1/XC604883.ogg,4.0,4.648,-75.9218,birdclef-2025/train_audio/strfly1/XC604883.ogg,Aves,15.9346875
strfly1,strfly1/XC632368.ogg,5.0,-31.8867,-58.2744,birdclef-2025/train_audio/strfly1/XC632368.ogg,Aves,18.651
strfly1,strfly1/XC658447.ogg,4.0,-25.8667,-54.1667,birdclef-2025/train_audio/strfly1/XC658447.ogg,Aves,14.6546875
strfly1,strfly1/XC659887.ogg,4.0,25.5992,-100.3439,birdclef-2025/train_audio/strfly1/XC659887.ogg,Aves,6.912
strfly1,strfly1/XC659888.ogg,4.0,25.5994,-100.3439,birdclef-2025/train_audio/strfly1/XC659888.ogg,Aves,6.144
strfly1,strfly1/XC664285.ogg,4.0,11.305,-69.4631,birdclef-2025/train_audio/strfly1/XC664285.ogg,Aves,14.628
strfly1,strfly1/XC664800.ogg,4.0,-4.379,-56.7803,birdclef-2025/train_audio/strfly1/XC664800.ogg,Aves,3.709375
strfly1,strfly1/XC673328.ogg,4.0,-10.3116,-65.5566,birdclef-2025/train_audio/strfly1/XC673328.ogg,Aves,18.076
strfly1,strfly1/XC683521.ogg,5.0,1.0033,-76.2905,birdclef-2025/train_audio/strfly1/XC683521.ogg,Aves,15.75184375
strfly1,strfly1/XC688533.ogg,5.0,-23.6521,-46.6919,birdclef-2025/train_audio/strfly1/XC688533.ogg,Aves,11.496
strfly1,strfly1/XC688740.ogg,5.0,-21.4932,-44.6478,birdclef-2025/train_audio/strfly1/XC688740.ogg,Aves,13.087
strfly1,strfly1/XC689448.ogg,5.0,1.4912,-75.6907,birdclef-2025/train_audio/strfly1/XC689448.ogg,Aves,18.18121875
strfly1,strfly1/XC698581.ogg,5.0,-12.5475,-46.3924,birdclef-2025/train_audio/strfly1/XC698581.ogg,Aves,12.384
strfly1,strfly1/XC73849.ogg,4.0,-10.9072,-66.0405,birdclef-2025/train_audio/strfly1/XC73849.ogg,Aves,4.5714375
strfly1,strfly1/XC743222.ogg,5.0,-16.5456,-49.1572,birdclef-2025/train_audio/strfly1/XC743222.ogg,Aves,19.67021875
strfly1,strfly1/XC772532.ogg,5.0,-16.4353,-49.3948,birdclef-2025/train_audio/strfly1/XC772532.ogg,Aves,12.46040625
strfly1,strfly1/XC777374.ogg,5.0,5.0856,-52.5612,birdclef-2025/train_audio/strfly1/XC777374.ogg,Aves,13.139
strfly1,strfly1/XC793425.ogg,5.0,17.2124,-94.7571,birdclef-2025/train_audio/strfly1/XC793425.ogg,Aves,11.04759375
strfly1,strfly1/XC793427.ogg,5.0,17.2124,-94.7571,birdclef-2025/train_audio/strfly1/XC793427.ogg,Aves,9.76921875
strfly1,strfly1/XC823563.ogg,4.5,-16.0538,-49.604,birdclef-2025/train_audio/strfly1/XC823563.ogg,Aves,18.6514375
strfly1,strfly1/XC830867.ogg,5.0,-6.0325,-50.0871,birdclef-2025/train_audio/strfly1/XC830867.ogg,Aves,5.799
strfly1,strfly1/XC838487.ogg,5.0,-34.5995,-58.3499,birdclef-2025/train_audio/strfly1/XC838487.ogg,Aves,13.68
strfly1,strfly1/XC871316.ogg,5.0,-1.6012,-80.746,birdclef-2025/train_audio/strfly1/XC871316.ogg,Aves,6.0779375
strfly1,strfly1/XC912158.ogg,5.0,-24.03,-47.3516,birdclef-2025/train_audio/strfly1/XC912158.ogg,Aves,7.97175
strfly1,strfly1/XC912424.ogg,5.0,-24.0041,-47.5619,birdclef-2025/train_audio/strfly1/XC912424.ogg,Aves,16.99990625
strfly1,strfly1/XC930902.ogg,5.0,-16.4353,-49.3948,birdclef-2025/train_audio/strfly1/XC930902.ogg,Aves,6.086
strfly1,strfly1/XC944058.ogg,5.0,-6.7455,-46.9907,birdclef-2025/train_audio/strfly1/XC944058.ogg,Aves,9.848
strfly1,strfly1/XC949485.ogg,4.5,-14.4095,-50.9777,birdclef-2025/train_audio/strfly1/XC949485.ogg,Aves,7.862
strher,strher/XC117050.ogg,4.0,-20.79,-42.8882,birdclef-2025/train_audio/strher/XC117050.ogg,Aves,5.12
strher,strher/XC119208.ogg,4.0,-10.7342,-49.8559,birdclef-2025/train_audio/strher/XC119208.ogg,Aves,15.36
strher,strher/XC143353.ogg,4.0,-22.051,-63.71,birdclef-2025/train_audio/strher/XC143353.ogg,Aves,12.96
strher,strher/XC151341.ogg,4.0,4.9327,100.4593,birdclef-2025/train_audio/strher/XC151341.ogg,Aves,5.250625
strher,strher/XC153907.ogg,4.0,-22.342,16.9734,birdclef-2025/train_audio/strher/XC153907.ogg,Aves,7.1053125
strher,strher/XC204078.ogg,4.0,-6.2312,107.7746,birdclef-2025/train_audio/strher/XC204078.ogg,Aves,5.98203125
strher,strher/XC210507.ogg,4.0,-28.1949,153.5512,birdclef-2025/train_audio/strher/XC210507.ogg,Aves,5.35509375
strher,strher/XC238072.ogg,4.0,-1.673,-80.786,birdclef-2025/train_audio/strher/XC238072.ogg,Aves,12.35590625
strher,strher/XC238073.ogg,5.0,-3.431,-80.1,birdclef-2025/train_audio/strher/XC238073.ogg,Aves,19.9053125
strher,strher/XC2439.ogg,4.0,-11.0192,-66.0987,birdclef-2025/train_audio/strher/XC2439.ogg,Aves,15.8563125
strher,strher/XC247434.ogg,4.0,-22.4508,-42.7735,birdclef-2025/train_audio/strher/XC247434.ogg,Aves,2.136
strher,strher/XC257320.ogg,5.0,-0.472,-76.459,birdclef-2025/train_audio/strher/XC257320.ogg,Aves,9.5346875
strher,strher/XC257321.ogg,5.0,-3.417,-79.95,birdclef-2025/train_audio/strher/XC257321.ogg,Aves,11.650625
strher,strher/XC257323.ogg,4.0,-0.548,-76.041,birdclef-2025/train_audio/strher/XC257323.ogg,Aves,11.650625
strher,strher/XC257324.ogg,4.0,-2.427,-79.605,birdclef-2025/train_audio/strher/XC257324.ogg,Aves,11.91184375
strher,strher/XC257325.ogg,4.0,-0.703,-80.2,birdclef-2025/train_audio/strher/XC257325.ogg,Aves,12.6955
strher,strher/XC276788.ogg,4.0,-4.0025,-79.2,birdclef-2025/train_audio/strher/XC276788.ogg,Aves,14.55021875
strher,strher/XC278946.ogg,4.0,-22.4508,-42.7735,birdclef-2025/train_audio/strher/XC278946.ogg,Aves,19.7224375
strher,strher/XC292110.ogg,4.0,-0.6143,34.0906,birdclef-2025/train_audio/strher/XC292110.ogg,Aves,4.88490625
strher,strher/XC294678.ogg,4.0,-26.7166,-49.4856,birdclef-2025/train_audio/strher/XC294678.ogg,Aves,8.77715625
strher,strher/XC313615.ogg,4.0,14.754,-17.411,birdclef-2025/train_audio/strher/XC313615.ogg,Aves,7.26203125
strher,strher/XC313616.ogg,4.0,14.754,-17.411,birdclef-2025/train_audio/strher/XC313616.ogg,Aves,5.17225
strher,strher/XC322170.ogg,5.0,-33.594,26.8969,birdclef-2025/train_audio/strher/XC322170.ogg,Aves,4.4408125
strher,strher/XC327284.ogg,5.0,-1.6691,-55.9094,birdclef-2025/train_audio/strher/XC327284.ogg,Aves,6.264
strher,strher/XC351260.ogg,4.5,-20.2209,-56.5751,birdclef-2025/train_audio/strher/XC351260.ogg,Aves,6.24325
strher,strher/XC352284.ogg,5.0,-22.5939,-43.4347,birdclef-2025/train_audio/strher/XC352284.ogg,Aves,15.048
strher,strher/XC354401.ogg,4.0,-33.9454,151.1573,birdclef-2025/train_audio/strher/XC354401.ogg,Aves,8.2808125
strher,strher/XC357917.ogg,5.0,27.3873,33.6749,birdclef-2025/train_audio/strher/XC357917.ogg,Aves,5.093875
strher,strher/XC357918.ogg,5.0,27.3873,33.6749,birdclef-2025/train_audio/strher/XC357918.ogg,Aves,2.481625
strher,strher/XC400858.ogg,4.0,-21.2854,55.3882,birdclef-2025/train_audio/strher/XC400858.ogg,Aves,3.072
strher,strher/XC400859.ogg,5.0,-21.2854,55.3882,birdclef-2025/train_audio/strher/XC400859.ogg,Aves,4.056
strher,strher/XC403258.ogg,4.0,4.8109,-75.8511,birdclef-2025/train_audio/strher/XC403258.ogg,Aves,13.68815625
strher,strher/XC407851.ogg,5.0,24.7174,56.479,birdclef-2025/train_audio/strher/XC407851.ogg,Aves,1.43675
strher,strher/XC421621.ogg,4.0,-16.6003,-49.2802,birdclef-2025/train_audio/strher/XC421621.ogg,Aves,6.16490625
strher,strher/XC453981.ogg,4.0,-27.7001,-57.1834,birdclef-2025/train_audio/strher/XC453981.ogg,Aves,5.43346875
strher,strher/XC47212.ogg,4.0,-9.3167,-76.0101,birdclef-2025/train_audio/strher/XC47212.ogg,Aves,18.4163125
strher,strher/XC477315.ogg,4.0,0.896,-79.626,birdclef-2025/train_audio/strher/XC477315.ogg,Aves,3.2914375
strher,strher/XC506284.ogg,4.0,-16.5728,-49.3122,birdclef-2025/train_audio/strher/XC506284.ogg,Aves,14.49796875
strher,strher/XC507212.ogg,4.0,5.1567,-52.6698,birdclef-2025/train_audio/strher/XC507212.ogg,Aves,12.95675
strher,strher/XC508070.ogg,5.0,1.3215,103.8162,birdclef-2025/train_audio/strher/XC508070.ogg,Aves,11.441625
strher,strher/XC51339.ogg,4.0,-22.1931,-63.9445,birdclef-2025/train_audio/strher/XC51339.ogg,Aves,4.5453125
strher,strher/XC51340.ogg,4.0,-22.1931,-63.9445,birdclef-2025/train_audio/strher/XC51340.ogg,Aves,3.65715625
strher,strher/XC522419.ogg,5.0,-14.625,-49.0051,birdclef-2025/train_audio/strher/XC522419.ogg,Aves,5.12
strher,strher/XC550062.ogg,5.0,1.4898,-75.6801,birdclef-2025/train_audio/strher/XC550062.ogg,Aves,5.088
strher,strher/XC551073.ogg,4.0,-22.9862,-43.5692,birdclef-2025/train_audio/strher/XC551073.ogg,Aves,10.896
strher,strher/XC589637.ogg,5.0,2.2192,-75.6135,birdclef-2025/train_audio/strher/XC589637.ogg,Aves,5.43346875
strher,strher/XC598011.ogg,5.0,12.8013,80.153,birdclef-2025/train_audio/strher/XC598011.ogg,Aves,5.6163125
strher,strher/XC623411.ogg,5.0,-12.248,49.3425,birdclef-2025/train_audio/strher/XC623411.ogg,Aves,5.6946875
strher,strher/XC623412.ogg,5.0,-12.248,49.3425,birdclef-2025/train_audio/strher/XC623412.ogg,Aves,7.1314375
strher,strher/XC624306.ogg,4.0,-12.248,49.3425,birdclef-2025/train_audio/strher/XC624306.ogg,Aves,4.6236875
strher,strher/XC624787.ogg,4.0,-12.248,49.3425,birdclef-2025/train_audio/strher/XC624787.ogg,Aves,5.093875
strher,strher/XC635415.ogg,4.0,22.115,88.796,birdclef-2025/train_audio/strher/XC635415.ogg,Aves,4.32
strher,strher/XC654327.ogg,4.0,-16.7546,-56.8813,birdclef-2025/train_audio/strher/XC654327.ogg,Aves,6.5045
strher,strher/XC654335.ogg,4.0,-16.7546,-56.8813,birdclef-2025/train_audio/strher/XC654335.ogg,Aves,5.06775
strher,strher/XC654366.ogg,4.0,-16.7546,-56.8859,birdclef-2025/train_audio/strher/XC654366.ogg,Aves,6.426125
strher,strher/XC668988.ogg,5.0,-22.9511,-43.0384,birdclef-2025/train_audio/strher/XC668988.ogg,Aves,4.64978125
strher,strher/XC698206.ogg,4.0,9.2791,12.4724,birdclef-2025/train_audio/strher/XC698206.ogg,Aves,6.0
strher,strher/XC703343.ogg,5.0,-3.3833,36.7833,birdclef-2025/train_audio/strher/XC703343.ogg,Aves,5.856
strher,strher/XC704986.ogg,4.0,-31.1896,-59.9633,birdclef-2025/train_audio/strher/XC704986.ogg,Aves,3.265
strher,strher/XC704987.ogg,5.0,-31.1896,-59.9633,birdclef-2025/train_audio/strher/XC704987.ogg,Aves,1.567
strher,strher/XC706941.ogg,4.0,25.147,55.1956,birdclef-2025/train_audio/strher/XC706941.ogg,Aves,3.1346875
strher,strher/XC707586.ogg,4.0,22.4495,114.3209,birdclef-2025/train_audio/strher/XC707586.ogg,Aves,3.024
strher,strher/XC723737.ogg,5.0,40.4082,116.6811,birdclef-2025/train_audio/strher/XC723737.ogg,Aves,4.944
strher,strher/XC728712.ogg,5.0,31.1741,121.4214,birdclef-2025/train_audio/strher/XC728712.ogg,Aves,7.08
strher,strher/XC728723.ogg,5.0,31.1741,121.4214,birdclef-2025/train_audio/strher/XC728723.ogg,Aves,8.016
strher,strher/XC728733.ogg,5.0,31.1741,121.4214,birdclef-2025/train_audio/strher/XC728733.ogg,Aves,6.504
strher,strher/XC728754.ogg,5.0,31.1741,121.4214,birdclef-2025/train_audio/strher/XC728754.ogg,Aves,6.552
strher,strher/XC728935.ogg,5.0,31.1741,121.4214,birdclef-2025/train_audio/strher/XC728935.ogg,Aves,6.72
strher,strher/XC756439.ogg,4.0,1.2914,103.7667,birdclef-2025/train_audio/strher/XC756439.ogg,Aves,13.488
strher,strher/XC761499.ogg,4.5,-16.0538,-49.604,birdclef-2025/train_audio/strher/XC761499.ogg,Aves,3.39590625
strher,strher/XC763710.ogg,4.0,-16.5456,-49.1572,birdclef-2025/train_audio/strher/XC763710.ogg,Aves,1.9330625
strher,strher/XC808616.ogg,4.0,-9.5937,-50.1049,birdclef-2025/train_audio/strher/XC808616.ogg,Aves,17.560625
strher,strher/XC815829.ogg,4.0,1.5249,110.3122,birdclef-2025/train_audio/strher/XC815829.ogg,Aves,1.104
strher,strher/XC825261.ogg,5.0,30.8646,121.7081,birdclef-2025/train_audio/strher/XC825261.ogg,Aves,11.0
strher,strher/XC830140.ogg,4.0,31.2164,121.9213,birdclef-2025/train_audio/strher/XC830140.ogg,Aves,12.0
strher,strher/XC831111.ogg,4.0,-8.4577,-34.9918,birdclef-2025/train_audio/strher/XC831111.ogg,Aves,12.538
strher,strher/XC837541.ogg,4.0,31.2164,121.9213,birdclef-2025/train_audio/strher/XC837541.ogg,Aves,6.44296875
strher,strher/XC838781.ogg,4.0,30.8646,121.7081,birdclef-2025/train_audio/strher/XC838781.ogg,Aves,11.544
strher,strher/XC84961.ogg,4.0,-12.5834,-41.3667,birdclef-2025/train_audio/strher/XC84961.ogg,Aves,3.0824375
strher,strher/XC84962.ogg,4.0,2.8501,-60.0667,birdclef-2025/train_audio/strher/XC84962.ogg,Aves,4.78040625
strher,strher/XC880840.ogg,4.5,-16.5631,-49.285,birdclef-2025/train_audio/strher/XC880840.ogg,Aves,4.937
strher,strher/XC901119.ogg,5.0,-13.2516,-50.5893,birdclef-2025/train_audio/strher/XC901119.ogg,Aves,5.511
strher,strher/XC902048.ogg,5.0,31.1741,121.4214,birdclef-2025/train_audio/strher/XC902048.ogg,Aves,6.16121875
strher,strher/XC903978.ogg,5.0,31.1741,121.4214,birdclef-2025/train_audio/strher/XC903978.ogg,Aves,6.2201875
strher,strher/XC904318.ogg,5.0,31.1741,121.4214,birdclef-2025/train_audio/strher/XC904318.ogg,Aves,6.30084375
strher,strher/XC904475.ogg,5.0,31.1741,121.4214,birdclef-2025/train_audio/strher/XC904475.ogg,Aves,6.29853125
strher,strher/XC904589.ogg,5.0,31.1741,121.4214,birdclef-2025/train_audio/strher/XC904589.ogg,Aves,13.23346875
strher,strher/XC905715.ogg,5.0,31.1741,121.4214,birdclef-2025/train_audio/strher/XC905715.ogg,Aves,6.16175
strher,strher/XC920625.ogg,4.5,-16.5728,-49.3122,birdclef-2025/train_audio/strher/XC920625.ogg,Aves,9.87428125
strher,strher/XC939543.ogg,5.0,1.4022,-60.9869,birdclef-2025/train_audio/strher/XC939543.ogg,Aves,11.206
strher,strher/XC944047.ogg,5.0,-6.7455,-46.9907,birdclef-2025/train_audio/strher/XC944047.ogg,Aves,10.422
strher,strher/XC946033.ogg,4.0,3.5026,-76.3552,birdclef-2025/train_audio/strher/XC946033.ogg,Aves,13.134875
strher,strher/XC946034.ogg,4.0,3.5026,-76.3552,birdclef-2025/train_audio/strher/XC946034.ogg,Aves,7.44953125
strher,strher/XC946035.ogg,4.0,3.5026,-76.3552,birdclef-2025/train_audio/strher/XC946035.ogg,Aves,3.5629375
strher,strher/XC949526.ogg,5.0,-14.4095,-50.9777,birdclef-2025/train_audio/strher/XC949526.ogg,Aves,4.806
strher,strher/XC951083.ogg,5.0,17.0347,54.4319,birdclef-2025/train_audio/strher/XC951083.ogg,Aves,5.815875
strher,strher/XC951084.ogg,4.0,17.0347,54.4319,birdclef-2025/train_audio/strher/XC951084.ogg,Aves,3.8413125
strher,strher/XC959174.ogg,4.0,-27.3597,-55.9097,birdclef-2025/train_audio/strher/XC959174.ogg,Aves,11.5
strher,strher/XC959504.ogg,5.0,-27.3597,-55.9097,birdclef-2025/train_audio/strher/XC959504.ogg,Aves,13.1
strher,strher/XC959507.ogg,5.0,-27.3597,-55.9097,birdclef-2025/train_audio/strher/XC959507.ogg,Aves,10.9
strher,strher/XC961357.ogg,4.5,-16.4353,-49.3948,birdclef-2025/train_audio/strher/XC961357.ogg,Aves,13.844
strowl1,strowl1/XC114728.ogg,4.0,-20.79,-42.8882,birdclef-2025/train_audio/strowl1/XC114728.ogg,Aves,9.468
strowl1,strowl1/XC172766.ogg,4.0,8.9582,-79.5516,birdclef-2025/train_audio/strowl1/XC172766.ogg,Aves,13.2
strowl1,strowl1/XC174451.ogg,4.0,-27.4267,-49.5966,birdclef-2025/train_audio/strowl1/XC174451.ogg,Aves,16.092
strowl1,strowl1/XC185786.ogg,4.0,-23.7144,-46.7168,birdclef-2025/train_audio/strowl1/XC185786.ogg,Aves,2.79509375
strowl1,strowl1/XC257040.ogg,4.0,-5.311,-76.294,birdclef-2025/train_audio/strowl1/XC257040.ogg,Aves,13.16571875
strowl1,strowl1/XC263079.ogg,5.0,-6.2662,-77.9161,birdclef-2025/train_audio/strowl1/XC263079.ogg,Aves,3.60490625
strowl1,strowl1/XC414177.ogg,4.0,-16.6869,-49.2648,birdclef-2025/train_audio/strowl1/XC414177.ogg,Aves,7.94121875
strowl1,strowl1/XC455020.ogg,4.0,4.7032,-74.0664,birdclef-2025/train_audio/strowl1/XC455020.ogg,Aves,8.12409375
strowl1,strowl1/XC455024.ogg,4.0,4.7037,-74.0789,birdclef-2025/train_audio/strowl1/XC455024.ogg,Aves,16.0653125
strowl1,strowl1/XC563564.ogg,4.0,-16.6869,-49.2648,birdclef-2025/train_audio/strowl1/XC563564.ogg,Aves,19.905
strowl1,strowl1/XC602397.ogg,4.0,-34.5597,-60.944,birdclef-2025/train_audio/strowl1/XC602397.ogg,Aves,2.638375
strowl1,strowl1/XC632632.ogg,4.0,1.6356,-75.6123,birdclef-2025/train_audio/strowl1/XC632632.ogg,Aves,17.86775
strowl1,strowl1/XC632911.ogg,4.0,1.6356,-75.6123,birdclef-2025/train_audio/strowl1/XC632911.ogg,Aves,19.14775
strowl1,strowl1/XC722933.ogg,4.0,-16.5631,-49.285,birdclef-2025/train_audio/strowl1/XC722933.ogg,Aves,6.21715625
strowl1,strowl1/XC741064.ogg,4.0,-16.5631,-49.285,birdclef-2025/train_audio/strowl1/XC741064.ogg,Aves,4.44
strowl1,strowl1/XC863680.ogg,5.0,10.0134,-69.2424,birdclef-2025/train_audio/strowl1/XC863680.ogg,Aves,17.266
strowl1,strowl1/XC921814.ogg,5.0,-8.9364,-36.5467,birdclef-2025/train_audio/strowl1/XC921814.ogg,Aves,14.0
thbeup1,thbeup1/XC167625.ogg,4.0,-0.081,-78.7679,birdclef-2025/train_audio/thbeup1/XC167625.ogg,Aves,17.1363125
thbeup1,thbeup1/XC259574.ogg,5.0,-2.159,-80.037,birdclef-2025/train_audio/thbeup1/XC259574.ogg,Aves,17.60653125
thbeup1,thbeup1/XC259576.ogg,5.0,-1.673,-80.786,birdclef-2025/train_audio/thbeup1/XC259576.ogg,Aves,17.86775
thbeup1,thbeup1/XC259581.ogg,5.0,-4.3,-80.033,birdclef-2025/train_audio/thbeup1/XC259581.ogg,Aves,13.3485625
thbeup1,thbeup1/XC259584.ogg,5.0,-4.35,-79.783,birdclef-2025/train_audio/thbeup1/XC259584.ogg,Aves,19.40896875
thbeup1,thbeup1/XC259585.ogg,5.0,-1.673,-80.786,birdclef-2025/train_audio/thbeup1/XC259585.ogg,Aves,12.35590625
thbeup1,thbeup1/XC262533.ogg,4.5,0.883,-78.8,birdclef-2025/train_audio/thbeup1/XC262533.ogg,Aves,19.51346875
thbeup1,thbeup1/XC275606.ogg,5.0,-2.517,-79.655,birdclef-2025/train_audio/thbeup1/XC275606.ogg,Aves,17.1363125
thbeup1,thbeup1/XC387832.ogg,4.0,5.6709,-67.5551,birdclef-2025/train_audio/thbeup1/XC387832.ogg,Aves,10.08325
thbeup1,thbeup1/XC389681.ogg,5.0,-0.0436,-78.7767,birdclef-2025/train_audio/thbeup1/XC389681.ogg,Aves,3.89225
thbeup1,thbeup1/XC407959.ogg,5.0,-1.6779,-80.7952,birdclef-2025/train_audio/thbeup1/XC407959.ogg,Aves,6.144
thbeup1,thbeup1/XC408347.ogg,4.0,9.05,-79.6342,birdclef-2025/train_audio/thbeup1/XC408347.ogg,Aves,18.672
thbeup1,thbeup1/XC454087.ogg,5.0,9.0334,-80.1334,birdclef-2025/train_audio/thbeup1/XC454087.ogg,Aves,10.39675
thbeup1,thbeup1/XC544562.ogg,5.0,4.351,-74.652,birdclef-2025/train_audio/thbeup1/XC544562.ogg,Aves,5.7208125
thbeup1,thbeup1/XC577985.ogg,5.0,0.1071,-78.4337,birdclef-2025/train_audio/thbeup1/XC577985.ogg,Aves,10.318375
thbeup1,thbeup1/XC580696.ogg,5.0,6.0753,-74.5263,birdclef-2025/train_audio/thbeup1/XC580696.ogg,Aves,8.2024375
thbeup1,thbeup1/XC594859.ogg,4.0,4.3312,-75.7042,birdclef-2025/train_audio/thbeup1/XC594859.ogg,Aves,17.73715625
thbeup1,thbeup1/XC632611.ogg,5.0,2.0123,-75.7436,birdclef-2025/train_audio/thbeup1/XC632611.ogg,Aves,11.57225
thbeup1,thbeup1/XC649646.ogg,4.5,5.2725,-74.2743,birdclef-2025/train_audio/thbeup1/XC649646.ogg,Aves,7.176
thbeup1,thbeup1/XC737983.ogg,4.0,4.4921,-75.2813,birdclef-2025/train_audio/thbeup1/XC737983.ogg,Aves,6.456
thbeup1,thbeup1/XC764494.ogg,4.0,-7.3984,-76.2996,birdclef-2025/train_audio/thbeup1/XC764494.ogg,Aves,16.039
thbeup1,thbeup1/XC826231.ogg,4.0,5.0861,-74.7076,birdclef-2025/train_audio/thbeup1/XC826231.ogg,Aves,17.428125
thbeup1,thbeup1/XC843849.ogg,4.0,-0.0166,-78.9875,birdclef-2025/train_audio/thbeup1/XC843849.ogg,Aves,14.96003125
thbeup1,thbeup1/XC944742.ogg,5.0,9.4939,-84.048,birdclef-2025/train_audio/thbeup1/XC944742.ogg,Aves,15.168
thbeup1,thbeup1/XC946091.ogg,4.0,3.5026,-76.3552,birdclef-2025/train_audio/thbeup1/XC946091.ogg,Aves,13.23725
thlsch3,thlsch3/XC119550.ogg,4.0,-4.5778,-56.3338,birdclef-2025/train_audio/thlsch3/XC119550.ogg,Aves,7.810625
thlsch3,thlsch3/XC170133.ogg,5.0,-12.2417,-60.7141,birdclef-2025/train_audio/thlsch3/XC170133.ogg,Aves,6.408
thlsch3,thlsch3/XC199719.ogg,5.0,-1.8754,-69.045,birdclef-2025/train_audio/thlsch3/XC199719.ogg,Aves,6.984
thlsch3,thlsch3/XC206505.ogg,5.0,-8.6596,-35.1535,birdclef-2025/train_audio/thlsch3/XC206505.ogg,Aves,13.11346875
thlsch3,thlsch3/XC248988.ogg,5.0,-0.641,-76.461,birdclef-2025/train_audio/thlsch3/XC248988.ogg,Aves,7.23590625
thlsch3,thlsch3/XC259128.ogg,5.0,-0.267,-75.883,birdclef-2025/train_audio/thlsch3/XC259128.ogg,Aves,17.47590625
thlsch3,thlsch3/XC265107.ogg,5.0,-19.7114,-42.7367,birdclef-2025/train_audio/thlsch3/XC265107.ogg,Aves,11.15428125
thlsch3,thlsch3/XC281923.ogg,5.0,-0.7,-76.0,birdclef-2025/train_audio/thlsch3/XC281923.ogg,Aves,10.8930625
thlsch3,thlsch3/XC282352.ogg,5.0,-19.027,-40.156,birdclef-2025/train_audio/thlsch3/XC282352.ogg,Aves,19.278375
thlsch3,thlsch3/XC504343.ogg,5.0,-19.1456,-40.0645,birdclef-2025/train_audio/thlsch3/XC504343.ogg,Aves,4.3624375
thlsch3,thlsch3/XC504344.ogg,4.5,-19.1456,-40.0645,birdclef-2025/train_audio/thlsch3/XC504344.ogg,Aves,7.99346875
thlsch3,thlsch3/XC504345.ogg,5.0,-19.1456,-40.0645,birdclef-2025/train_audio/thlsch3/XC504345.ogg,Aves,13.11346875
thlsch3,thlsch3/XC511480.ogg,4.0,-9.2114,-35.8771,birdclef-2025/train_audio/thlsch3/XC511480.ogg,Aves,5.7991875
thlsch3,thlsch3/XC518128.ogg,4.0,0.2483,-72.9347,birdclef-2025/train_audio/thlsch3/XC518128.ogg,Aves,11.99021875
thlsch3,thlsch3/XC519364.ogg,4.0,0.1572,-72.6292,birdclef-2025/train_audio/thlsch3/XC519364.ogg,Aves,14.02775
thlsch3,thlsch3/XC519365.ogg,4.0,0.1572,-72.6292,birdclef-2025/train_audio/thlsch3/XC519365.ogg,Aves,17.68490625
thlsch3,thlsch3/XC550475.ogg,4.0,-9.2119,-35.8731,birdclef-2025/train_audio/thlsch3/XC550475.ogg,Aves,5.45959375
thlsch3,thlsch3/XC556569.ogg,5.0,-16.3636,-39.1367,birdclef-2025/train_audio/thlsch3/XC556569.ogg,Aves,6.048
thlsch3,thlsch3/XC573117.ogg,5.0,-3.1977,-60.6818,birdclef-2025/train_audio/thlsch3/XC573117.ogg,Aves,4.8
thlsch3,thlsch3/XC573118.ogg,5.0,-3.1977,-60.6818,birdclef-2025/train_audio/thlsch3/XC573118.ogg,Aves,18.24
thlsch3,thlsch3/XC584930.ogg,5.0,-9.2107,-35.8789,birdclef-2025/train_audio/thlsch3/XC584930.ogg,Aves,4.64978125
thlsch3,thlsch3/XC585437.ogg,5.0,-9.2144,-35.8726,birdclef-2025/train_audio/thlsch3/XC585437.ogg,Aves,7.36653125
thlsch3,thlsch3/XC697371.ogg,5.0,-9.2162,-35.8741,birdclef-2025/train_audio/thlsch3/XC697371.ogg,Aves,5.041625
thlsch3,thlsch3/XC714.ogg,4.0,-3.6841,-72.4005,birdclef-2025/train_audio/thlsch3/XC714.ogg,Aves,4.02284375
thlsch3,thlsch3/XC736076.ogg,4.0,-16.3636,-39.1367,birdclef-2025/train_audio/thlsch3/XC736076.ogg,Aves,10.848
thlsch3,thlsch3/XC830339.ogg,5.0,-6.0657,-49.9182,birdclef-2025/train_audio/thlsch3/XC830339.ogg,Aves,5.25
thlsch3,thlsch3/XC898386.ogg,4.0,-9.0215,-54.4834,birdclef-2025/train_audio/thlsch3/XC898386.ogg,Aves,18.00609375
trokin,trokin/XC115603.ogg,5.0,-21.6725,-43.2209,birdclef-2025/train_audio/trokin/XC115603.ogg,Aves,5.6946875
trokin,trokin/XC124248.ogg,5.0,31.34,-109.273,birdclef-2025/train_audio/trokin/XC124248.ogg,Aves,2.690625
trokin,trokin/XC124251.ogg,4.0,31.34,-109.273,birdclef-2025/train_audio/trokin/XC124251.ogg,Aves,3.55265625
trokin,trokin/XC124310.ogg,5.0,31.34,-109.273,birdclef-2025/train_audio/trokin/XC124310.ogg,Aves,14.256
trokin,trokin/XC124311.ogg,5.0,31.34,-109.273,birdclef-2025/train_audio/trokin/XC124311.ogg,Aves,3.624
trokin,trokin/XC131753.ogg,4.0,4.6717,-75.6283,birdclef-2025/train_audio/trokin/XC131753.ogg,Aves,7.94121875
trokin,trokin/XC135490.ogg,4.0,9.0149,-79.5324,birdclef-2025/train_audio/trokin/XC135490.ogg,Aves,18.78203125
trokin,trokin/XC136145.ogg,4.0,31.377,-110.8598,birdclef-2025/train_audio/trokin/XC136145.ogg,Aves,4.28409375
trokin,trokin/XC137690.ogg,4.0,10.2993,-84.8174,birdclef-2025/train_audio/trokin/XC137690.ogg,Aves,14.106125
trokin,trokin/XC138694.ogg,4.0,34.1287,-114.3332,birdclef-2025/train_audio/trokin/XC138694.ogg,Aves,7.7845
trokin,trokin/XC140761.ogg,4.0,32.733,-113.961,birdclef-2025/train_audio/trokin/XC140761.ogg,Aves,4.80653125
trokin,trokin/XC147395.ogg,4.0,31.612,-111.041,birdclef-2025/train_audio/trokin/XC147395.ogg,Aves,13.4791875
trokin,trokin/XC163750.ogg,5.0,6.2138,-75.2219,birdclef-2025/train_audio/trokin/XC163750.ogg,Aves,2.638375
trokin,trokin/XC166308.ogg,4.0,10.1434,-85.0428,birdclef-2025/train_audio/trokin/XC166308.ogg,Aves,4.5714375
trokin,trokin/XC166810.ogg,4.0,9.7798,-83.8383,birdclef-2025/train_audio/trokin/XC166810.ogg,Aves,19.8530625
trokin,trokin/XC167035.ogg,5.0,3.8627,-67.9688,birdclef-2025/train_audio/trokin/XC167035.ogg,Aves,16.45715625
trokin,trokin/XC180576.ogg,4.0,-6.4515,-76.2909,birdclef-2025/train_audio/trokin/XC180576.ogg,Aves,14.8636875
trokin,trokin/XC182799.ogg,5.0,-24.291,-48.351,birdclef-2025/train_audio/trokin/XC182799.ogg,Aves,7.549375
trokin,trokin/XC196405.ogg,5.0,-3.3303,-39.2616,birdclef-2025/train_audio/trokin/XC196405.ogg,Aves,14.8114375
trokin,trokin/XC196769.ogg,5.0,-31.4503,-57.9801,birdclef-2025/train_audio/trokin/XC196769.ogg,Aves,11.57225
trokin,trokin/XC197199.ogg,4.5,-3.3303,-39.2616,birdclef-2025/train_audio/trokin/XC197199.ogg,Aves,14.8114375
trokin,trokin/XC209818.ogg,5.0,-4.9004,-79.1111,birdclef-2025/train_audio/trokin/XC209818.ogg,Aves,7.1314375
trokin,trokin/XC212465.ogg,4.0,-23.6866,-46.7013,birdclef-2025/train_audio/trokin/XC212465.ogg,Aves,14.7591875
trokin,trokin/XC212759.ogg,4.0,-32.213,-64.4245,birdclef-2025/train_audio/trokin/XC212759.ogg,Aves,10.00490625
trokin,trokin/XC235528.ogg,5.0,15.5654,-87.9989,birdclef-2025/train_audio/trokin/XC235528.ogg,Aves,14.7069375
trokin,trokin/XC236254.ogg,5.0,11.1009,-74.072,birdclef-2025/train_audio/trokin/XC236254.ogg,Aves,7.96734375
trokin,trokin/XC256063.ogg,4.0,44.7003,-93.3326,birdclef-2025/train_audio/trokin/XC256063.ogg,Aves,10.848
trokin,trokin/XC259036.ogg,5.0,-0.589,-77.877,birdclef-2025/train_audio/trokin/XC259036.ogg,Aves,11.67675
trokin,trokin/XC259037.ogg,5.0,-0.548,-76.041,birdclef-2025/train_audio/trokin/XC259037.ogg,Aves,10.1355
trokin,trokin/XC259039.ogg,5.0,-0.589,-77.877,birdclef-2025/train_audio/trokin/XC259039.ogg,Aves,15.02040625
trokin,trokin/XC260975.ogg,5.0,-0.589,-77.877,birdclef-2025/train_audio/trokin/XC260975.ogg,Aves,16.30040625
trokin,trokin/XC282345.ogg,5.0,31.613,-111.0394,birdclef-2025/train_audio/trokin/XC282345.ogg,Aves,7.056
trokin,trokin/XC282571.ogg,4.0,31.613,-111.0394,birdclef-2025/train_audio/trokin/XC282571.ogg,Aves,14.544
trokin,trokin/XC282582.ogg,5.0,31.613,-111.0394,birdclef-2025/train_audio/trokin/XC282582.ogg,Aves,6.096
trokin,trokin/XC286688.ogg,4.0,-22.4508,-42.7735,birdclef-2025/train_audio/trokin/XC286688.ogg,Aves,5.53796875
trokin,trokin/XC290324.ogg,4.0,-16.9731,-65.3982,birdclef-2025/train_audio/trokin/XC290324.ogg,Aves,9.6130625
trokin,trokin/XC292358.ogg,5.0,-24.1029,-52.3171,birdclef-2025/train_audio/trokin/XC292358.ogg,Aves,18.18121875
trokin,trokin/XC296755.ogg,4.0,4.3977,-74.3789,birdclef-2025/train_audio/trokin/XC296755.ogg,Aves,16.752
trokin,trokin/XC298082.ogg,4.0,30.0392,-89.9423,birdclef-2025/train_audio/trokin/XC298082.ogg,Aves,2.4555
trokin,trokin/XC320248.ogg,5.0,4.8472,-73.2642,birdclef-2025/train_audio/trokin/XC320248.ogg,Aves,15.312
trokin,trokin/XC32358.ogg,4.0,-23.758,-64.851,birdclef-2025/train_audio/trokin/XC32358.ogg,Aves,14.52409375
trokin,trokin/XC327813.ogg,5.0,32.2791,-111.021,birdclef-2025/train_audio/trokin/XC327813.ogg,Aves,2.37715625
trokin,trokin/XC342277.ogg,4.0,40.9254,-124.1203,birdclef-2025/train_audio/trokin/XC342277.ogg,Aves,2.496
trokin,trokin/XC345790.ogg,5.0,-4.7533,-79.0515,birdclef-2025/train_audio/trokin/XC345790.ogg,Aves,14.210625
trokin,trokin/XC347749.ogg,5.0,-4.5763,-79.1345,birdclef-2025/train_audio/trokin/XC347749.ogg,Aves,16.87509375
trokin,trokin/XC347896.ogg,5.0,-3.0936,-78.3951,birdclef-2025/train_audio/trokin/XC347896.ogg,Aves,13.66203125
trokin,trokin/XC354170.ogg,4.0,11.2643,-74.1833,birdclef-2025/train_audio/trokin/XC354170.ogg,Aves,19.92
trokin,trokin/XC375952.ogg,5.0,9.8788,-85.5502,birdclef-2025/train_audio/trokin/XC375952.ogg,Aves,9.87428125
trokin,trokin/XC375953.ogg,4.0,9.8788,-85.5502,birdclef-2025/train_audio/trokin/XC375953.ogg,Aves,10.8930625
trokin,trokin/XC382870.ogg,4.0,25.7364,-100.2925,birdclef-2025/train_audio/trokin/XC382870.ogg,Aves,10.031
trokin,trokin/XC384644.ogg,4.5,12.6333,-87.1362,birdclef-2025/train_audio/trokin/XC384644.ogg,Aves,9.84815625
trokin,trokin/XC391751.ogg,4.0,16.7251,-93.0939,birdclef-2025/train_audio/trokin/XC391751.ogg,Aves,9.816
trokin,trokin/XC394913.ogg,4.0,33.992,-112.7447,birdclef-2025/train_audio/trokin/XC394913.ogg,Aves,6.373
trokin,trokin/XC394920.ogg,4.0,33.9329,-112.6948,birdclef-2025/train_audio/trokin/XC394920.ogg,Aves,6.478
trokin,trokin/XC419479.ogg,4.0,4.7962,-52.4577,birdclef-2025/train_audio/trokin/XC419479.ogg,Aves,10.9453125
trokin,trokin/XC423704.ogg,5.0,4.4216,-75.2387,birdclef-2025/train_audio/trokin/XC423704.ogg,Aves,4.44
trokin,trokin/XC428131.ogg,5.0,-7.0849,-40.0832,birdclef-2025/train_audio/trokin/XC428131.ogg,Aves,6.63509375
trokin,trokin/XC429837.ogg,4.0,5.1122,-74.9218,birdclef-2025/train_audio/trokin/XC429837.ogg,Aves,6.60896875
trokin,trokin/XC430791.ogg,4.0,33.9092,-112.6756,birdclef-2025/train_audio/trokin/XC430791.ogg,Aves,12.982
trokin,trokin/XC430792.ogg,4.0,33.9092,-112.6756,birdclef-2025/train_audio/trokin/XC430792.ogg,Aves,17.188
trokin,trokin/XC430793.ogg,4.0,33.9329,-112.6945,birdclef-2025/train_audio/trokin/XC430793.ogg,Aves,14.733
trokin,trokin/XC433172.ogg,4.0,4.8114,-75.7038,birdclef-2025/train_audio/trokin/XC433172.ogg,Aves,3.970625
trokin,trokin/XC443541.ogg,5.0,-14.625,-49.0051,birdclef-2025/train_audio/trokin/XC443541.ogg,Aves,19.04325
trokin,trokin/XC44407.ogg,4.0,-16.2223,-67.8762,birdclef-2025/train_audio/trokin/XC44407.ogg,Aves,19.04325
trokin,trokin/XC446361.ogg,4.0,27.0149,-108.9351,birdclef-2025/train_audio/trokin/XC446361.ogg,Aves,5.35509375
trokin,trokin/XC446370.ogg,4.0,27.0303,-109.0146,birdclef-2025/train_audio/trokin/XC446370.ogg,Aves,14.053875
trokin,trokin/XC446384.ogg,5.0,27.0262,-108.9761,birdclef-2025/train_audio/trokin/XC446384.ogg,Aves,16.613875
trokin,trokin/XC454496.ogg,5.0,6.3308,-75.7697,birdclef-2025/train_audio/trokin/XC454496.ogg,Aves,6.264
trokin,trokin/XC457445.ogg,5.0,4.8101,-75.71,birdclef-2025/train_audio/trokin/XC457445.ogg,Aves,11.6245
trokin,trokin/XC476017.ogg,4.0,26.1404,-97.1756,birdclef-2025/train_audio/trokin/XC476017.ogg,Aves,13.113
trokin,trokin/XC476472.ogg,4.5,-16.6003,-49.2802,birdclef-2025/train_audio/trokin/XC476472.ogg,Aves,19.35675
trokin,trokin/XC484777.ogg,4.0,-16.4456,-51.1201,birdclef-2025/train_audio/trokin/XC484777.ogg,Aves,17.3714375
trokin,trokin/XC490064.ogg,5.0,8.5194,-83.4071,birdclef-2025/train_audio/trokin/XC490064.ogg,Aves,16.44
trokin,trokin/XC494411.ogg,5.0,31.613,-111.0394,birdclef-2025/train_audio/trokin/XC494411.ogg,Aves,15.408
trokin,trokin/XC499368.ogg,5.0,25.6036,-109.0521,birdclef-2025/train_audio/trokin/XC499368.ogg,Aves,3.65715625
trokin,trokin/XC503447.ogg,4.0,-31.8001,-52.4167,birdclef-2025/train_audio/trokin/XC503447.ogg,Aves,6.269
trokin,trokin/XC522092.ogg,4.0,-9.5981,-55.932,birdclef-2025/train_audio/trokin/XC522092.ogg,Aves,1.67184375
trokin,trokin/XC524130.ogg,4.0,10.36,-75.5697,birdclef-2025/train_audio/trokin/XC524130.ogg,Aves,18.5469375
trokin,trokin/XC532549.ogg,4.0,5.2461,-75.6853,birdclef-2025/train_audio/trokin/XC532549.ogg,Aves,10.29225
trokin,trokin/XC532995.ogg,4.0,5.2461,-75.6853,birdclef-2025/train_audio/trokin/XC532995.ogg,Aves,14.99428125
trokin,trokin/XC532996.ogg,4.0,7.4389,-72.8408,birdclef-2025/train_audio/trokin/XC532996.ogg,Aves,15.9085625
trokin,trokin/XC532997.ogg,4.0,7.4389,-72.8408,birdclef-2025/train_audio/trokin/XC532997.ogg,Aves,8.56815625
trokin,trokin/XC543737.ogg,5.0,1.4898,-75.6801,birdclef-2025/train_audio/trokin/XC543737.ogg,Aves,10.248
trokin,trokin/XC548608.ogg,5.0,17.18,-96.77,birdclef-2025/train_audio/trokin/XC548608.ogg,Aves,9.76978125
trokin,trokin/XC551104.ogg,4.0,-26.5723,-53.8018,birdclef-2025/train_audio/trokin/XC551104.ogg,Aves,6.192
trokin,trokin/XC551105.ogg,4.0,-26.5723,-53.8018,birdclef-2025/train_audio/trokin/XC551105.ogg,Aves,5.136
trokin,trokin/XC556661.ogg,5.0,-24.2601,-48.4073,birdclef-2025/train_audio/trokin/XC556661.ogg,Aves,5.12
trokin,trokin/XC556662.ogg,5.0,-7.5685,-63.1041,birdclef-2025/train_audio/trokin/XC556662.ogg,Aves,4.056
trokin,trokin/XC566836.ogg,5.0,25.6036,-109.0521,birdclef-2025/train_audio/trokin/XC566836.ogg,Aves,11.232
trokin,trokin/XC567608.ogg,5.0,-32.8606,-60.6486,birdclef-2025/train_audio/trokin/XC567608.ogg,Aves,3.2130625
trokin,trokin/XC570674.ogg,4.0,-9.4215,-70.4894,birdclef-2025/train_audio/trokin/XC570674.ogg,Aves,5.8775625
trokin,trokin/XC570676.ogg,5.0,-9.4215,-70.4894,birdclef-2025/train_audio/trokin/XC570676.ogg,Aves,10.47509375
trokin,trokin/XC572041.ogg,5.0,25.7324,-109.0271,birdclef-2025/train_audio/trokin/XC572041.ogg,Aves,10.213
trokin,trokin/XC574890.ogg,4.0,-3.8105,-60.3461,birdclef-2025/train_audio/trokin/XC574890.ogg,Aves,8.304
trokin,trokin/XC576690.ogg,5.0,32.279,-111.0224,birdclef-2025/train_audio/trokin/XC576690.ogg,Aves,10.657
trokin,trokin/XC579636.ogg,4.0,18.8728,-99.2004,birdclef-2025/train_audio/trokin/XC579636.ogg,Aves,2.712
trokin,trokin/XC601564.ogg,5.0,-25.8667,-54.1667,birdclef-2025/train_audio/trokin/XC601564.ogg,Aves,5.7991875
trokin,trokin/XC610607.ogg,4.0,-32.2341,-58.1302,birdclef-2025/train_audio/trokin/XC610607.ogg,Aves,14.7069375
trokin,trokin/XC610613.ogg,5.0,-32.1938,-58.1586,birdclef-2025/train_audio/trokin/XC610613.ogg,Aves,4.6236875
trokin,trokin/XC613666.ogg,4.0,15.6704,-96.5779,birdclef-2025/train_audio/trokin/XC613666.ogg,Aves,6.164
trokin,trokin/XC615061.ogg,5.0,15.669,-96.5732,birdclef-2025/train_audio/trokin/XC615061.ogg,Aves,16.37878125
trokin,trokin/XC631963.ogg,4.0,-26.0535,-56.8036,birdclef-2025/train_audio/trokin/XC631963.ogg,Aves,16.326
trokin,trokin/XC636053.ogg,5.0,1.1316,-75.6081,birdclef-2025/train_audio/trokin/XC636053.ogg,Aves,12.48653125
trokin,trokin/XC669569.ogg,5.0,-9.3153,-49.9383,birdclef-2025/train_audio/trokin/XC669569.ogg,Aves,17.97225
trokin,trokin/XC687385.ogg,4.5,-23.6522,-46.6919,birdclef-2025/train_audio/trokin/XC687385.ogg,Aves,13.296
trokin,trokin/XC694329.ogg,5.0,16.3339,-95.0169,birdclef-2025/train_audio/trokin/XC694329.ogg,Aves,9.038375
trokin,trokin/XC697476.ogg,4.0,-9.2524,-36.4187,birdclef-2025/train_audio/trokin/XC697476.ogg,Aves,3.918375
trokin,trokin/XC697484.ogg,4.0,-9.2524,-36.4187,birdclef-2025/train_audio/trokin/XC697484.ogg,Aves,4.67590625
trokin,trokin/XC699596.ogg,4.0,-16.0538,-49.604,birdclef-2025/train_audio/trokin/XC699596.ogg,Aves,5.38121875
trokin,trokin/XC707622.ogg,5.0,-17.7419,-39.4548,birdclef-2025/train_audio/trokin/XC707622.ogg,Aves,4.4408125
trokin,trokin/XC713687.ogg,4.0,-16.5631,-49.285,birdclef-2025/train_audio/trokin/XC713687.ogg,Aves,17.3714375
trokin,trokin/XC720746.ogg,4.0,19.2417,-103.6949,birdclef-2025/train_audio/trokin/XC720746.ogg,Aves,9.96
trokin,trokin/XC733395.ogg,5.0,-18.0937,-64.6177,birdclef-2025/train_audio/trokin/XC733395.ogg,Aves,16.1175625
trokin,trokin/XC737387.ogg,5.0,-17.1888,-48.7335,birdclef-2025/train_audio/trokin/XC737387.ogg,Aves,9.14284375
trokin,trokin/XC743225.ogg,4.5,-16.5456,-49.1572,birdclef-2025/train_audio/trokin/XC743225.ogg,Aves,2.92571875
trokin,trokin/XC743257.ogg,4.0,-16.5456,-49.1572,birdclef-2025/train_audio/trokin/XC743257.ogg,Aves,5.27675
trokin,trokin/XC751275.ogg,4.0,17.237,-88.784,birdclef-2025/train_audio/trokin/XC751275.ogg,Aves,16.979
trokin,trokin/XC767435.ogg,4.5,-0.9541,-80.7071,birdclef-2025/train_audio/trokin/XC767435.ogg,Aves,19.512
trokin,trokin/XC767469.ogg,5.0,-0.9541,-80.7071,birdclef-2025/train_audio/trokin/XC767469.ogg,Aves,4.032
trokin,trokin/XC772524.ogg,5.0,-16.4353,-49.3948,birdclef-2025/train_audio/trokin/XC772524.ogg,Aves,11.33715625
trokin,trokin/XC781296.ogg,5.0,-11.7354,-55.3869,birdclef-2025/train_audio/trokin/XC781296.ogg,Aves,11.128
trokin,trokin/XC788957.ogg,5.0,-13.3558,-47.2809,birdclef-2025/train_audio/trokin/XC788957.ogg,Aves,7.68
trokin,trokin/XC789210.ogg,4.0,16.2092,-94.1611,birdclef-2025/train_audio/trokin/XC789210.ogg,Aves,15.048
trokin,trokin/XC799803.ogg,4.0,5.0861,-74.7076,birdclef-2025/train_audio/trokin/XC799803.ogg,Aves,8.668875
trokin,trokin/XC813196.ogg,5.0,-16.9039,-49.2218,birdclef-2025/train_audio/trokin/XC813196.ogg,Aves,10.9453125
trokin,trokin/XC821362.ogg,5.0,-0.046,-78.7545,birdclef-2025/train_audio/trokin/XC821362.ogg,Aves,4.7893125
trokin,trokin/XC82376.ogg,4.0,-15.3851,-39.5709,birdclef-2025/train_audio/trokin/XC82376.ogg,Aves,7.86284375
trokin,trokin/XC82486.ogg,5.0,-23.4727,-45.1892,birdclef-2025/train_audio/trokin/XC82486.ogg,Aves,18.33796875
trokin,trokin/XC82487.ogg,5.0,-23.6334,-45.8667,birdclef-2025/train_audio/trokin/XC82487.ogg,Aves,11.75509375
trokin,trokin/XC837934.ogg,4.5,-14.0858,-50.8244,birdclef-2025/train_audio/trokin/XC837934.ogg,Aves,16.1436875
trokin,trokin/XC841613.ogg,5.0,11.4064,-69.6675,birdclef-2025/train_audio/trokin/XC841613.ogg,Aves,3.336
trokin,trokin/XC845070.ogg,4.0,-0.0609,-78.7708,birdclef-2025/train_audio/trokin/XC845070.ogg,Aves,18.402875
trokin,trokin/XC860721.ogg,5.0,0.0797,-78.6838,birdclef-2025/train_audio/trokin/XC860721.ogg,Aves,12.20978125
trokin,trokin/XC862523.ogg,4.0,11.4086,-69.6793,birdclef-2025/train_audio/trokin/XC862523.ogg,Aves,8.72490625
trokin,trokin/XC872349.ogg,5.0,4.5666,-52.2094,birdclef-2025/train_audio/trokin/XC872349.ogg,Aves,12.36
trokin,trokin/XC900831.ogg,5.0,25.9298,-97.4131,birdclef-2025/train_audio/trokin/XC900831.ogg,Aves,5.448
trokin,trokin/XC9044.ogg,4.0,7.4334,-69.3167,birdclef-2025/train_audio/trokin/XC9044.ogg,Aves,17.58
trokin,trokin/XC917966.ogg,4.0,25.737,-100.2918,birdclef-2025/train_audio/trokin/XC917966.ogg,Aves,1.224
trokin,trokin/XC919158.ogg,4.0,25.6681,-100.2515,birdclef-2025/train_audio/trokin/XC919158.ogg,Aves,0.984
trokin,trokin/XC922334.ogg,4.0,25.6708,-100.2485,birdclef-2025/train_audio/trokin/XC922334.ogg,Aves,4.44
trokin,trokin/XC939115.ogg,5.0,2.8044,-60.6718,birdclef-2025/train_audio/trokin/XC939115.ogg,Aves,4.858
trokin,trokin/XC940003.ogg,5.0,1.7932,-61.2351,birdclef-2025/train_audio/trokin/XC940003.ogg,Aves,14.106
trokin,trokin/XC946279.ogg,4.0,3.5026,-76.3552,birdclef-2025/train_audio/trokin/XC946279.ogg,Aves,1.44040625
trokin,trokin/XC946280.ogg,4.0,3.5026,-76.3552,birdclef-2025/train_audio/trokin/XC946280.ogg,Aves,1.718875
trokin,trokin/XC946281.ogg,4.0,3.5026,-76.3552,birdclef-2025/train_audio/trokin/XC946281.ogg,Aves,6.163625
trokin,trokin/XC946282.ogg,4.0,3.5026,-76.3552,birdclef-2025/train_audio/trokin/XC946282.ogg,Aves,0.999
trokin,trokin/XC956082.ogg,5.0,-22.8599,-45.2362,birdclef-2025/train_audio/trokin/XC956082.ogg,Aves,13.8194375
trokin,trokin/XC956269.ogg,5.0,16.0355,-97.2436,birdclef-2025/train_audio/trokin/XC956269.ogg,Aves,16.613875
tropar,tropar/XC124388.ogg,5.0,-19.8189,-40.2739,birdclef-2025/train_audio/tropar/XC124388.ogg,Aves,7.62775
tropar,tropar/XC147033.ogg,4.0,-31.2924,-51.0326,birdclef-2025/train_audio/tropar/XC147033.ogg,Aves,4.12734375
tropar,tropar/XC163526.ogg,4.0,-0.081,-78.7679,birdclef-2025/train_audio/tropar/XC163526.ogg,Aves,14.88978125
tropar,tropar/XC164698.ogg,4.0,-0.081,-78.7679,birdclef-2025/train_audio/tropar/XC164698.ogg,Aves,12.1469375
tropar,tropar/XC166449.ogg,4.0,9.832,-83.5639,birdclef-2025/train_audio/tropar/XC166449.ogg,Aves,3.36978125
tropar,tropar/XC166450.ogg,4.0,9.832,-83.5639,birdclef-2025/train_audio/tropar/XC166450.ogg,Aves,3.47428125
tropar,tropar/XC1710.ogg,5.0,-22.0409,-64.4387,birdclef-2025/train_audio/tropar/XC1710.ogg,Aves,15.229375
tropar,tropar/XC180577.ogg,4.0,-6.4515,-76.2909,birdclef-2025/train_audio/tropar/XC180577.ogg,Aves,3.2914375
tropar,tropar/XC185898.ogg,4.0,14.8951,-86.8155,birdclef-2025/train_audio/tropar/XC185898.ogg,Aves,4.989375
tropar,tropar/XC194130.ogg,4.0,13.3154,-86.735,birdclef-2025/train_audio/tropar/XC194130.ogg,Aves,3.55265625
tropar,tropar/XC200408.ogg,4.0,-32.1503,-52.7364,birdclef-2025/train_audio/tropar/XC200408.ogg,Aves,11.304
tropar,tropar/XC206764.ogg,5.0,-22.4508,-42.7735,birdclef-2025/train_audio/tropar/XC206764.ogg,Aves,3.936
tropar,tropar/XC20693.ogg,5.0,-10.7834,-75.2834,birdclef-2025/train_audio/tropar/XC20693.ogg,Aves,9.22121875
tropar,tropar/XC212092.ogg,5.0,-0.0523,-78.7764,birdclef-2025/train_audio/tropar/XC212092.ogg,Aves,4.3624375
tropar,tropar/XC212189.ogg,4.0,-0.0523,-78.7764,birdclef-2025/train_audio/tropar/XC212189.ogg,Aves,9.01225
tropar,tropar/XC243093.ogg,4.0,-0.712,-77.741,birdclef-2025/train_audio/tropar/XC243093.ogg,Aves,17.2146875
tropar,tropar/XC243094.ogg,5.0,-3.65,-80.167,birdclef-2025/train_audio/tropar/XC243094.ogg,Aves,17.60653125
tropar,tropar/XC253542.ogg,5.0,1.887,-76.263,birdclef-2025/train_audio/tropar/XC253542.ogg,Aves,12.95675
tropar,tropar/XC261093.ogg,5.0,-0.589,-77.877,birdclef-2025/train_audio/tropar/XC261093.ogg,Aves,10.05715625
tropar,tropar/XC288200.ogg,4.0,-22.4508,-42.7735,birdclef-2025/train_audio/tropar/XC288200.ogg,Aves,10.05715625
tropar,tropar/XC293191.ogg,4.0,-19.027,-40.156,birdclef-2025/train_audio/tropar/XC293191.ogg,Aves,18.93878125
tropar,tropar/XC299156.ogg,4.0,-24.1086,-49.3608,birdclef-2025/train_audio/tropar/XC299156.ogg,Aves,18.048
tropar,tropar/XC32448.ogg,4.0,-23.6834,-64.8834,birdclef-2025/train_audio/tropar/XC32448.ogg,Aves,10.68409375
tropar,tropar/XC32449.ogg,4.0,-23.758,-64.851,birdclef-2025/train_audio/tropar/XC32449.ogg,Aves,6.68734375
tropar,tropar/XC344993.ogg,4.0,-6.241,-48.418,birdclef-2025/train_audio/tropar/XC344993.ogg,Aves,16.2
tropar,tropar/XC355984.ogg,4.0,-3.8983,-80.087,birdclef-2025/train_audio/tropar/XC355984.ogg,Aves,6.9224375
tropar,tropar/XC362798.ogg,4.0,5.0677,-75.5293,birdclef-2025/train_audio/tropar/XC362798.ogg,Aves,10.128
tropar,tropar/XC369818.ogg,5.0,-28.5332,-57.167,birdclef-2025/train_audio/tropar/XC369818.ogg,Aves,19.3045
tropar,tropar/XC386795.ogg,4.0,-20.3741,-40.4872,birdclef-2025/train_audio/tropar/XC386795.ogg,Aves,15.6
tropar,tropar/XC387717.ogg,4.0,-0.0436,-78.7767,birdclef-2025/train_audio/tropar/XC387717.ogg,Aves,16.43103125
tropar,tropar/XC404822.ogg,4.0,6.8714,-75.8098,birdclef-2025/train_audio/tropar/XC404822.ogg,Aves,5.4
tropar,tropar/XC415777.ogg,4.0,-25.5163,-54.5854,birdclef-2025/train_audio/tropar/XC415777.ogg,Aves,9.01225
tropar,tropar/XC415778.ogg,5.0,-29.3132,-50.8538,birdclef-2025/train_audio/tropar/XC415778.ogg,Aves,14.7853125
tropar,tropar/XC428397.ogg,4.0,15.0294,-86.7951,birdclef-2025/train_audio/tropar/XC428397.ogg,Aves,9.639
tropar,tropar/XC433585.ogg,4.0,6.5564,-75.8591,birdclef-2025/train_audio/tropar/XC433585.ogg,Aves,5.4
tropar,tropar/XC434958.ogg,4.0,-27.8667,-65.7167,birdclef-2025/train_audio/tropar/XC434958.ogg,Aves,18.80815625
tropar,tropar/XC44183.ogg,4.0,-16.2223,-67.8762,birdclef-2025/train_audio/tropar/XC44183.ogg,Aves,5.7991875
tropar,tropar/XC461673.ogg,4.0,0.1607,-78.8539,birdclef-2025/train_audio/tropar/XC461673.ogg,Aves,5.4
tropar,tropar/XC463985.ogg,4.0,-28.1602,-55.6364,birdclef-2025/train_audio/tropar/XC463985.ogg,Aves,11.72896875
tropar,tropar/XC490015.ogg,4.0,8.7895,-82.9714,birdclef-2025/train_audio/tropar/XC490015.ogg,Aves,15.216
tropar,tropar/XC514651.ogg,4.0,-15.126,-44.2299,birdclef-2025/train_audio/tropar/XC514651.ogg,Aves,3.2914375
tropar,tropar/XC51686.ogg,4.0,-22.1931,-63.9445,birdclef-2025/train_audio/tropar/XC51686.ogg,Aves,9.744
tropar,tropar/XC51687.ogg,4.0,-22.1931,-63.9445,birdclef-2025/train_audio/tropar/XC51687.ogg,Aves,8.304
tropar,tropar/XC51692.ogg,4.0,-22.1931,-63.9445,birdclef-2025/train_audio/tropar/XC51692.ogg,Aves,3.84
tropar,tropar/XC541300.ogg,5.0,3.862,-76.3492,birdclef-2025/train_audio/tropar/XC541300.ogg,Aves,6.321625
tropar,tropar/XC549484.ogg,4.5,3.3794,-76.5406,birdclef-2025/train_audio/tropar/XC549484.ogg,Aves,14.472
tropar,tropar/XC571676.ogg,5.0,1.7135,-75.7326,birdclef-2025/train_audio/tropar/XC571676.ogg,Aves,10.9975625
tropar,tropar/XC571677.ogg,5.0,1.7135,-75.7326,birdclef-2025/train_audio/tropar/XC571677.ogg,Aves,4.80653125
tropar,tropar/XC597980.ogg,4.0,-22.9434,-43.0763,birdclef-2025/train_audio/tropar/XC597980.ogg,Aves,16.032
tropar,tropar/XC631872.ogg,4.0,-18.1331,-63.8126,birdclef-2025/train_audio/tropar/XC631872.ogg,Aves,2.79509375
tropar,tropar/XC632379.ogg,5.0,-31.8764,-58.2097,birdclef-2025/train_audio/tropar/XC632379.ogg,Aves,4.022
tropar,tropar/XC632384.ogg,4.5,-31.8764,-58.2097,birdclef-2025/train_audio/tropar/XC632384.ogg,Aves,16.535
tropar,tropar/XC665692.ogg,4.0,-9.2386,-36.4172,birdclef-2025/train_audio/tropar/XC665692.ogg,Aves,7.36653125
tropar,tropar/XC669268.ogg,4.0,19.2939,-104.1314,birdclef-2025/train_audio/tropar/XC669268.ogg,Aves,4.83265625
tropar,tropar/XC682114.ogg,5.0,-13.152,-72.535,birdclef-2025/train_audio/tropar/XC682114.ogg,Aves,3.456
tropar,tropar/XC694765.ogg,5.0,-1.679,-80.8121,birdclef-2025/train_audio/tropar/XC694765.ogg,Aves,7.32
tropar,tropar/XC697646.ogg,5.0,2.0065,-75.9266,birdclef-2025/train_audio/tropar/XC697646.ogg,Aves,7.41878125
tropar,tropar/XC698576.ogg,5.0,-12.4533,-46.6163,birdclef-2025/train_audio/tropar/XC698576.ogg,Aves,15.696
tropar,tropar/XC725279.ogg,5.0,-27.6879,-48.4811,birdclef-2025/train_audio/tropar/XC725279.ogg,Aves,15.36
tropar,tropar/XC726616.ogg,4.0,18.7932,-110.9735,birdclef-2025/train_audio/tropar/XC726616.ogg,Aves,2.24653125
tropar,tropar/XC726617.ogg,4.0,18.7932,-110.9735,birdclef-2025/train_audio/tropar/XC726617.ogg,Aves,16.90121875
tropar,tropar/XC726619.ogg,4.0,18.7932,-110.9735,birdclef-2025/train_audio/tropar/XC726619.ogg,Aves,1.9853125
tropar,tropar/XC746485.ogg,4.0,-16.5456,-49.1572,birdclef-2025/train_audio/tropar/XC746485.ogg,Aves,12.48653125
tropar,tropar/XC752667.ogg,4.0,-12.1895,-74.451,birdclef-2025/train_audio/tropar/XC752667.ogg,Aves,16.07521875
tropar,tropar/XC772770.ogg,4.0,17.1574,-94.7783,birdclef-2025/train_audio/tropar/XC772770.ogg,Aves,10.3445
tropar,tropar/XC810067.ogg,4.0,3.9547,-53.4423,birdclef-2025/train_audio/tropar/XC810067.ogg,Aves,9.743
tropar,tropar/XC814192.ogg,4.0,4.843,-75.8187,birdclef-2025/train_audio/tropar/XC814192.ogg,Aves,6.66121875
tropar,tropar/XC823097.ogg,5.0,-4.9437,-79.0864,birdclef-2025/train_audio/tropar/XC823097.ogg,Aves,5.015
tropar,tropar/XC823100.ogg,5.0,-4.9437,-79.0864,birdclef-2025/train_audio/tropar/XC823100.ogg,Aves,5.877
tropar,tropar/XC824232.ogg,5.0,-31.8165,-58.3214,birdclef-2025/train_audio/tropar/XC824232.ogg,Aves,16.039
tropar,tropar/XC843420.ogg,5.0,-25.627,-54.453,birdclef-2025/train_audio/tropar/XC843420.ogg,Aves,4.702
tropar,tropar/XC845085.ogg,4.0,-0.0627,-78.7696,birdclef-2025/train_audio/tropar/XC845085.ogg,Aves,3.61584375
tropar,tropar/XC84607.ogg,4.0,-14.3834,-40.2001,birdclef-2025/train_audio/tropar/XC84607.ogg,Aves,9.038375
tropar,tropar/XC84609.ogg,4.0,-25.8572,-48.7411,birdclef-2025/train_audio/tropar/XC84609.ogg,Aves,7.31428125
tropar,tropar/XC872836.ogg,5.0,18.7932,-110.9735,birdclef-2025/train_audio/tropar/XC872836.ogg,Aves,5.24371875
tropar,tropar/XC898099.ogg,4.0,4.9931,-75.5996,birdclef-2025/train_audio/tropar/XC898099.ogg,Aves,6.288
tropar,tropar/XC898640.ogg,4.0,-31.8645,-58.2102,birdclef-2025/train_audio/tropar/XC898640.ogg,Aves,11.616
tropar,tropar/XC902651.ogg,4.0,34.1801,-117.7993,birdclef-2025/train_audio/tropar/XC902651.ogg,Aves,5.828875
tropar,tropar/XC912262.ogg,4.0,5.123,-74.256,birdclef-2025/train_audio/tropar/XC912262.ogg,Aves,6.4371875
tropar,tropar/XC922745.ogg,5.0,19.3959,-97.0388,birdclef-2025/train_audio/tropar/XC922745.ogg,Aves,14.3173125
tropar,tropar/XC923831.ogg,4.0,25.6165,-100.3528,birdclef-2025/train_audio/tropar/XC923831.ogg,Aves,8.376
tropar,tropar/XC923832.ogg,4.0,25.6165,-100.3528,birdclef-2025/train_audio/tropar/XC923832.ogg,Aves,4.392
tropar,tropar/XC924736.ogg,4.0,0.0346,-78.8698,birdclef-2025/train_audio/tropar/XC924736.ogg,Aves,16.90121875
tropar,tropar/XC926988.ogg,5.0,-26.7756,-48.7144,birdclef-2025/train_audio/tropar/XC926988.ogg,Aves,9.613
tropar,tropar/XC926996.ogg,5.0,-26.7756,-48.7144,birdclef-2025/train_audio/tropar/XC926996.ogg,Aves,16.091
tropar,tropar/XC936231.ogg,4.5,-32.8606,-60.6486,birdclef-2025/train_audio/tropar/XC936231.ogg,Aves,15.32
tropar,tropar/XC945872.ogg,5.0,-23.6156,-45.7744,birdclef-2025/train_audio/tropar/XC945872.ogg,Aves,3.2391875
trsowl,trsowl/XC203422.ogg,4.0,-31.335,-56.755,birdclef-2025/train_audio/trsowl/XC203422.ogg,Aves,16.0130625
trsowl,trsowl/XC215870.ogg,4.0,-31.2888,-56.5686,birdclef-2025/train_audio/trsowl/XC215870.ogg,Aves,16.0130625
trsowl,trsowl/XC254116.ogg,4.0,8.6071,-71.053,birdclef-2025/train_audio/trsowl/XC254116.ogg,Aves,17.08409375
trsowl,trsowl/XC254117.ogg,4.0,8.299,-70.0851,birdclef-2025/train_audio/trsowl/XC254117.ogg,Aves,13.08734375
trsowl,trsowl/XC260420.ogg,4.0,-0.498,-76.373,birdclef-2025/train_audio/trsowl/XC260420.ogg,Aves,16.45715625
trsowl,trsowl/XC286824.ogg,4.0,6.1411,-75.6167,birdclef-2025/train_audio/trsowl/XC286824.ogg,Aves,13.68815625
trsowl,trsowl/XC328943.ogg,4.0,9.9081,-84.589,birdclef-2025/train_audio/trsowl/XC328943.ogg,Aves,16.48325
trsowl,trsowl/XC328944.ogg,4.0,9.9081,-84.589,birdclef-2025/train_audio/trsowl/XC328944.ogg,Aves,8.56815625
trsowl,trsowl/XC415688.ogg,4.0,4.1865,-73.5886,birdclef-2025/train_audio/trsowl/XC415688.ogg,Aves,11.016
trsowl,trsowl/XC428741.ogg,5.0,4.1397,-73.646,birdclef-2025/train_audio/trsowl/XC428741.ogg,Aves,13.248
trsowl,trsowl/XC454093.ogg,4.0,9.2201,-80.0073,birdclef-2025/train_audio/trsowl/XC454093.ogg,Aves,4.91103125
trsowl,trsowl/XC493624.ogg,4.0,-6.3761,-47.1085,birdclef-2025/train_audio/trsowl/XC493624.ogg,Aves,12.0946875
trsowl,trsowl/XC506976.ogg,4.0,4.843,-75.8187,birdclef-2025/train_audio/trsowl/XC506976.ogg,Aves,13.4008125
trsowl,trsowl/XC513866.ogg,4.0,-3.7603,-78.6443,birdclef-2025/train_audio/trsowl/XC513866.ogg,Aves,15.9346875
trsowl,trsowl/XC516383.ogg,4.0,-22.4212,-42.9559,birdclef-2025/train_audio/trsowl/XC516383.ogg,Aves,9.56
trsowl,trsowl/XC51902.ogg,4.0,-22.1931,-63.9445,birdclef-2025/train_audio/trsowl/XC51902.ogg,Aves,19.330625
trsowl,trsowl/XC51904.ogg,4.0,-22.1931,-63.9445,birdclef-2025/train_audio/trsowl/XC51904.ogg,Aves,4.93715625
trsowl,trsowl/XC531594.ogg,5.0,4.9465,-73.96,birdclef-2025/train_audio/trsowl/XC531594.ogg,Aves,5.12
trsowl,trsowl/XC531595.ogg,5.0,4.9465,-73.96,birdclef-2025/train_audio/trsowl/XC531595.ogg,Aves,10.266125
trsowl,trsowl/XC532379.ogg,4.0,5.2197,-75.4042,birdclef-2025/train_audio/trsowl/XC532379.ogg,Aves,12.0163125
trsowl,trsowl/XC549975.ogg,5.0,-26.5723,-53.8018,birdclef-2025/train_audio/trsowl/XC549975.ogg,Aves,9.12
trsowl,trsowl/XC551061.ogg,4.0,-27.4122,-56.2586,birdclef-2025/train_audio/trsowl/XC551061.ogg,Aves,18.442
trsowl,trsowl/XC553381.ogg,4.0,-27.8693,-55.1561,birdclef-2025/train_audio/trsowl/XC553381.ogg,Aves,8.28
trsowl,trsowl/XC564680.ogg,4.0,-9.4571,-70.4332,birdclef-2025/train_audio/trsowl/XC564680.ogg,Aves,10.7885625
trsowl,trsowl/XC574297.ogg,4.0,-16.7485,-49.277,birdclef-2025/train_audio/trsowl/XC574297.ogg,Aves,16.632
trsowl,trsowl/XC597121.ogg,5.0,4.3307,-74.3726,birdclef-2025/train_audio/trsowl/XC597121.ogg,Aves,7.728
trsowl,trsowl/XC619067.ogg,4.0,-31.4503,-60.9195,birdclef-2025/train_audio/trsowl/XC619067.ogg,Aves,19.488
trsowl,trsowl/XC694512.ogg,5.0,9.9373,-84.1801,birdclef-2025/train_audio/trsowl/XC694512.ogg,Aves,7.176
trsowl,trsowl/XC697637.ogg,4.0,2.0065,-75.9266,birdclef-2025/train_audio/trsowl/XC697637.ogg,Aves,10.24
trsowl,trsowl/XC730130.ogg,4.0,-0.5489,-76.0414,birdclef-2025/train_audio/trsowl/XC730130.ogg,Aves,14.706
trsowl,trsowl/XC738930.ogg,5.0,-30.1908,-57.6102,birdclef-2025/train_audio/trsowl/XC738930.ogg,Aves,15.333875
trsowl,trsowl/XC789020.ogg,4.5,-13.3558,-47.2809,birdclef-2025/train_audio/trsowl/XC789020.ogg,Aves,5.7730625
trsowl,trsowl/XC800293.ogg,4.0,-16.4727,-49.4959,birdclef-2025/train_audio/trsowl/XC800293.ogg,Aves,8.09796875
trsowl,trsowl/XC817031.ogg,5.0,-6.7131,-47.017,birdclef-2025/train_audio/trsowl/XC817031.ogg,Aves,17.76325
trsowl,trsowl/XC822812.ogg,4.0,-31.8168,-64.4233,birdclef-2025/train_audio/trsowl/XC822812.ogg,Aves,10.448
trsowl,trsowl/XC837427.ogg,5.0,-14.0858,-50.8244,birdclef-2025/train_audio/trsowl/XC837427.ogg,Aves,17.97225
trsowl,trsowl/XC837831.ogg,5.0,11.1681,-69.6947,birdclef-2025/train_audio/trsowl/XC837831.ogg,Aves,15.438375
trsowl,trsowl/XC837968.ogg,4.0,-31.8168,-64.4233,birdclef-2025/train_audio/trsowl/XC837968.ogg,Aves,8.071
trsowl,trsowl/XC845265.ogg,4.5,-16.5631,-49.285,birdclef-2025/train_audio/trsowl/XC845265.ogg,Aves,10.39675
trsowl,trsowl/XC85267.ogg,4.0,-4.2889,-70.2948,birdclef-2025/train_audio/trsowl/XC85267.ogg,Aves,16.48325
trsowl,trsowl/XC85268.ogg,4.0,-24.2667,-48.4167,birdclef-2025/train_audio/trsowl/XC85268.ogg,Aves,18.75590625
trsowl,trsowl/XC895869.ogg,4.0,-23.5872,-46.9094,birdclef-2025/train_audio/trsowl/XC895869.ogg,Aves,19.17228125
trsowl,trsowl/XC901191.ogg,5.0,-13.8891,-50.1832,birdclef-2025/train_audio/trsowl/XC901191.ogg,Aves,6.426
trsowl,trsowl/XC946134.ogg,4.0,3.5026,-76.3552,birdclef-2025/train_audio/trsowl/XC946134.ogg,Aves,2.0316875
trsowl,trsowl/XC946135.ogg,4.0,3.5026,-76.3552,birdclef-2025/train_audio/trsowl/XC946135.ogg,Aves,18.9989375
trsowl,trsowl/XC946137.ogg,4.0,3.5026,-76.3552,birdclef-2025/train_audio/trsowl/XC946137.ogg,Aves,1.39971875
trsowl,trsowl/XC946138.ogg,4.0,3.5026,-76.3552,birdclef-2025/train_audio/trsowl/XC946138.ogg,Aves,1.568
trsowl,trsowl/XC946139.ogg,4.0,3.5026,-76.3552,birdclef-2025/train_audio/trsowl/XC946139.ogg,Aves,3.7940625
trsowl,trsowl/XC962078.ogg,5.0,5.7134,-53.8643,birdclef-2025/train_audio/trsowl/XC962078.ogg,Aves,13.13959375
watjac1,watjac1/XC123993.ogg,4.0,-18.1206,-63.6471,birdclef-2025/train_audio/watjac1/XC123993.ogg,Aves,11.28490625
watjac1,watjac1/XC127171.ogg,5.0,-9.7326,-37.4351,birdclef-2025/train_audio/watjac1/XC127171.ogg,Aves,18.4685625
watjac1,watjac1/XC127172.ogg,4.0,-9.7326,-37.4351,birdclef-2025/train_audio/watjac1/XC127172.ogg,Aves,8.3853125
watjac1,watjac1/XC143235.ogg,5.0,-20.79,-42.8882,birdclef-2025/train_audio/watjac1/XC143235.ogg,Aves,5.6424375
watjac1,watjac1/XC144343.ogg,4.0,-34.904,-55.008,birdclef-2025/train_audio/watjac1/XC144343.ogg,Aves,19.0955
watjac1,watjac1/XC174393.ogg,5.0,-27.5218,-49.6199,birdclef-2025/train_audio/watjac1/XC174393.ogg,Aves,6.12
watjac1,watjac1/XC174726.ogg,5.0,-28.9361,-49.4923,birdclef-2025/train_audio/watjac1/XC174726.ogg,Aves,6.243
watjac1,watjac1/XC182551.ogg,4.0,0.1603,-76.8535,birdclef-2025/train_audio/watjac1/XC182551.ogg,Aves,5.093875
watjac1,watjac1/XC228685.ogg,5.0,-3.2251,-59.9317,birdclef-2025/train_audio/watjac1/XC228685.ogg,Aves,11.15428125
watjac1,watjac1/XC242052.ogg,4.0,-22.4508,-42.7735,birdclef-2025/train_audio/watjac1/XC242052.ogg,Aves,7.104
watjac1,watjac1/XC254093.ogg,4.0,7.5637,-69.4968,birdclef-2025/train_audio/watjac1/XC254093.ogg,Aves,12.1208125
watjac1,watjac1/XC255365.ogg,4.0,-7.2167,-75.3167,birdclef-2025/train_audio/watjac1/XC255365.ogg,Aves,11.93796875
watjac1,watjac1/XC257495.ogg,5.0,-0.523,-76.438,birdclef-2025/train_audio/watjac1/XC257495.ogg,Aves,18.23346875
watjac1,watjac1/XC257502.ogg,4.0,0.083,-80.05,birdclef-2025/train_audio/watjac1/XC257502.ogg,Aves,14.6024375
watjac1,watjac1/XC2765.ogg,4.0,-14.9001,-64.7167,birdclef-2025/train_audio/watjac1/XC2765.ogg,Aves,14.8636875
watjac1,watjac1/XC290380.ogg,4.0,-17.7833,-63.0666,birdclef-2025/train_audio/watjac1/XC290380.ogg,Aves,4.989375
watjac1,watjac1/XC325551.ogg,4.0,-2.6557,-57.9652,birdclef-2025/train_audio/watjac1/XC325551.ogg,Aves,7.728
watjac1,watjac1/XC343907.ogg,4.0,-19.0216,-57.4984,birdclef-2025/train_audio/watjac1/XC343907.ogg,Aves,12.8
watjac1,watjac1/XC351250.ogg,4.0,-20.2209,-56.5751,birdclef-2025/train_audio/watjac1/XC351250.ogg,Aves,7.99346875
watjac1,watjac1/XC357134.ogg,4.0,-2.6557,-57.9652,birdclef-2025/train_audio/watjac1/XC357134.ogg,Aves,5.112
watjac1,watjac1/XC392024.ogg,4.0,-22.4508,-42.7735,birdclef-2025/train_audio/watjac1/XC392024.ogg,Aves,12.072
watjac1,watjac1/XC410421.ogg,4.0,-24.2566,-65.3492,birdclef-2025/train_audio/watjac1/XC410421.ogg,Aves,19.069375
watjac1,watjac1/XC450429.ogg,4.0,5.1567,-52.6698,birdclef-2025/train_audio/watjac1/XC450429.ogg,Aves,9.95265625
watjac1,watjac1/XC51397.ogg,4.0,-22.1931,-63.9445,birdclef-2025/train_audio/watjac1/XC51397.ogg,Aves,19.8269375
watjac1,watjac1/XC582169.ogg,4.0,-22.9588,-42.8742,birdclef-2025/train_audio/watjac1/XC582169.ogg,Aves,9.168
watjac1,watjac1/XC6050.ogg,5.0,-22.5001,-42.7167,birdclef-2025/train_audio/watjac1/XC6050.ogg,Aves,11.72896875
watjac1,watjac1/XC627405.ogg,4.0,1.4898,-75.6801,birdclef-2025/train_audio/watjac1/XC627405.ogg,Aves,6.71346875
watjac1,watjac1/XC633004.ogg,4.0,-0.7097,-80.2075,birdclef-2025/train_audio/watjac1/XC633004.ogg,Aves,19.38284375
watjac1,watjac1/XC66026.ogg,5.0,8.874,-68.258,birdclef-2025/train_audio/watjac1/XC66026.ogg,Aves,7.23590625
watjac1,watjac1/XC66049.ogg,4.0,8.967,-68.078,birdclef-2025/train_audio/watjac1/XC66049.ogg,Aves,10.213875
watjac1,watjac1/XC686748.ogg,4.5,-31.3092,-54.0602,birdclef-2025/train_audio/watjac1/XC686748.ogg,Aves,11.023
watjac1,watjac1/XC704991.ogg,4.0,-31.1896,-59.9633,birdclef-2025/train_audio/watjac1/XC704991.ogg,Aves,16.535
watjac1,watjac1/XC705038.ogg,4.0,-31.1896,-59.9633,birdclef-2025/train_audio/watjac1/XC705038.ogg,Aves,1.933
watjac1,watjac1/XC761761.ogg,5.0,-16.5456,-49.1572,birdclef-2025/train_audio/watjac1/XC761761.ogg,Aves,5.0155
watjac1,watjac1/XC831119.ogg,5.0,-8.4577,-34.9918,birdclef-2025/train_audio/watjac1/XC831119.ogg,Aves,2.742
watjac1,watjac1/XC85182.ogg,4.0,-17.3949,-44.7873,birdclef-2025/train_audio/watjac1/XC85182.ogg,Aves,15.9346875
watjac1,watjac1/XC861470.ogg,4.0,-9.3794,-40.8067,birdclef-2025/train_audio/watjac1/XC861470.ogg,Aves,11.910125
watjac1,watjac1/XC901123.ogg,5.0,-13.2516,-50.5893,birdclef-2025/train_audio/watjac1/XC901123.ogg,Aves,5.328
watjac1,watjac1/XC928805.ogg,5.0,8.115,-80.5859,birdclef-2025/train_audio/watjac1/XC928805.ogg,Aves,18.16540625
watjac1,watjac1/XC946129.ogg,4.0,3.5026,-76.3552,birdclef-2025/train_audio/watjac1/XC946129.ogg,Aves,5.1693125
watjac1,watjac1/XC946130.ogg,4.0,3.5026,-76.3552,birdclef-2025/train_audio/watjac1/XC946130.ogg,Aves,16.3890625
watjac1,watjac1/XC946131.ogg,4.0,3.5026,-76.3552,birdclef-2025/train_audio/watjac1/XC946131.ogg,Aves,3.39971875
watjac1,watjac1/XC946969.ogg,4.5,5.9204,-74.64,birdclef-2025/train_audio/watjac1/XC946969.ogg,Aves,12.89671875
watjac1,watjac1/XC955580.ogg,5.0,-27.3597,-55.9097,birdclef-2025/train_audio/watjac1/XC955580.ogg,Aves,9.0
wbwwre1,wbwwre1/XC112909.ogg,4.0,9.164,-79.753,birdclef-2025/train_audio/wbwwre1/XC112909.ogg,Aves,11.80734375
wbwwre1,wbwwre1/XC114211.ogg,4.0,8.009,-77.748,birdclef-2025/train_audio/wbwwre1/XC114211.ogg,Aves,13.71428125
wbwwre1,wbwwre1/XC116561.ogg,4.0,6.3422,-77.3688,birdclef-2025/train_audio/wbwwre1/XC116561.ogg,Aves,17.71103125
wbwwre1,wbwwre1/XC116562.ogg,5.0,6.3422,-77.3688,birdclef-2025/train_audio/wbwwre1/XC116562.ogg,Aves,17.76325
wbwwre1,wbwwre1/XC11959.ogg,4.0,0.6923,-78.9095,birdclef-2025/train_audio/wbwwre1/XC11959.ogg,Aves,15.51675
wbwwre1,wbwwre1/XC123915.ogg,5.0,9.2176,-79.4225,birdclef-2025/train_audio/wbwwre1/XC123915.ogg,Aves,13.13959375
wbwwre1,wbwwre1/XC131578.ogg,4.0,9.125,-79.715,birdclef-2025/train_audio/wbwwre1/XC131578.ogg,Aves,6.048
wbwwre1,wbwwre1/XC131585.ogg,5.0,9.125,-79.715,birdclef-2025/train_audio/wbwwre1/XC131585.ogg,Aves,16.968
wbwwre1,wbwwre1/XC141308.ogg,4.0,16.9303,-93.4612,birdclef-2025/train_audio/wbwwre1/XC141308.ogg,Aves,17.86775
wbwwre1,wbwwre1/XC146307.ogg,5.0,17.3377,-95.0505,birdclef-2025/train_audio/wbwwre1/XC146307.ogg,Aves,13.63590625
wbwwre1,wbwwre1/XC164820.ogg,5.0,8.6,-80.1333,birdclef-2025/train_audio/wbwwre1/XC164820.ogg,Aves,18.5469375
wbwwre1,wbwwre1/XC166209.ogg,4.0,10.709,-85.057,birdclef-2025/train_audio/wbwwre1/XC166209.ogg,Aves,14.34121875
wbwwre1,wbwwre1/XC166455.ogg,4.0,9.832,-83.5639,birdclef-2025/train_audio/wbwwre1/XC166455.ogg,Aves,6.58284375
wbwwre1,wbwwre1/XC167883.ogg,5.0,-3.0936,-78.3951,birdclef-2025/train_audio/wbwwre1/XC167883.ogg,Aves,8.80325
wbwwre1,wbwwre1/XC178299.ogg,4.0,17.9918,-93.5877,birdclef-2025/train_audio/wbwwre1/XC178299.ogg,Aves,10.7624375
wbwwre1,wbwwre1/XC185736.ogg,4.0,14.8951,-86.8155,birdclef-2025/train_audio/wbwwre1/XC185736.ogg,Aves,17.1363125
wbwwre1,wbwwre1/XC185740.ogg,4.0,14.8951,-86.8155,birdclef-2025/train_audio/wbwwre1/XC185740.ogg,Aves,7.0269375
wbwwre1,wbwwre1/XC185915.ogg,4.0,14.8951,-86.8155,birdclef-2025/train_audio/wbwwre1/XC185915.ogg,Aves,10.52734375
wbwwre1,wbwwre1/XC207949.ogg,5.0,-4.1146,-78.9648,birdclef-2025/train_audio/wbwwre1/XC207949.ogg,Aves,13.16571875
wbwwre1,wbwwre1/XC215529.ogg,5.0,15.5077,-88.0561,birdclef-2025/train_audio/wbwwre1/XC215529.ogg,Aves,8.64653125
wbwwre1,wbwwre1/XC216025.ogg,5.0,-4.2823,-77.2406,birdclef-2025/train_audio/wbwwre1/XC216025.ogg,Aves,8.592
wbwwre1,wbwwre1/XC216571.ogg,4.0,7.5591,-60.9225,birdclef-2025/train_audio/wbwwre1/XC216571.ogg,Aves,16.7445
wbwwre1,wbwwre1/XC225299.ogg,5.0,7.5591,-60.9225,birdclef-2025/train_audio/wbwwre1/XC225299.ogg,Aves,4.5453125
wbwwre1,wbwwre1/XC225300.ogg,5.0,7.5591,-60.9225,birdclef-2025/train_audio/wbwwre1/XC225300.ogg,Aves,12.32978125
wbwwre1,wbwwre1/XC241563.ogg,5.0,1.3001,-78.0834,birdclef-2025/train_audio/wbwwre1/XC241563.ogg,Aves,18.12
wbwwre1,wbwwre1/XC242752.ogg,4.0,-2.55,-77.9,birdclef-2025/train_audio/wbwwre1/XC242752.ogg,Aves,10.3445
wbwwre1,wbwwre1/XC242753.ogg,4.0,-2.55,-77.9,birdclef-2025/train_audio/wbwwre1/XC242753.ogg,Aves,13.27021875
wbwwre1,wbwwre1/XC242758.ogg,5.0,-0.712,-77.741,birdclef-2025/train_audio/wbwwre1/XC242758.ogg,Aves,19.35675
wbwwre1,wbwwre1/XC242762.ogg,5.0,-0.641,-76.461,birdclef-2025/train_audio/wbwwre1/XC242762.ogg,Aves,17.73715625
wbwwre1,wbwwre1/XC242764.ogg,4.0,-0.641,-76.461,birdclef-2025/train_audio/wbwwre1/XC242764.ogg,Aves,16.48325
wbwwre1,wbwwre1/XC242765.ogg,4.0,-1.583,-77.785,birdclef-2025/train_audio/wbwwre1/XC242765.ogg,Aves,16.24815625
wbwwre1,wbwwre1/XC242768.ogg,4.0,0.867,-78.733,birdclef-2025/train_audio/wbwwre1/XC242768.ogg,Aves,5.041625
wbwwre1,wbwwre1/XC247106.ogg,4.0,7.5591,-60.9225,birdclef-2025/train_audio/wbwwre1/XC247106.ogg,Aves,4.5453125
wbwwre1,wbwwre1/XC250979.ogg,4.0,-0.833,-77.567,birdclef-2025/train_audio/wbwwre1/XC250979.ogg,Aves,12.35590625
wbwwre1,wbwwre1/XC259377.ogg,5.0,-1.035,-77.399,birdclef-2025/train_audio/wbwwre1/XC259377.ogg,Aves,18.4424375
wbwwre1,wbwwre1/XC259378.ogg,5.0,-0.712,-77.741,birdclef-2025/train_audio/wbwwre1/XC259378.ogg,Aves,8.01959375
wbwwre1,wbwwre1/XC261079.ogg,5.0,-0.712,-77.741,birdclef-2025/train_audio/wbwwre1/XC261079.ogg,Aves,7.706125
wbwwre1,wbwwre1/XC262421.ogg,5.0,0.883,-78.8,birdclef-2025/train_audio/wbwwre1/XC262421.ogg,Aves,14.52409375
wbwwre1,wbwwre1/XC262428.ogg,5.0,0.783,-78.95,birdclef-2025/train_audio/wbwwre1/XC262428.ogg,Aves,12.61715625
wbwwre1,wbwwre1/XC262429.ogg,5.0,0.883,-78.8,birdclef-2025/train_audio/wbwwre1/XC262429.ogg,Aves,12.0424375
wbwwre1,wbwwre1/XC262430.ogg,4.5,0.867,-78.733,birdclef-2025/train_audio/wbwwre1/XC262430.ogg,Aves,14.36734375
wbwwre1,wbwwre1/XC262431.ogg,5.0,0.867,-78.733,birdclef-2025/train_audio/wbwwre1/XC262431.ogg,Aves,8.90775
wbwwre1,wbwwre1/XC262432.ogg,5.0,0.883,-78.8,birdclef-2025/train_audio/wbwwre1/XC262432.ogg,Aves,14.44571875
wbwwre1,wbwwre1/XC262433.ogg,5.0,0.883,-78.8,birdclef-2025/train_audio/wbwwre1/XC262433.ogg,Aves,15.09878125
wbwwre1,wbwwre1/XC262434.ogg,5.0,0.883,-78.8,birdclef-2025/train_audio/wbwwre1/XC262434.ogg,Aves,19.069375
wbwwre1,wbwwre1/XC262435.ogg,4.5,0.883,-78.8,birdclef-2025/train_audio/wbwwre1/XC262435.ogg,Aves,11.93796875
wbwwre1,wbwwre1/XC262436.ogg,5.0,0.883,-78.8,birdclef-2025/train_audio/wbwwre1/XC262436.ogg,Aves,15.41225
wbwwre1,wbwwre1/XC263356.ogg,4.0,15.3005,-85.3024,birdclef-2025/train_audio/wbwwre1/XC263356.ogg,Aves,10.03103125
wbwwre1,wbwwre1/XC275567.ogg,4.5,0.6,-79.0,birdclef-2025/train_audio/wbwwre1/XC275567.ogg,Aves,19.9053125
wbwwre1,wbwwre1/XC275568.ogg,5.0,0.683,-78.917,birdclef-2025/train_audio/wbwwre1/XC275568.ogg,Aves,15.229375
wbwwre1,wbwwre1/XC276086.ogg,5.0,0.883,-78.8,birdclef-2025/train_audio/wbwwre1/XC276086.ogg,Aves,17.73715625
wbwwre1,wbwwre1/XC276088.ogg,5.0,-2.299,-78.137,birdclef-2025/train_audio/wbwwre1/XC276088.ogg,Aves,16.5355
wbwwre1,wbwwre1/XC277408.ogg,4.0,-4.108,-78.964,birdclef-2025/train_audio/wbwwre1/XC277408.ogg,Aves,11.12815625
wbwwre1,wbwwre1/XC28314.ogg,4.0,17.777,-89.0114,birdclef-2025/train_audio/wbwwre1/XC28314.ogg,Aves,14.001625
wbwwre1,wbwwre1/XC28576.ogg,5.0,16.7812,-88.4587,birdclef-2025/train_audio/wbwwre1/XC28576.ogg,Aves,12.826125
wbwwre1,wbwwre1/XC286835.ogg,5.0,-0.114,-77.442,birdclef-2025/train_audio/wbwwre1/XC286835.ogg,Aves,4.80653125
wbwwre1,wbwwre1/XC311851.ogg,5.0,6.6124,-74.592,birdclef-2025/train_audio/wbwwre1/XC311851.ogg,Aves,17.60653125
wbwwre1,wbwwre1/XC31788.ogg,5.0,18.5231,-95.1437,birdclef-2025/train_audio/wbwwre1/XC31788.ogg,Aves,13.5314375
wbwwre1,wbwwre1/XC322059.ogg,5.0,0.6937,-77.0935,birdclef-2025/train_audio/wbwwre1/XC322059.ogg,Aves,17.2669375
wbwwre1,wbwwre1/XC327712.ogg,5.0,13.7382,-86.3858,birdclef-2025/train_audio/wbwwre1/XC327712.ogg,Aves,17.976
wbwwre1,wbwwre1/XC338414.ogg,5.0,9.832,-83.5639,birdclef-2025/train_audio/wbwwre1/XC338414.ogg,Aves,16.45715625
wbwwre1,wbwwre1/XC368086.ogg,4.0,13.238,-86.056,birdclef-2025/train_audio/wbwwre1/XC368086.ogg,Aves,15.09878125
wbwwre1,wbwwre1/XC380337.ogg,5.0,6.8714,-75.8098,birdclef-2025/train_audio/wbwwre1/XC380337.ogg,Aves,4.032
wbwwre1,wbwwre1/XC384205.ogg,5.0,13.2724,-85.7178,birdclef-2025/train_audio/wbwwre1/XC384205.ogg,Aves,5.0155
wbwwre1,wbwwre1/XC386214.ogg,5.0,5.0794,-74.6172,birdclef-2025/train_audio/wbwwre1/XC386214.ogg,Aves,14.496
wbwwre1,wbwwre1/XC387145.ogg,4.0,6.92,-75.1694,birdclef-2025/train_audio/wbwwre1/XC387145.ogg,Aves,11.049
wbwwre1,wbwwre1/XC387152.ogg,4.5,5.1267,-74.5707,birdclef-2025/train_audio/wbwwre1/XC387152.ogg,Aves,16.512
wbwwre1,wbwwre1/XC397701.ogg,4.0,9.1332,-79.7195,birdclef-2025/train_audio/wbwwre1/XC397701.ogg,Aves,18.259
wbwwre1,wbwwre1/XC403136.ogg,4.0,6.8714,-75.8098,birdclef-2025/train_audio/wbwwre1/XC403136.ogg,Aves,3.792
wbwwre1,wbwwre1/XC403137.ogg,4.0,6.8714,-75.8098,birdclef-2025/train_audio/wbwwre1/XC403137.ogg,Aves,9.0
wbwwre1,wbwwre1/XC403140.ogg,5.0,6.8714,-75.8098,birdclef-2025/train_audio/wbwwre1/XC403140.ogg,Aves,14.376
wbwwre1,wbwwre1/XC404827.ogg,5.0,6.8714,-75.8098,birdclef-2025/train_audio/wbwwre1/XC404827.ogg,Aves,13.8
wbwwre1,wbwwre1/XC404831.ogg,5.0,6.8714,-75.8098,birdclef-2025/train_audio/wbwwre1/XC404831.ogg,Aves,7.44
wbwwre1,wbwwre1/XC449234.ogg,5.0,0.6513,-77.0739,birdclef-2025/train_audio/wbwwre1/XC449234.ogg,Aves,11.31103125
wbwwre1,wbwwre1/XC449518.ogg,4.0,0.7398,-77.1051,birdclef-2025/train_audio/wbwwre1/XC449518.ogg,Aves,10.318375
wbwwre1,wbwwre1/XC449520.ogg,5.0,0.7398,-77.1051,birdclef-2025/train_audio/wbwwre1/XC449520.ogg,Aves,9.6653125
wbwwre1,wbwwre1/XC453868.ogg,4.0,10.2828,-84.798,birdclef-2025/train_audio/wbwwre1/XC453868.ogg,Aves,10.18775
wbwwre1,wbwwre1/XC456409.ogg,5.0,3.8518,-51.8894,birdclef-2025/train_audio/wbwwre1/XC456409.ogg,Aves,18.72978125
wbwwre1,wbwwre1/XC456717.ogg,5.0,9.222,-80.024,birdclef-2025/train_audio/wbwwre1/XC456717.ogg,Aves,10.24
wbwwre1,wbwwre1/XC460017.ogg,5.0,8.5105,-81.0934,birdclef-2025/train_audio/wbwwre1/XC460017.ogg,Aves,11.85959375
wbwwre1,wbwwre1/XC461754.ogg,4.0,-0.4714,-76.4603,birdclef-2025/train_audio/wbwwre1/XC461754.ogg,Aves,6.216
wbwwre1,wbwwre1/XC465206.ogg,5.0,-4.2569,-78.6489,birdclef-2025/train_audio/wbwwre1/XC465206.ogg,Aves,17.397
wbwwre1,wbwwre1/XC519206.ogg,4.0,0.0742,-72.4514,birdclef-2025/train_audio/wbwwre1/XC519206.ogg,Aves,17.946125
wbwwre1,wbwwre1/XC521148.ogg,4.0,4.5646,-74.9392,birdclef-2025/train_audio/wbwwre1/XC521148.ogg,Aves,6.624
wbwwre1,wbwwre1/XC522894.ogg,4.0,17.539,-89.1111,birdclef-2025/train_audio/wbwwre1/XC522894.ogg,Aves,6.9485625
wbwwre1,wbwwre1/XC524211.ogg,4.0,-1.4266,-78.098,birdclef-2025/train_audio/wbwwre1/XC524211.ogg,Aves,15.96
wbwwre1,wbwwre1/XC525148.ogg,5.0,0.2175,-72.4231,birdclef-2025/train_audio/wbwwre1/XC525148.ogg,Aves,18.25959375
wbwwre1,wbwwre1/XC525327.ogg,4.0,0.2119,-72.4175,birdclef-2025/train_audio/wbwwre1/XC525327.ogg,Aves,18.5208125
wbwwre1,wbwwre1/XC526138.ogg,5.0,10.232,-84.5481,birdclef-2025/train_audio/wbwwre1/XC526138.ogg,Aves,15.312
wbwwre1,wbwwre1/XC532516.ogg,4.0,5.2461,-75.6853,birdclef-2025/train_audio/wbwwre1/XC532516.ogg,Aves,15.54284375
wbwwre1,wbwwre1/XC532521.ogg,4.0,5.2461,-75.6853,birdclef-2025/train_audio/wbwwre1/XC532521.ogg,Aves,18.5208125
wbwwre1,wbwwre1/XC532530.ogg,4.0,5.2461,-75.6853,birdclef-2025/train_audio/wbwwre1/XC532530.ogg,Aves,19.278375
wbwwre1,wbwwre1/XC538033.ogg,5.0,4.351,-74.652,birdclef-2025/train_audio/wbwwre1/XC538033.ogg,Aves,17.76325
wbwwre1,wbwwre1/XC538034.ogg,5.0,4.351,-74.652,birdclef-2025/train_audio/wbwwre1/XC538034.ogg,Aves,13.13959375
wbwwre1,wbwwre1/XC56462.ogg,4.0,8.1209,-78.09,birdclef-2025/train_audio/wbwwre1/XC56462.ogg,Aves,5.32896875
wbwwre1,wbwwre1/XC589682.ogg,5.0,2.2307,-75.4946,birdclef-2025/train_audio/wbwwre1/XC589682.ogg,Aves,4.78040625
wbwwre1,wbwwre1/XC589683.ogg,5.0,2.1869,-75.5584,birdclef-2025/train_audio/wbwwre1/XC589683.ogg,Aves,6.4
wbwwre1,wbwwre1/XC594570.ogg,5.0,1.7135,-75.7326,birdclef-2025/train_audio/wbwwre1/XC594570.ogg,Aves,6.24325
wbwwre1,wbwwre1/XC610440.ogg,5.0,4.993,-75.5996,birdclef-2025/train_audio/wbwwre1/XC610440.ogg,Aves,16.152
wbwwre1,wbwwre1/XC618011.ogg,4.0,18.3654,-95.0258,birdclef-2025/train_audio/wbwwre1/XC618011.ogg,Aves,13.032
wbwwre1,wbwwre1/XC643171.ogg,5.0,13.1834,-85.5043,birdclef-2025/train_audio/wbwwre1/XC643171.ogg,Aves,15.333
wbwwre1,wbwwre1/XC664312.ogg,4.0,4.4615,-75.0514,birdclef-2025/train_audio/wbwwre1/XC664312.ogg,Aves,10.344
wbwwre1,wbwwre1/XC664313.ogg,4.0,4.4615,-75.0514,birdclef-2025/train_audio/wbwwre1/XC664313.ogg,Aves,6.672
wbwwre1,wbwwre1/XC729823.ogg,4.0,10.2818,-84.0449,birdclef-2025/train_audio/wbwwre1/XC729823.ogg,Aves,13.89715625
wbwwre1,wbwwre1/XC766439.ogg,4.0,10.437,-84.7093,birdclef-2025/train_audio/wbwwre1/XC766439.ogg,Aves,7.36140625
wbwwre1,wbwwre1/XC774136.ogg,4.0,10.2993,-84.8174,birdclef-2025/train_audio/wbwwre1/XC774136.ogg,Aves,13.3050625
wbwwre1,wbwwre1/XC775882.ogg,4.0,-0.537,-77.4248,birdclef-2025/train_audio/wbwwre1/XC775882.ogg,Aves,17.475
wbwwre1,wbwwre1/XC777336.ogg,5.0,10.2993,-84.8174,birdclef-2025/train_audio/wbwwre1/XC777336.ogg,Aves,18.9098125
wbwwre1,wbwwre1/XC796993.ogg,5.0,17.1543,-88.8522,birdclef-2025/train_audio/wbwwre1/XC796993.ogg,Aves,5.8346875
wbwwre1,wbwwre1/XC797368.ogg,4.0,17.069,-88.9882,birdclef-2025/train_audio/wbwwre1/XC797368.ogg,Aves,7.53440625
wbwwre1,wbwwre1/XC857722.ogg,4.0,17.1892,-95.0483,birdclef-2025/train_audio/wbwwre1/XC857722.ogg,Aves,10.896
wbwwre1,wbwwre1/XC857723.ogg,4.0,17.1892,-95.0483,birdclef-2025/train_audio/wbwwre1/XC857723.ogg,Aves,12.456
wbwwre1,wbwwre1/XC892732.ogg,4.0,-0.6756,-77.6014,birdclef-2025/train_audio/wbwwre1/XC892732.ogg,Aves,14.85028125
wbwwre1,wbwwre1/XC897774.ogg,5.0,-1.1405,-77.9542,birdclef-2025/train_audio/wbwwre1/XC897774.ogg,Aves,14.338
wbwwre1,wbwwre1/XC897775.ogg,5.0,-1.1405,-77.9542,birdclef-2025/train_audio/wbwwre1/XC897775.ogg,Aves,13.2166875
wbwwre1,wbwwre1/XC9328.ogg,4.0,-0.4,-76.333,birdclef-2025/train_audio/wbwwre1/XC9328.ogg,Aves,1.828
wbwwre1,wbwwre1/XC949491.ogg,5.0,10.4256,-84.7356,birdclef-2025/train_audio/wbwwre1/XC949491.ogg,Aves,20.0
wbwwre1,wbwwre1/XC955416.ogg,5.0,9.8328,-83.5635,birdclef-2025/train_audio/wbwwre1/XC955416.ogg,Aves,16.776
wbwwre1,wbwwre1/XC956669.ogg,5.0,9.832,-83.5639,birdclef-2025/train_audio/wbwwre1/XC956669.ogg,Aves,18.84
whbant1,whbant1/XC112886.ogg,4.0,9.1199,-79.6991,birdclef-2025/train_audio/whbant1/XC112886.ogg,Aves,7.49715625
whbant1,whbant1/XC114159.ogg,4.0,4.7455,-74.5339,birdclef-2025/train_audio/whbant1/XC114159.ogg,Aves,8.75103125
whbant1,whbant1/XC17190.ogg,4.0,9.0617,-79.6498,birdclef-2025/train_audio/whbant1/XC17190.ogg,Aves,6.0
whbant1,whbant1/XC182262.ogg,5.0,8.9952,-79.5461,birdclef-2025/train_audio/whbant1/XC182262.ogg,Aves,5.304
whbant1,whbant1/XC216013.ogg,5.0,3.7528,-59.3101,birdclef-2025/train_audio/whbant1/XC216013.ogg,Aves,8.04
whbant1,whbant1/XC216014.ogg,5.0,3.7528,-59.3101,birdclef-2025/train_audio/whbant1/XC216014.ogg,Aves,7.44
whbant1,whbant1/XC315198.ogg,5.0,5.3059,-74.5492,birdclef-2025/train_audio/whbant1/XC315198.ogg,Aves,9.744
whbant1,whbant1/XC315199.ogg,5.0,5.3059,-74.5492,birdclef-2025/train_audio/whbant1/XC315199.ogg,Aves,10.992
whbant1,whbant1/XC315200.ogg,4.5,5.3059,-74.5492,birdclef-2025/train_audio/whbant1/XC315200.ogg,Aves,19.032
whbant1,whbant1/XC370948.ogg,5.0,9.0334,-80.1334,birdclef-2025/train_audio/whbant1/XC370948.ogg,Aves,4.80653125
whbant1,whbant1/XC379392.ogg,4.0,5.0209,-74.302,birdclef-2025/train_audio/whbant1/XC379392.ogg,Aves,9.984
whbant1,whbant1/XC380228.ogg,4.5,5.1252,-74.5647,birdclef-2025/train_audio/whbant1/XC380228.ogg,Aves,8.184
whbant1,whbant1/XC380236.ogg,4.5,5.1252,-74.5647,birdclef-2025/train_audio/whbant1/XC380236.ogg,Aves,11.592
whbant1,whbant1/XC388458.ogg,5.0,5.1266,-74.5924,birdclef-2025/train_audio/whbant1/XC388458.ogg,Aves,8.016
whbant1,whbant1/XC388459.ogg,5.0,5.1266,-74.5924,birdclef-2025/train_audio/whbant1/XC388459.ogg,Aves,6.912
whbant1,whbant1/XC3890.ogg,5.0,9.8773,-62.9687,birdclef-2025/train_audio/whbant1/XC3890.ogg,Aves,18.6775625
whbant1,whbant1/XC405715.ogg,5.0,10.3542,-75.4289,birdclef-2025/train_audio/whbant1/XC405715.ogg,Aves,7.52325
whbant1,whbant1/XC433329.ogg,5.0,8.6001,-80.1251,birdclef-2025/train_audio/whbant1/XC433329.ogg,Aves,19.9314375
whbant1,whbant1/XC445053.ogg,5.0,4.351,-74.652,birdclef-2025/train_audio/whbant1/XC445053.ogg,Aves,6.76571875
whbant1,whbant1/XC456219.ogg,4.0,3.3821,-61.4464,birdclef-2025/train_audio/whbant1/XC456219.ogg,Aves,5.064
whbant1,whbant1/XC574227.ogg,4.0,11.229,-73.485,birdclef-2025/train_audio/whbant1/XC574227.ogg,Aves,4.5714375
whbant1,whbant1/XC591411.ogg,4.0,9.0773,-79.5975,birdclef-2025/train_audio/whbant1/XC591411.ogg,Aves,9.4824375
whbant1,whbant1/XC679891.ogg,5.0,11.1783,-69.5624,birdclef-2025/train_audio/whbant1/XC679891.ogg,Aves,6.68734375
whbant1,whbant1/XC782243.ogg,4.0,3.7475,-59.3122,birdclef-2025/train_audio/whbant1/XC782243.ogg,Aves,5.952
whbant1,whbant1/XC9199.ogg,5.0,6.7084,-61.6056,birdclef-2025/train_audio/whbant1/XC9199.ogg,Aves,9.168
whbant1,whbant1/XC961693.ogg,5.0,8.5939,-80.1416,birdclef-2025/train_audio/whbant1/XC961693.ogg,Aves,17.801875
whbman1,whbman1/XC164659.ogg,4.0,-22.4334,-44.6334,birdclef-2025/train_audio/whbman1/XC164659.ogg,Aves,9.37796875
whbman1,whbman1/XC169906.ogg,4.0,-19.2204,-42.4832,birdclef-2025/train_audio/whbman1/XC169906.ogg,Aves,16.35265625
whbman1,whbman1/XC174272.ogg,4.0,-26.8054,-49.2899,birdclef-2025/train_audio/whbman1/XC174272.ogg,Aves,16.38
whbman1,whbman1/XC192719.ogg,4.0,-26.9862,-48.6476,birdclef-2025/train_audio/whbman1/XC192719.ogg,Aves,8.59428125
whbman1,whbman1/XC193138.ogg,4.0,-22.4508,-42.7735,birdclef-2025/train_audio/whbman1/XC193138.ogg,Aves,17.544
whbman1,whbman1/XC1937.ogg,4.0,-14.6112,-61.1928,birdclef-2025/train_audio/whbman1/XC1937.ogg,Aves,4.17959375
whbman1,whbman1/XC206682.ogg,5.0,-22.4508,-42.7735,birdclef-2025/train_audio/whbman1/XC206682.ogg,Aves,16.224
whbman1,whbman1/XC220736.ogg,4.0,8.8211,-70.5013,birdclef-2025/train_audio/whbman1/XC220736.ogg,Aves,8.56815625
whbman1,whbman1/XC248431.ogg,4.0,0.217,-78.89,birdclef-2025/train_audio/whbman1/XC248431.ogg,Aves,17.92
whbman1,whbman1/XC249430.ogg,4.0,-0.991,-77.811,birdclef-2025/train_audio/whbman1/XC249430.ogg,Aves,13.4008125
whbman1,whbman1/XC259108.ogg,4.0,-3.6,-73.15,birdclef-2025/train_audio/whbman1/XC259108.ogg,Aves,19.56571875
whbman1,whbman1/XC259110.ogg,4.0,-2.54,-76.859,birdclef-2025/train_audio/whbman1/XC259110.ogg,Aves,13.4791875
whbman1,whbman1/XC259111.ogg,5.0,0.083,-79.083,birdclef-2025/train_audio/whbman1/XC259111.ogg,Aves,18.72978125
whbman1,whbman1/XC262313.ogg,5.0,0.883,-78.8,birdclef-2025/train_audio/whbman1/XC262313.ogg,Aves,18.25959375
whbman1,whbman1/XC278944.ogg,5.0,-22.4508,-42.7735,birdclef-2025/train_audio/whbman1/XC278944.ogg,Aves,3.2914375
whbman1,whbman1/XC287958.ogg,5.0,-22.4508,-42.7735,birdclef-2025/train_audio/whbman1/XC287958.ogg,Aves,4.12734375
whbman1,whbman1/XC317176.ogg,4.0,-22.5939,-43.4347,birdclef-2025/train_audio/whbman1/XC317176.ogg,Aves,8.16
whbman1,whbman1/XC319859.ogg,4.0,-23.012,-44.5351,birdclef-2025/train_audio/whbman1/XC319859.ogg,Aves,19.67021875
whbman1,whbman1/XC342750.ogg,4.0,-8.6204,-48.4106,birdclef-2025/train_audio/whbman1/XC342750.ogg,Aves,8.12409375
whbman1,whbman1/XC344574.ogg,4.0,-26.3182,-48.8969,birdclef-2025/train_audio/whbman1/XC344574.ogg,Aves,19.6963125
whbman1,whbman1/XC347738.ogg,4.0,-24.2992,-47.0555,birdclef-2025/train_audio/whbman1/XC347738.ogg,Aves,15.59509375
whbman1,whbman1/XC353938.ogg,5.0,6.0498,-74.2614,birdclef-2025/train_audio/whbman1/XC353938.ogg,Aves,10.44
whbman1,whbman1/XC387898.ogg,4.0,-22.4508,-42.7735,birdclef-2025/train_audio/whbman1/XC387898.ogg,Aves,4.872
whbman1,whbman1/XC419469.ogg,4.0,-22.8842,-48.4442,birdclef-2025/train_audio/whbman1/XC419469.ogg,Aves,19.931
whbman1,whbman1/XC425523.ogg,4.0,5.9002,-74.8485,birdclef-2025/train_audio/whbman1/XC425523.ogg,Aves,19.069375
whbman1,whbman1/XC428480.ogg,5.0,5.332,-74.92,birdclef-2025/train_audio/whbman1/XC428480.ogg,Aves,9.768
whbman1,whbman1/XC442830.ogg,4.0,-10.5117,-66.1783,birdclef-2025/train_audio/whbman1/XC442830.ogg,Aves,10.488
whbman1,whbman1/XC480632.ogg,4.0,-22.9302,-43.0879,birdclef-2025/train_audio/whbman1/XC480632.ogg,Aves,17.44978125
whbman1,whbman1/XC539989.ogg,4.0,4.7216,-52.3073,birdclef-2025/train_audio/whbman1/XC539989.ogg,Aves,6.4
whbman1,whbman1/XC581666.ogg,4.0,4.2711,-52.3777,birdclef-2025/train_audio/whbman1/XC581666.ogg,Aves,13.3485625
whbman1,whbman1/XC609572.ogg,4.0,0.7002,-75.245,birdclef-2025/train_audio/whbman1/XC609572.ogg,Aves,16.0653125
whbman1,whbman1/XC610282.ogg,4.0,-22.5939,-43.4347,birdclef-2025/train_audio/whbman1/XC610282.ogg,Aves,16.176
whbman1,whbman1/XC655072.ogg,4.0,-13.4923,-61.9671,birdclef-2025/train_audio/whbman1/XC655072.ogg,Aves,8.045
whbman1,whbman1/XC697357.ogg,4.0,-9.2162,-35.8741,birdclef-2025/train_audio/whbman1/XC697357.ogg,Aves,3.1869375
whbman1,whbman1/XC6995.ogg,5.0,-0.5889,-79.3626,birdclef-2025/train_audio/whbman1/XC6995.ogg,Aves,19.278375
whbman1,whbman1/XC709714.ogg,4.0,3.546,-73.3991,birdclef-2025/train_audio/whbman1/XC709714.ogg,Aves,13.5314375
whbman1,whbman1/XC82254.ogg,4.0,-23.4727,-45.1892,birdclef-2025/train_audio/whbman1/XC82254.ogg,Aves,15.62121875
whbman1,whbman1/XC82255.ogg,4.0,-23.4727,-45.1892,birdclef-2025/train_audio/whbman1/XC82255.ogg,Aves,10.00490625
whbman1,whbman1/XC82256.ogg,4.0,-23.4693,-45.1695,birdclef-2025/train_audio/whbman1/XC82256.ogg,Aves,12.35590625
whbman1,whbman1/XC82258.ogg,4.0,-9.3001,-35.9334,birdclef-2025/train_audio/whbman1/XC82258.ogg,Aves,19.7746875
whbman1,whbman1/XC871749.ogg,5.0,0.346,-79.709,birdclef-2025/train_audio/whbman1/XC871749.ogg,Aves,2.57665625
whbman1,whbman1/XC926603.ogg,4.0,4.8612,-52.5211,birdclef-2025/train_audio/whbman1/XC926603.ogg,Aves,12.0163125
whbman1,whbman1/XC926998.ogg,5.0,-26.7756,-48.7144,birdclef-2025/train_audio/whbman1/XC926998.ogg,Aves,9.978
whbman1,whbman1/XC927021.ogg,5.0,-26.7756,-48.7144,birdclef-2025/train_audio/whbman1/XC927021.ogg,Aves,12.669
whbman1,whbman1/XC939708.ogg,5.0,1.4637,-60.9724,birdclef-2025/train_audio/whbman1/XC939708.ogg,Aves,15.255
whbman1,whbman1/XC948727.ogg,5.0,6.8101,-75.1424,birdclef-2025/train_audio/whbman1/XC948727.ogg,Aves,16.02225
whfant1,whfant1/XC177598.ogg,4.0,-6.2334,-35.0501,birdclef-2025/train_audio/whfant1/XC177598.ogg,Aves,14.39346875
whfant1,whfant1/XC326168.ogg,4.0,-16.4525,-39.2554,birdclef-2025/train_audio/whfant1/XC326168.ogg,Aves,19.512
whfant1,whfant1/XC385022.ogg,5.0,-7.1702,-34.8205,birdclef-2025/train_audio/whfant1/XC385022.ogg,Aves,13.068
whfant1,whfant1/XC401103.ogg,4.0,-15.6421,-57.1899,birdclef-2025/train_audio/whfant1/XC401103.ogg,Aves,14.41959375
whfant1,whfant1/XC416478.ogg,4.0,-15.2144,-51.1947,birdclef-2025/train_audio/whfant1/XC416478.ogg,Aves,18.28571875
whfant1,whfant1/XC416479.ogg,4.0,-15.2144,-51.1947,birdclef-2025/train_audio/whfant1/XC416479.ogg,Aves,13.66203125
whfant1,whfant1/XC437963.ogg,4.0,-9.5627,-55.9207,birdclef-2025/train_audio/whfant1/XC437963.ogg,Aves,9.288
whfant1,whfant1/XC469148.ogg,4.0,-6.0934,-50.2276,birdclef-2025/train_audio/whfant1/XC469148.ogg,Aves,13.824
whfant1,whfant1/XC493422.ogg,4.5,-6.3761,-47.1085,birdclef-2025/train_audio/whfant1/XC493422.ogg,Aves,10.03103125
whfant1,whfant1/XC5034.ogg,4.0,-6.1603,-50.3459,birdclef-2025/train_audio/whfant1/XC5034.ogg,Aves,18.5730625
whfant1,whfant1/XC654589.ogg,4.5,-13.4557,-62.0139,birdclef-2025/train_audio/whfant1/XC654589.ogg,Aves,4.048
whfant1,whfant1/XC660367.ogg,4.0,-0.6299,-72.4131,birdclef-2025/train_audio/whfant1/XC660367.ogg,Aves,2.586
whfant1,whfant1/XC690811.ogg,4.0,0.9652,-50.0582,birdclef-2025/train_audio/whfant1/XC690811.ogg,Aves,16.84896875
whfant1,whfant1/XC697191.ogg,5.0,-9.2162,-35.8741,birdclef-2025/train_audio/whfant1/XC697191.ogg,Aves,11.67675
whfant1,whfant1/XC697369.ogg,5.0,-9.2162,-35.8741,birdclef-2025/train_audio/whfant1/XC697369.ogg,Aves,6.79184375
whfant1,whfant1/XC705728.ogg,5.0,-17.8443,-40.3426,birdclef-2025/train_audio/whfant1/XC705728.ogg,Aves,18.0245
whfant1,whfant1/XC763564.ogg,4.0,4.199,-74.6389,birdclef-2025/train_audio/whfant1/XC763564.ogg,Aves,5.928
whfant1,whfant1/XC764065.ogg,4.5,4.199,-74.6389,birdclef-2025/train_audio/whfant1/XC764065.ogg,Aves,16.128
whfant1,whfant1/XC769596.ogg,5.0,-6.3776,-47.4047,birdclef-2025/train_audio/whfant1/XC769596.ogg,Aves,3.60490625
whfant1,whfant1/XC782567.ogg,4.0,-9.5682,-50.1145,birdclef-2025/train_audio/whfant1/XC782567.ogg,Aves,15.7270625
whfant1,whfant1/XC80184.ogg,4.5,-8.7267,-35.7933,birdclef-2025/train_audio/whfant1/XC80184.ogg,Aves,16.45715625
whfant1,whfant1/XC834192.ogg,4.0,-9.5937,-50.1049,birdclef-2025/train_audio/whfant1/XC834192.ogg,Aves,11.771875
whfant1,whfant1/XC838054.ogg,5.0,-14.0858,-50.8244,birdclef-2025/train_audio/whfant1/XC838054.ogg,Aves,11.598375
whtdov,whtdov/XC126418.ogg,4.0,14.62,-90.4887,birdclef-2025/train_audio/whtdov/XC126418.ogg,Aves,10.29225
whtdov,whtdov/XC126419.ogg,4.0,14.5413,-90.7006,birdclef-2025/train_audio/whtdov/XC126419.ogg,Aves,16.82284375
whtdov,whtdov/XC126422.ogg,4.0,14.5262,-91.1667,birdclef-2025/train_audio/whtdov/XC126422.ogg,Aves,13.3746875
whtdov,whtdov/XC144779.ogg,5.0,-23.786,-46.871,birdclef-2025/train_audio/whtdov/XC144779.ogg,Aves,17.86775
whtdov,whtdov/XC147510.ogg,5.0,26.1762,-98.3862,birdclef-2025/train_audio/whtdov/XC147510.ogg,Aves,7.848
whtdov,whtdov/XC176515.ogg,4.0,-26.995,-50.014,birdclef-2025/train_audio/whtdov/XC176515.ogg,Aves,12.0424375
whtdov,whtdov/XC180945.ogg,4.0,-6.7281,-76.4181,birdclef-2025/train_audio/whtdov/XC180945.ogg,Aves,12.1208125
whtdov,whtdov/XC219930.ogg,5.0,8.8211,-70.5013,birdclef-2025/train_audio/whtdov/XC219930.ogg,Aves,19.9836875
whtdov,whtdov/XC221590.ogg,5.0,7.059,-69.494,birdclef-2025/train_audio/whtdov/XC221590.ogg,Aves,15.17715625
whtdov,whtdov/XC221593.ogg,5.0,8.6913,-70.9194,birdclef-2025/train_audio/whtdov/XC221593.ogg,Aves,10.1355
whtdov,whtdov/XC238416.ogg,5.0,-4.342,-79.771,birdclef-2025/train_audio/whtdov/XC238416.ogg,Aves,5.2245
whtdov,whtdov/XC238417.ogg,5.0,-1.951,-80.552,birdclef-2025/train_audio/whtdov/XC238417.ogg,Aves,18.99103125
whtdov,whtdov/XC238418.ogg,5.0,-3.509,-79.261,birdclef-2025/train_audio/whtdov/XC238418.ogg,Aves,6.11265625
whtdov,whtdov/XC257620.ogg,5.0,-0.504,-76.406,birdclef-2025/train_audio/whtdov/XC257620.ogg,Aves,16.561625
whtdov,whtdov/XC257622.ogg,5.0,-4.3,-80.033,birdclef-2025/train_audio/whtdov/XC257622.ogg,Aves,17.58040625
whtdov,whtdov/XC257625.ogg,5.0,-4.3,-80.033,birdclef-2025/train_audio/whtdov/XC257625.ogg,Aves,7.23590625
whtdov,whtdov/XC264416.ogg,5.0,-4.377,-79.903,birdclef-2025/train_audio/whtdov/XC264416.ogg,Aves,14.13225
whtdov,whtdov/XC290367.ogg,4.0,-18.0945,-64.2038,birdclef-2025/train_audio/whtdov/XC290367.ogg,Aves,3.2653125
whtdov,whtdov/XC317706.ogg,4.5,8.8667,-75.7859,birdclef-2025/train_audio/whtdov/XC317706.ogg,Aves,12.930625
whtdov,whtdov/XC328522.ogg,4.0,14.4553,-89.3079,birdclef-2025/train_audio/whtdov/XC328522.ogg,Aves,19.173875
whtdov,whtdov/XC385485.ogg,4.0,-20.2511,-40.8389,birdclef-2025/train_audio/whtdov/XC385485.ogg,Aves,15.528
whtdov,whtdov/XC387066.ogg,4.0,8.8085,-70.5049,birdclef-2025/train_audio/whtdov/XC387066.ogg,Aves,15.36
whtdov,whtdov/XC387419.ogg,5.0,11.2446,-73.8003,birdclef-2025/train_audio/whtdov/XC387419.ogg,Aves,19.392
whtdov,whtdov/XC404741.ogg,4.0,29.4758,-100.2272,birdclef-2025/train_audio/whtdov/XC404741.ogg,Aves,10.464
whtdov,whtdov/XC427541.ogg,4.0,-6.9232,-43.4368,birdclef-2025/train_audio/whtdov/XC427541.ogg,Aves,12.53878125
whtdov,whtdov/XC430432.ogg,5.0,-3.4853,-80.0021,birdclef-2025/train_audio/whtdov/XC430432.ogg,Aves,7.549375
whtdov,whtdov/XC440861.ogg,4.0,27.0819,-108.7568,birdclef-2025/train_audio/whtdov/XC440861.ogg,Aves,4.25796875
whtdov,whtdov/XC455152.ogg,4.5,4.843,-75.8187,birdclef-2025/train_audio/whtdov/XC455152.ogg,Aves,13.68815625
whtdov,whtdov/XC455153.ogg,4.5,4.843,-75.8187,birdclef-2025/train_audio/whtdov/XC455153.ogg,Aves,9.87428125
whtdov,whtdov/XC50881.ogg,4.0,-34.2342,-58.8861,birdclef-2025/train_audio/whtdov/XC50881.ogg,Aves,19.59184375
whtdov,whtdov/XC544054.ogg,4.5,8.685,-83.6679,birdclef-2025/train_audio/whtdov/XC544054.ogg,Aves,18.076
whtdov,whtdov/XC573312.ogg,4.0,4.5727,-74.5058,birdclef-2025/train_audio/whtdov/XC573312.ogg,Aves,11.976
whtdov,whtdov/XC577081.ogg,4.0,-22.9511,-43.0384,birdclef-2025/train_audio/whtdov/XC577081.ogg,Aves,3.709
whtdov,whtdov/XC580903.ogg,5.0,10.2686,-84.1615,birdclef-2025/train_audio/whtdov/XC580903.ogg,Aves,13.008
whtdov,whtdov/XC615401.ogg,5.0,4.351,-74.652,birdclef-2025/train_audio/whtdov/XC615401.ogg,Aves,18.07675
whtdov,whtdov/XC630999.ogg,4.0,-31.8867,-58.2744,birdclef-2025/train_audio/whtdov/XC630999.ogg,Aves,7.026
whtdov,whtdov/XC656784.ogg,5.0,25.545,-100.2699,birdclef-2025/train_audio/whtdov/XC656784.ogg,Aves,1.776
whtdov,whtdov/XC678386.ogg,4.0,18.6906,-100.3324,birdclef-2025/train_audio/whtdov/XC678386.ogg,Aves,12.1730625
whtdov,whtdov/XC697636.ogg,5.0,2.0065,-75.9266,birdclef-2025/train_audio/whtdov/XC697636.ogg,Aves,12.0685625
whtdov,whtdov/XC699613.ogg,4.5,-16.0538,-49.604,birdclef-2025/train_audio/whtdov/XC699613.ogg,Aves,4.12734375
whtdov,whtdov/XC703719.ogg,4.0,-15.1912,-64.7212,birdclef-2025/train_audio/whtdov/XC703719.ogg,Aves,16.992
whtdov,whtdov/XC708066.ogg,5.0,-16.631,-48.6674,birdclef-2025/train_audio/whtdov/XC708066.ogg,Aves,12.2775625
whtdov,whtdov/XC737320.ogg,5.0,-17.1888,-48.7335,birdclef-2025/train_audio/whtdov/XC737320.ogg,Aves,13.00896875
whtdov,whtdov/XC737777.ogg,5.0,-16.6422,-49.2945,birdclef-2025/train_audio/whtdov/XC737777.ogg,Aves,19.392
whtdov,whtdov/XC769533.ogg,5.0,-6.3761,-47.1085,birdclef-2025/train_audio/whtdov/XC769533.ogg,Aves,16.97959375
whtdov,whtdov/XC782464.ogg,4.0,-12.2755,-55.0688,birdclef-2025/train_audio/whtdov/XC782464.ogg,Aves,11.572
whtdov,whtdov/XC789022.ogg,4.0,-13.3558,-47.2809,birdclef-2025/train_audio/whtdov/XC789022.ogg,Aves,16.40490625
whtdov,whtdov/XC796982.ogg,4.0,17.1543,-88.8522,birdclef-2025/train_audio/whtdov/XC796982.ogg,Aves,19.64978125
whtdov,whtdov/XC8002.ogg,4.0,-1.4959,-80.7912,birdclef-2025/train_audio/whtdov/XC8002.ogg,Aves,14.44571875
whtdov,whtdov/XC800268.ogg,4.5,-16.4727,-49.4959,birdclef-2025/train_audio/whtdov/XC800268.ogg,Aves,14.91590625
whtdov,whtdov/XC806493.ogg,4.0,14.3868,-87.6197,birdclef-2025/train_audio/whtdov/XC806493.ogg,Aves,17.1363125
whtdov,whtdov/XC811887.ogg,5.0,-16.9039,-49.2218,birdclef-2025/train_audio/whtdov/XC811887.ogg,Aves,14.5763125
whtdov,whtdov/XC816965.ogg,5.0,-6.7131,-47.017,birdclef-2025/train_audio/whtdov/XC816965.ogg,Aves,12.721625
whtdov,whtdov/XC817032.ogg,5.0,-6.7131,-47.017,birdclef-2025/train_audio/whtdov/XC817032.ogg,Aves,15.20325
whtdov,whtdov/XC823696.ogg,4.0,-30.939,-62.883,birdclef-2025/train_audio/whtdov/XC823696.ogg,Aves,16.117
whtdov,whtdov/XC838159.ogg,4.0,-33.812,-59.5046,birdclef-2025/train_audio/whtdov/XC838159.ogg,Aves,15.264
whtdov,whtdov/XC844055.ogg,4.0,-20.1213,-55.9297,birdclef-2025/train_audio/whtdov/XC844055.ogg,Aves,12.20359375
whtdov,whtdov/XC85194.ogg,4.0,-30.1834,-57.4501,birdclef-2025/train_audio/whtdov/XC85194.ogg,Aves,19.7746875
whtdov,whtdov/XC884706.ogg,5.0,-34.1805,-58.2557,birdclef-2025/train_audio/whtdov/XC884706.ogg,Aves,18.6514375
whtdov,whtdov/XC891586.ogg,4.0,26.1472,-97.9882,birdclef-2025/train_audio/whtdov/XC891586.ogg,Aves,19.00496875
whtdov,whtdov/XC898289.ogg,5.0,-13.7349,-46.3569,birdclef-2025/train_audio/whtdov/XC898289.ogg,Aves,13.583
whtdov,whtdov/XC898528.ogg,5.0,-30.957,-62.7173,birdclef-2025/train_audio/whtdov/XC898528.ogg,Aves,2.808
whtdov,whtdov/XC901113.ogg,5.0,25.8523,-97.4178,birdclef-2025/train_audio/whtdov/XC901113.ogg,Aves,9.432
whtdov,whtdov/XC932734.ogg,5.0,-15.8751,-48.9345,birdclef-2025/train_audio/whtdov/XC932734.ogg,Aves,16.091
whtdov,whtdov/XC933857.ogg,5.0,-16.0781,-50.218,birdclef-2025/train_audio/whtdov/XC933857.ogg,Aves,9.586
whttro1,whttro1/XC118737.ogg,4.0,0.8501,-78.7667,birdclef-2025/train_audio/whttro1/XC118737.ogg,Aves,16.19590625
whttro1,whttro1/XC175161.ogg,4.0,5.8946,-74.8572,birdclef-2025/train_audio/whttro1/XC175161.ogg,Aves,4.584
whttro1,whttro1/XC175166.ogg,4.0,5.8946,-74.8572,birdclef-2025/train_audio/whttro1/XC175166.ogg,Aves,7.752
whttro1,whttro1/XC261798.ogg,5.0,0.867,-78.733,birdclef-2025/train_audio/whttro1/XC261798.ogg,Aves,14.7591875
whttro1,whttro1/XC261799.ogg,5.0,1.033,-78.603,birdclef-2025/train_audio/whttro1/XC261799.ogg,Aves,12.43428125
whttro1,whttro1/XC261800.ogg,4.5,0.883,-78.8,birdclef-2025/train_audio/whttro1/XC261800.ogg,Aves,7.31428125
whttro1,whttro1/XC261801.ogg,5.0,0.767,-79.15,birdclef-2025/train_audio/whttro1/XC261801.ogg,Aves,15.09878125
whttro1,whttro1/XC276597.ogg,4.0,1.25,-78.733,birdclef-2025/train_audio/whttro1/XC276597.ogg,Aves,14.34121875
whttro1,whttro1/XC345234.ogg,4.0,0.1667,-79.25,birdclef-2025/train_audio/whttro1/XC345234.ogg,Aves,14.524
whttro1,whttro1/XC366644.ogg,4.5,9.1332,-79.7195,birdclef-2025/train_audio/whttro1/XC366644.ogg,Aves,10.9453125
whttro1,whttro1/XC379806.ogg,5.0,7.838,-76.486,birdclef-2025/train_audio/whttro1/XC379806.ogg,Aves,17.304
whttro1,whttro1/XC402471.ogg,4.0,9.1332,-79.7195,birdclef-2025/train_audio/whttro1/XC402471.ogg,Aves,9.5608125
whwswa1,whwswa1/XC211444.ogg,5.0,-0.1334,-67.0834,birdclef-2025/train_audio/whwswa1/XC211444.ogg,Aves,14.34121875
whwswa1,whwswa1/XC211445.ogg,4.0,-0.1334,-67.0834,birdclef-2025/train_audio/whwswa1/XC211445.ogg,Aves,2.76896875
whwswa1,whwswa1/XC243134.ogg,4.0,-2.54,-76.859,birdclef-2025/train_audio/whwswa1/XC243134.ogg,Aves,19.8791875
whwswa1,whwswa1/XC243135.ogg,5.0,-0.498,-76.373,birdclef-2025/train_audio/whwswa1/XC243135.ogg,Aves,17.3714375
whwswa1,whwswa1/XC244958.ogg,4.0,5.3131,-71.3681,birdclef-2025/train_audio/whwswa1/XC244958.ogg,Aves,8.59428125
whwswa1,whwswa1/XC259256.ogg,5.0,-0.498,-76.373,birdclef-2025/train_audio/whwswa1/XC259256.ogg,Aves,14.94203125
whwswa1,whwswa1/XC259257.ogg,5.0,-0.498,-76.373,birdclef-2025/train_audio/whwswa1/XC259257.ogg,Aves,13.4008125
whwswa1,whwswa1/XC259258.ogg,5.0,-0.523,-76.438,birdclef-2025/train_audio/whwswa1/XC259258.ogg,Aves,15.59509375
whwswa1,whwswa1/XC549190.ogg,4.0,-22.609,-43.8704,birdclef-2025/train_audio/whwswa1/XC549190.ogg,Aves,10.728
whwswa1,whwswa1/XC577510.ogg,4.5,-14.625,-49.0051,birdclef-2025/train_audio/whwswa1/XC577510.ogg,Aves,7.99346875
whwswa1,whwswa1/XC580186.ogg,4.0,-20.5983,-51.8416,birdclef-2025/train_audio/whwswa1/XC580186.ogg,Aves,17.3975625
whwswa1,whwswa1/XC64227.ogg,4.0,-11.8667,-71.3667,birdclef-2025/train_audio/whwswa1/XC64227.ogg,Aves,3.996
whwswa1,whwswa1/XC674369.ogg,5.0,-14.625,-49.0051,birdclef-2025/train_audio/whwswa1/XC674369.ogg,Aves,16.875
whwswa1,whwswa1/XC695081.ogg,5.0,1.5118,-75.5255,birdclef-2025/train_audio/whwswa1/XC695081.ogg,Aves,11.23265625
whwswa1,whwswa1/XC731352.ogg,4.0,-14.625,-49.0051,birdclef-2025/train_audio/whwswa1/XC731352.ogg,Aves,2.61225
whwswa1,whwswa1/XC737499.ogg,5.0,-16.5728,-49.3122,birdclef-2025/train_audio/whwswa1/XC737499.ogg,Aves,4.3624375
whwswa1,whwswa1/XC793149.ogg,5.0,-13.3725,-47.327,birdclef-2025/train_audio/whwswa1/XC793149.ogg,Aves,11.70284375
whwswa1,whwswa1/XC818209.ogg,4.0,-12.4655,-64.2886,birdclef-2025/train_audio/whwswa1/XC818209.ogg,Aves,10.73815625
whwswa1,whwswa1/XC818211.ogg,4.0,-12.4655,-64.2886,birdclef-2025/train_audio/whwswa1/XC818211.ogg,Aves,5.8795625
y00678,y00678/XC123639.ogg,4.0,-16.7581,-56.8764,birdclef-2025/train_audio/y00678/XC123639.ogg,Aves,8.28
y00678,y00678/XC130968.ogg,4.0,27.5597,-81.0127,birdclef-2025/train_audio/y00678/XC130968.ogg,Aves,0.6791875
y00678,y00678/XC166401.ogg,4.0,8.7834,-82.9501,birdclef-2025/train_audio/y00678/XC166401.ogg,Aves,10.8930625
y00678,y00678/XC177273.ogg,4.0,28.2267,-80.7645,birdclef-2025/train_audio/y00678/XC177273.ogg,Aves,3.528
y00678,y00678/XC177276.ogg,4.0,28.2267,-80.7645,birdclef-2025/train_audio/y00678/XC177276.ogg,Aves,4.944
y00678,y00678/XC177279.ogg,4.0,28.2267,-80.7645,birdclef-2025/train_audio/y00678/XC177279.ogg,Aves,3.864
y00678,y00678/XC288252.ogg,5.0,10.1638,-69.5227,birdclef-2025/train_audio/y00678/XC288252.ogg,Aves,17.55428125
y00678,y00678/XC343343.ogg,5.0,-19.6617,-57.0195,birdclef-2025/train_audio/y00678/XC343343.ogg,Aves,7.23590625
y00678,y00678/XC360390.ogg,4.0,9.519,-75.3568,birdclef-2025/train_audio/y00678/XC360390.ogg,Aves,10.29225
y00678,y00678/XC379556.ogg,4.0,28.229,-80.813,birdclef-2025/train_audio/y00678/XC379556.ogg,Aves,4.776
y00678,y00678/XC379558.ogg,5.0,28.229,-80.813,birdclef-2025/train_audio/y00678/XC379558.ogg,Aves,7.2
y00678,y00678/XC381819.ogg,4.0,-16.5034,-56.7451,birdclef-2025/train_audio/y00678/XC381819.ogg,Aves,8.8555
y00678,y00678/XC412356.ogg,4.5,-16.62,-56.732,birdclef-2025/train_audio/y00678/XC412356.ogg,Aves,7.36653125
y00678,y00678/XC416255.ogg,4.0,-20.219,-46.472,birdclef-2025/train_audio/y00678/XC416255.ogg,Aves,5.35509375
y00678,y00678/XC430769.ogg,5.0,-22.8842,-48.4442,birdclef-2025/train_audio/y00678/XC430769.ogg,Aves,7.34
y00678,y00678/XC460777.ogg,4.0,28.5785,-80.9961,birdclef-2025/train_audio/y00678/XC460777.ogg,Aves,7.68
y00678,y00678/XC502291.ogg,4.5,27.0262,-108.9761,birdclef-2025/train_audio/y00678/XC502291.ogg,Aves,11.352
y00678,y00678/XC50734.ogg,4.0,-30.583,-59.949,birdclef-2025/train_audio/y00678/XC50734.ogg,Aves,16.613875
y00678,y00678/XC510901.ogg,4.0,-30.2037,-57.5145,birdclef-2025/train_audio/y00678/XC510901.ogg,Aves,19.344
y00678,y00678/XC520166.ogg,5.0,27.0415,-108.7339,birdclef-2025/train_audio/y00678/XC520166.ogg,Aves,4.92
y00678,y00678/XC542226.ogg,4.0,17.1733,-96.7706,birdclef-2025/train_audio/y00678/XC542226.ogg,Aves,18.20734375
y00678,y00678/XC569823.ogg,5.0,-33.6876,-70.91,birdclef-2025/train_audio/y00678/XC569823.ogg,Aves,7.31428125
y00678,y00678/XC586362.ogg,4.0,-22.9403,-46.955,birdclef-2025/train_audio/y00678/XC586362.ogg,Aves,15.432
y00678,y00678/XC610545.ogg,4.0,17.0873,-96.7845,birdclef-2025/train_audio/y00678/XC610545.ogg,Aves,6.24325
y00678,y00678/XC627411.ogg,5.0,1.4777,-75.6839,birdclef-2025/train_audio/y00678/XC627411.ogg,Aves,10.68409375
y00678,y00678/XC627412.ogg,4.0,1.4777,-75.6839,birdclef-2025/train_audio/y00678/XC627412.ogg,Aves,5.7208125
y00678,y00678/XC737322.ogg,4.0,-17.1888,-48.7335,birdclef-2025/train_audio/y00678/XC737322.ogg,Aves,6.8963125
y00678,y00678/XC778342.ogg,5.0,-31.8954,-58.2697,birdclef-2025/train_audio/y00678/XC778342.ogg,Aves,1.724
y00678,y00678/XC803713.ogg,5.0,-16.4727,-49.4959,birdclef-2025/train_audio/y00678/XC803713.ogg,Aves,4.88490625
y00678,y00678/XC813844.ogg,4.0,-31.8696,-58.2458,birdclef-2025/train_audio/y00678/XC813844.ogg,Aves,13.632
y00678,y00678/XC828956.ogg,5.0,-30.897,-62.6581,birdclef-2025/train_audio/y00678/XC828956.ogg,Aves,13.766
y00678,y00678/XC833970.ogg,5.0,-31.4072,-64.5041,birdclef-2025/train_audio/y00678/XC833970.ogg,Aves,11.911
y00678,y00678/XC836158.ogg,4.0,-31.8168,-64.4233,birdclef-2025/train_audio/y00678/XC836158.ogg,Aves,12.146
y00678,y00678/XC844051.ogg,4.0,-20.1213,-55.9297,birdclef-2025/train_audio/y00678/XC844051.ogg,Aves,11.353375
y00678,y00678/XC84975.ogg,4.0,-19.2667,-57.0167,birdclef-2025/train_audio/y00678/XC84975.ogg,Aves,10.1355
y00678,y00678/XC85352.ogg,4.0,-19.2667,-57.0167,birdclef-2025/train_audio/y00678/XC85352.ogg,Aves,10.08325
y00678,y00678/XC854908.ogg,5.0,-20.3144,-55.8952,birdclef-2025/train_audio/y00678/XC854908.ogg,Aves,16.22940625
y00678,y00678/XC910987.ogg,4.0,17.1456,-96.8322,birdclef-2025/train_audio/y00678/XC910987.ogg,Aves,19.85478125
y00678,y00678/XC932757.ogg,5.0,-16.5631,-49.285,birdclef-2025/train_audio/y00678/XC932757.ogg,Aves,17.972
y00678,y00678/XC939271.ogg,5.0,-16.4353,-49.3948,birdclef-2025/train_audio/y00678/XC939271.ogg,Aves,6.06
y00678,y00678/XC943710.ogg,4.0,17.0932,-96.6545,birdclef-2025/train_audio/y00678/XC943710.ogg,Aves,8.8555
yebela1,yebela1/XC114092.ogg,4.0,6.9862,-75.1251,birdclef-2025/train_audio/yebela1/XC114092.ogg,Aves,8.64
yebela1,yebela1/XC114094.ogg,4.0,6.9862,-75.1251,birdclef-2025/train_audio/yebela1/XC114094.ogg,Aves,18.0
yebela1,yebela1/XC115247.ogg,4.0,-20.79,-42.8882,birdclef-2025/train_audio/yebela1/XC115247.ogg,Aves,13.19184375
yebela1,yebela1/XC115249.ogg,4.0,-20.79,-42.8882,birdclef-2025/train_audio/yebela1/XC115249.ogg,Aves,11.80734375
yebela1,yebela1/XC123219.ogg,4.0,-22.6771,-47.9831,birdclef-2025/train_audio/yebela1/XC123219.ogg,Aves,17.789375
yebela1,yebela1/XC128034.ogg,4.0,4.4542,-75.7659,birdclef-2025/train_audio/yebela1/XC128034.ogg,Aves,10.08
yebela1,yebela1/XC144995.ogg,4.0,-24.3167,-47.01,birdclef-2025/train_audio/yebela1/XC144995.ogg,Aves,11.57225
yebela1,yebela1/XC145304.ogg,4.0,-15.355,-38.982,birdclef-2025/train_audio/yebela1/XC145304.ogg,Aves,9.40409375
yebela1,yebela1/XC152243.ogg,4.0,3.7126,-73.2483,birdclef-2025/train_audio/yebela1/XC152243.ogg,Aves,9.40409375
yebela1,yebela1/XC156275.ogg,4.0,4.4269,-75.1832,birdclef-2025/train_audio/yebela1/XC156275.ogg,Aves,5.352
yebela1,yebela1/XC156280.ogg,4.0,4.4269,-75.1832,birdclef-2025/train_audio/yebela1/XC156280.ogg,Aves,6.192
yebela1,yebela1/XC173962.ogg,4.0,-27.3544,-49.3456,birdclef-2025/train_audio/yebela1/XC173962.ogg,Aves,4.104
yebela1,yebela1/XC204720.ogg,4.0,-23.3295,-44.9069,birdclef-2025/train_audio/yebela1/XC204720.ogg,Aves,11.96409375
yebela1,yebela1/XC209817.ogg,5.0,-4.9004,-79.1111,birdclef-2025/train_audio/yebela1/XC209817.ogg,Aves,8.8555
yebela1,yebela1/XC235741.ogg,4.0,11.1009,-74.072,birdclef-2025/train_audio/yebela1/XC235741.ogg,Aves,7.1836875
yebela1,yebela1/XC235742.ogg,4.0,11.1009,-74.072,birdclef-2025/train_audio/yebela1/XC235742.ogg,Aves,16.613875
yebela1,yebela1/XC243470.ogg,4.0,-22.4508,-42.7735,birdclef-2025/train_audio/yebela1/XC243470.ogg,Aves,9.048
yebela1,yebela1/XC250412.ogg,4.0,-4.757,-79.112,birdclef-2025/train_audio/yebela1/XC250412.ogg,Aves,7.49715625
yebela1,yebela1/XC250810.ogg,4.0,-4.65,-79.117,birdclef-2025/train_audio/yebela1/XC250810.ogg,Aves,6.60896875
yebela1,yebela1/XC258707.ogg,4.0,-4.883,-79.117,birdclef-2025/train_audio/yebela1/XC258707.ogg,Aves,8.77715625
yebela1,yebela1/XC258708.ogg,4.0,0.083,-80.05,birdclef-2025/train_audio/yebela1/XC258708.ogg,Aves,10.18775
yebela1,yebela1/XC258709.ogg,5.0,0.083,-80.05,birdclef-2025/train_audio/yebela1/XC258709.ogg,Aves,9.92653125
yebela1,yebela1/XC258710.ogg,5.0,0.083,-80.05,birdclef-2025/train_audio/yebela1/XC258710.ogg,Aves,7.1314375
yebela1,yebela1/XC2673.ogg,5.0,-11.0362,-65.7375,birdclef-2025/train_audio/yebela1/XC2673.ogg,Aves,8.3853125
yebela1,yebela1/XC279710.ogg,4.0,-22.4508,-42.7735,birdclef-2025/train_audio/yebela1/XC279710.ogg,Aves,7.99346875
yebela1,yebela1/XC283939.ogg,4.0,-22.311,-43.9328,birdclef-2025/train_audio/yebela1/XC283939.ogg,Aves,10.161625
yebela1,yebela1/XC285189.ogg,4.0,0.8926,-52.056,birdclef-2025/train_audio/yebela1/XC285189.ogg,Aves,4.3624375
yebela1,yebela1/XC287871.ogg,5.0,-22.4508,-42.7735,birdclef-2025/train_audio/yebela1/XC287871.ogg,Aves,5.12
yebela1,yebela1/XC375066.ogg,4.0,-16.6869,-49.2648,birdclef-2025/train_audio/yebela1/XC375066.ogg,Aves,6.87
yebela1,yebela1/XC377219.ogg,5.0,0.9242,-51.2155,birdclef-2025/train_audio/yebela1/XC377219.ogg,Aves,6.9224375
yebela1,yebela1/XC389231.ogg,4.0,-23.2261,-46.347,birdclef-2025/train_audio/yebela1/XC389231.ogg,Aves,8.07184375
yebela1,yebela1/XC392827.ogg,4.0,-15.6421,-57.1899,birdclef-2025/train_audio/yebela1/XC392827.ogg,Aves,8.62040625
yebela1,yebela1/XC407313.ogg,4.0,5.0901,-52.5698,birdclef-2025/train_audio/yebela1/XC407313.ogg,Aves,5.35509375
yebela1,yebela1/XC415333.ogg,4.0,-16.5631,-49.285,birdclef-2025/train_audio/yebela1/XC415333.ogg,Aves,6.79184375
yebela1,yebela1/XC415334.ogg,4.0,-14.625,-49.0051,birdclef-2025/train_audio/yebela1/XC415334.ogg,Aves,1.54121875
yebela1,yebela1/XC433657.ogg,4.0,8.5955,-80.1382,birdclef-2025/train_audio/yebela1/XC433657.ogg,Aves,10.1355
yebela1,yebela1/XC439025.ogg,4.0,11.2894,-73.885,birdclef-2025/train_audio/yebela1/XC439025.ogg,Aves,9.6391875
yebela1,yebela1/XC440674.ogg,5.0,-22.5001,-42.7167,birdclef-2025/train_audio/yebela1/XC440674.ogg,Aves,8.07184375
yebela1,yebela1/XC440675.ogg,5.0,0.6834,-51.4834,birdclef-2025/train_audio/yebela1/XC440675.ogg,Aves,9.5608125
yebela1,yebela1/XC447989.ogg,4.0,-22.8842,-48.4442,birdclef-2025/train_audio/yebela1/XC447989.ogg,Aves,4.937
yebela1,yebela1/XC479987.ogg,4.0,4.7216,-52.3073,birdclef-2025/train_audio/yebela1/XC479987.ogg,Aves,16.0914375
yebela1,yebela1/XC479988.ogg,4.0,4.7216,-52.3073,birdclef-2025/train_audio/yebela1/XC479988.ogg,Aves,4.67590625
yebela1,yebela1/XC514663.ogg,4.0,-15.1106,-44.2411,birdclef-2025/train_audio/yebela1/XC514663.ogg,Aves,6.84409375
yebela1,yebela1/XC533565.ogg,4.0,-22.8788,-42.9365,birdclef-2025/train_audio/yebela1/XC533565.ogg,Aves,7.601
yebela1,yebela1/XC533979.ogg,5.0,4.351,-74.652,birdclef-2025/train_audio/yebela1/XC533979.ogg,Aves,9.6653125
yebela1,yebela1/XC537982.ogg,5.0,4.351,-74.652,birdclef-2025/train_audio/yebela1/XC537982.ogg,Aves,10.42284375
yebela1,yebela1/XC538043.ogg,5.0,4.351,-74.652,birdclef-2025/train_audio/yebela1/XC538043.ogg,Aves,10.42284375
yebela1,yebela1/XC550831.ogg,4.0,-26.5723,-53.8018,birdclef-2025/train_audio/yebela1/XC550831.ogg,Aves,4.104
yebela1,yebela1/XC550846.ogg,4.0,-26.5723,-53.8018,birdclef-2025/train_audio/yebela1/XC550846.ogg,Aves,14.184
yebela1,yebela1/XC573245.ogg,4.0,9.0095,-79.4684,birdclef-2025/train_audio/yebela1/XC573245.ogg,Aves,5.825
yebela1,yebela1/XC585269.ogg,4.0,-27.3818,-56.8182,birdclef-2025/train_audio/yebela1/XC585269.ogg,Aves,10.9714375
yebela1,yebela1/XC602739.ogg,4.0,-14.8334,-60.0214,birdclef-2025/train_audio/yebela1/XC602739.ogg,Aves,16.896
yebela1,yebela1/XC602888.ogg,4.0,4.3307,-74.3726,birdclef-2025/train_audio/yebela1/XC602888.ogg,Aves,4.2
yebela1,yebela1/XC602889.ogg,4.0,4.3307,-74.3726,birdclef-2025/train_audio/yebela1/XC602889.ogg,Aves,4.944
yebela1,yebela1/XC617290.ogg,4.0,4.3307,-74.3726,birdclef-2025/train_audio/yebela1/XC617290.ogg,Aves,18.4424375
yebela1,yebela1/XC632501.ogg,4.0,2.0123,-75.7436,birdclef-2025/train_audio/yebela1/XC632501.ogg,Aves,8.881625
yebela1,yebela1/XC632608.ogg,4.0,2.0123,-75.7436,birdclef-2025/train_audio/yebela1/XC632608.ogg,Aves,8.881625
yebela1,yebela1/XC6548.ogg,4.5,-22.5001,-42.7167,birdclef-2025/train_audio/yebela1/XC6548.ogg,Aves,13.2963125
yebela1,yebela1/XC65923.ogg,4.0,9.6978,-69.0273,birdclef-2025/train_audio/yebela1/XC65923.ogg,Aves,14.7330625
yebela1,yebela1/XC697626.ogg,4.0,2.1869,-75.5584,birdclef-2025/train_audio/yebela1/XC697626.ogg,Aves,12.38203125
yebela1,yebela1/XC724963.ogg,4.0,-16.6422,-49.2945,birdclef-2025/train_audio/yebela1/XC724963.ogg,Aves,9.672
yebela1,yebela1/XC743233.ogg,4.0,-16.5456,-49.1572,birdclef-2025/train_audio/yebela1/XC743233.ogg,Aves,2.14203125
yebela1,yebela1/XC743236.ogg,4.0,-16.5456,-49.1572,birdclef-2025/train_audio/yebela1/XC743236.ogg,Aves,11.23265625
yebela1,yebela1/XC763523.ogg,4.0,-5.65,-78.833,birdclef-2025/train_audio/yebela1/XC763523.ogg,Aves,6.3706875
yebela1,yebela1/XC771677.ogg,4.0,4.843,-75.8187,birdclef-2025/train_audio/yebela1/XC771677.ogg,Aves,6.4
yebela1,yebela1/XC788748.ogg,4.0,4.3307,-74.3726,birdclef-2025/train_audio/yebela1/XC788748.ogg,Aves,9.6
yebela1,yebela1/XC789071.ogg,4.0,-13.3558,-47.2809,birdclef-2025/train_audio/yebela1/XC789071.ogg,Aves,6.45225
yebela1,yebela1/XC81535.ogg,4.0,-23.3287,-44.9398,birdclef-2025/train_audio/yebela1/XC81535.ogg,Aves,19.330625
yebela1,yebela1/XC838740.ogg,5.0,-6.0565,-77.8973,birdclef-2025/train_audio/yebela1/XC838740.ogg,Aves,7.72915625
yebela1,yebela1/XC920686.ogg,5.0,-16.5631,-49.285,birdclef-2025/train_audio/yebela1/XC920686.ogg,Aves,3.50040625
yebela1,yebela1/XC939549.ogg,5.0,1.4022,-60.9869,birdclef-2025/train_audio/yebela1/XC939549.ogg,Aves,6.426
yebela1,yebela1/XC939963.ogg,5.0,1.8299,-61.1451,birdclef-2025/train_audio/yebela1/XC939963.ogg,Aves,18.52
yebela1,yebela1/XC946087.ogg,4.0,3.5026,-76.3552,birdclef-2025/train_audio/yebela1/XC946087.ogg,Aves,2.8365625
yebela1,yebela1/XC946088.ogg,4.0,3.5026,-76.3552,birdclef-2025/train_audio/yebela1/XC946088.ogg,Aves,5.997875
yebela1,yebela1/XC946089.ogg,4.0,3.5026,-76.3552,birdclef-2025/train_audio/yebela1/XC946089.ogg,Aves,3.54375
yebela1,yebela1/XC946090.ogg,4.0,3.5026,-76.3552,birdclef-2025/train_audio/yebela1/XC946090.ogg,Aves,5.00440625
yebela1,yebela1/XC949383.ogg,5.0,10.4295,-84.0095,birdclef-2025/train_audio/yebela1/XC949383.ogg,Aves,3.0
yebela1,yebela1/XC955432.ogg,4.0,9.8328,-83.5635,birdclef-2025/train_audio/yebela1/XC955432.ogg,Aves,6.432
yebela1,yebela1/XC955433.ogg,4.0,9.8328,-83.5635,birdclef-2025/train_audio/yebela1/XC955433.ogg,Aves,4.368
yebela1,yebela1/XC955505.ogg,5.0,9.8328,-83.5635,birdclef-2025/train_audio/yebela1/XC955505.ogg,Aves,7.653875
yebela1,yebela1/XC961362.ogg,4.5,-16.4353,-49.3948,birdclef-2025/train_audio/yebela1/XC961362.ogg,Aves,10.814
yebfly1,yebfly1/XC113204.ogg,4.0,-22.3717,-41.7857,birdclef-2025/train_audio/yebfly1/XC113204.ogg,Aves,4.31021875
yebfly1,yebfly1/XC121773.ogg,4.0,-19.8189,-40.2739,birdclef-2025/train_audio/yebfly1/XC121773.ogg,Aves,10.8669375
yebfly1,yebfly1/XC142894.ogg,4.0,2.5828,-72.717,birdclef-2025/train_audio/yebfly1/XC142894.ogg,Aves,6.9224375
yebfly1,yebfly1/XC169576.ogg,4.0,1.483,-61.0109,birdclef-2025/train_audio/yebfly1/XC169576.ogg,Aves,13.752
yebfly1,yebfly1/XC204196.ogg,4.0,-9.5981,-55.932,birdclef-2025/train_audio/yebfly1/XC204196.ogg,Aves,15.51675
yebfly1,yebfly1/XC209613.ogg,4.0,-19.4144,-42.4151,birdclef-2025/train_audio/yebfly1/XC209613.ogg,Aves,15.41225
yebfly1,yebfly1/XC244950.ogg,4.0,5.145,-70.9575,birdclef-2025/train_audio/yebfly1/XC244950.ogg,Aves,11.52
yebfly1,yebfly1/XC245403.ogg,4.0,6.28,-71.78,birdclef-2025/train_audio/yebfly1/XC245403.ogg,Aves,12.912
yebfly1,yebfly1/XC254049.ogg,4.0,-19.2204,-42.4832,birdclef-2025/train_audio/yebfly1/XC254049.ogg,Aves,17.2669375
yebfly1,yebfly1/XC274845.ogg,4.0,-22.4508,-42.7735,birdclef-2025/train_audio/yebfly1/XC274845.ogg,Aves,7.44490625
yebfly1,yebfly1/XC274846.ogg,4.0,-22.4508,-42.7735,birdclef-2025/train_audio/yebfly1/XC274846.ogg,Aves,9.43021875
yebfly1,yebfly1/XC283894.ogg,4.0,-9.5981,-55.932,birdclef-2025/train_audio/yebfly1/XC283894.ogg,Aves,3.813875
yebfly1,yebfly1/XC287936.ogg,4.0,-5.0501,-42.5501,birdclef-2025/train_audio/yebfly1/XC287936.ogg,Aves,17.2669375
yebfly1,yebfly1/XC288715.ogg,5.0,-5.0501,-42.5501,birdclef-2025/train_audio/yebfly1/XC288715.ogg,Aves,14.158375
yebfly1,yebfly1/XC292850.ogg,4.0,-19.027,-40.156,birdclef-2025/train_audio/yebfly1/XC292850.ogg,Aves,2.84734375
yebfly1,yebfly1/XC299477.ogg,4.0,-22.4508,-42.7735,birdclef-2025/train_audio/yebfly1/XC299477.ogg,Aves,14.6285625
yebfly1,yebfly1/XC326186.ogg,5.0,-16.4525,-39.2554,birdclef-2025/train_audio/yebfly1/XC326186.ogg,Aves,12.528
yebfly1,yebfly1/XC354910.ogg,4.0,2.8526,-60.6349,birdclef-2025/train_audio/yebfly1/XC354910.ogg,Aves,18.912
yebfly1,yebfly1/XC372474.ogg,4.0,8.5054,-77.9759,birdclef-2025/train_audio/yebfly1/XC372474.ogg,Aves,11.12815625
yebfly1,yebfly1/XC377356.ogg,4.0,-15.1789,-57.7467,birdclef-2025/train_audio/yebfly1/XC377356.ogg,Aves,5.041625
yebfly1,yebfly1/XC377357.ogg,4.0,-15.1789,-57.7467,birdclef-2025/train_audio/yebfly1/XC377357.ogg,Aves,16.0130625
yebfly1,yebfly1/XC387220.ogg,4.0,5.3482,-67.8013,birdclef-2025/train_audio/yebfly1/XC387220.ogg,Aves,15.69959375
yebfly1,yebfly1/XC387380.ogg,4.0,-10.8786,-49.9548,birdclef-2025/train_audio/yebfly1/XC387380.ogg,Aves,8.12409375
yebfly1,yebfly1/XC402916.ogg,4.0,-6.7381,-48.7711,birdclef-2025/train_audio/yebfly1/XC402916.ogg,Aves,14.28896875
yebfly1,yebfly1/XC437696.ogg,4.0,-9.5863,-55.9191,birdclef-2025/train_audio/yebfly1/XC437696.ogg,Aves,10.488
yebfly1,yebfly1/XC445686.ogg,4.0,10.5753,-73.3106,birdclef-2025/train_audio/yebfly1/XC445686.ogg,Aves,6.76571875
yebfly1,yebfly1/XC486816.ogg,4.0,-6.97,-58.39,birdclef-2025/train_audio/yebfly1/XC486816.ogg,Aves,3.03021875
yebfly1,yebfly1/XC493433.ogg,4.0,-6.3761,-47.1085,birdclef-2025/train_audio/yebfly1/XC493433.ogg,Aves,9.0645
yebfly1,yebfly1/XC504758.ogg,5.0,-9.2395,-35.8389,birdclef-2025/train_audio/yebfly1/XC504758.ogg,Aves,7.88896875
yebfly1,yebfly1/XC521103.ogg,4.0,0.4986,-72.6194,birdclef-2025/train_audio/yebfly1/XC521103.ogg,Aves,13.4269375
yebfly1,yebfly1/XC521105.ogg,4.0,0.4986,-72.6194,birdclef-2025/train_audio/yebfly1/XC521105.ogg,Aves,10.57959375
yebfly1,yebfly1/XC599772.ogg,4.0,-22.9511,-43.0384,birdclef-2025/train_audio/yebfly1/XC599772.ogg,Aves,4.963
yebfly1,yebfly1/XC689910.ogg,4.0,0.7623,-50.1636,birdclef-2025/train_audio/yebfly1/XC689910.ogg,Aves,16.43103125
yebfly1,yebfly1/XC691673.ogg,4.0,0.2029,-51.0869,birdclef-2025/train_audio/yebfly1/XC691673.ogg,Aves,3.761625
yebfly1,yebfly1/XC696949.ogg,4.0,-10.4375,-39.3362,birdclef-2025/train_audio/yebfly1/XC696949.ogg,Aves,2.79509375
yebfly1,yebfly1/XC777939.ogg,4.0,-16.0538,-49.604,birdclef-2025/train_audio/yebfly1/XC777939.ogg,Aves,3.78775
yebfly1,yebfly1/XC837925.ogg,4.0,-14.0858,-50.8244,birdclef-2025/train_audio/yebfly1/XC837925.ogg,Aves,15.17715625
yebfly1,yebfly1/XC898428.ogg,5.0,-12.3747,-44.9552,birdclef-2025/train_audio/yebfly1/XC898428.ogg,Aves,15.072
yebfly1,yebfly1/XC898444.ogg,4.5,-12.4133,-45.0003,birdclef-2025/train_audio/yebfly1/XC898444.ogg,Aves,11.415
yebfly1,yebfly1/XC929626.ogg,5.0,-22.405,-42.014,birdclef-2025/train_audio/yebfly1/XC929626.ogg,Aves,11.328
yebfly1,yebfly1/XC939076.ogg,4.0,2.8044,-60.6718,birdclef-2025/train_audio/yebfly1/XC939076.ogg,Aves,5.198
yebfly1,yebfly1/XC939082.ogg,5.0,2.8044,-60.6718,birdclef-2025/train_audio/yebfly1/XC939082.ogg,Aves,8.803
yebfly1,yebfly1/XC940002.ogg,5.0,1.7932,-61.2351,birdclef-2025/train_audio/yebfly1/XC940002.ogg,Aves,9.926
yebfly1,yebfly1/XC942157.ogg,4.0,-2.6065,-44.3218,birdclef-2025/train_audio/yebfly1/XC942157.ogg,Aves,17.6360625
yebfly1,yebfly1/XC943909.ogg,5.0,-13.4557,-62.0139,birdclef-2025/train_audio/yebfly1/XC943909.ogg,Aves,11.44196875
yebsee1,yebsee1/XC113877.ogg,4.0,-20.8004,-42.8884,birdclef-2025/train_audio/yebsee1/XC113877.ogg,Aves,2.586125
yebsee1,yebsee1/XC246339.ogg,5.0,1.636,-75.605,birdclef-2025/train_audio/yebsee1/XC246339.ogg,Aves,17.2408125
yebsee1,yebsee1/XC259849.ogg,5.0,-0.017,-78.685,birdclef-2025/train_audio/yebsee1/XC259849.ogg,Aves,15.59509375
yebsee1,yebsee1/XC261274.ogg,5.0,-0.051,-78.778,birdclef-2025/train_audio/yebsee1/XC261274.ogg,Aves,16.45715625
yebsee1,yebsee1/XC264864.ogg,5.0,-3.649,-79.749,birdclef-2025/train_audio/yebsee1/XC264864.ogg,Aves,19.278375
yebsee1,yebsee1/XC276505.ogg,5.0,0.9,-78.098,birdclef-2025/train_audio/yebsee1/XC276505.ogg,Aves,14.88978125
yebsee1,yebsee1/XC326002.ogg,5.0,-16.4525,-39.2554,birdclef-2025/train_audio/yebsee1/XC326002.ogg,Aves,5.304
yebsee1,yebsee1/XC341917.ogg,5.0,-12.5304,-41.5757,birdclef-2025/train_audio/yebsee1/XC341917.ogg,Aves,5.2245
yebsee1,yebsee1/XC344057.ogg,4.0,-10.179,-48.5233,birdclef-2025/train_audio/yebsee1/XC344057.ogg,Aves,11.544
yebsee1,yebsee1/XC407122.ogg,4.5,-16.5631,-49.285,birdclef-2025/train_audio/yebsee1/XC407122.ogg,Aves,5.7469375
yebsee1,yebsee1/XC443362.ogg,5.0,-14.625,-49.0051,birdclef-2025/train_audio/yebsee1/XC443362.ogg,Aves,18.4685625
yebsee1,yebsee1/XC445237.ogg,5.0,-16.6003,-49.2802,birdclef-2025/train_audio/yebsee1/XC445237.ogg,Aves,7.31428125
yebsee1,yebsee1/XC446517.ogg,4.0,-9.8781,-56.0981,birdclef-2025/train_audio/yebsee1/XC446517.ogg,Aves,13.656
yebsee1,yebsee1/XC550364.ogg,4.5,-16.6003,-49.2802,birdclef-2025/train_audio/yebsee1/XC550364.ogg,Aves,11.23265625
yebsee1,yebsee1/XC559632.ogg,5.0,4.351,-74.652,birdclef-2025/train_audio/yebsee1/XC559632.ogg,Aves,3.024
yebsee1,yebsee1/XC571661.ogg,4.0,4.0189,-76.2169,birdclef-2025/train_audio/yebsee1/XC571661.ogg,Aves,14.64
yebsee1,yebsee1/XC571694.ogg,4.5,4.351,-74.652,birdclef-2025/train_audio/yebsee1/XC571694.ogg,Aves,6.024
yebsee1,yebsee1/XC584826.ogg,4.0,4.5585,-75.3275,birdclef-2025/train_audio/yebsee1/XC584826.ogg,Aves,6.744
yebsee1,yebsee1/XC589620.ogg,5.0,2.1869,-75.5584,birdclef-2025/train_audio/yebsee1/XC589620.ogg,Aves,12.2775625
yebsee1,yebsee1/XC593774.ogg,4.0,4.6188,-75.7604,birdclef-2025/train_audio/yebsee1/XC593774.ogg,Aves,18.86040625
yebsee1,yebsee1/XC597590.ogg,4.0,10.6626,-61.3978,birdclef-2025/train_audio/yebsee1/XC597590.ogg,Aves,10.488
yebsee1,yebsee1/XC597591.ogg,4.0,10.6624,-61.3978,birdclef-2025/train_audio/yebsee1/XC597591.ogg,Aves,16.032
yebsee1,yebsee1/XC617983.ogg,5.0,1.7135,-75.7326,birdclef-2025/train_audio/yebsee1/XC617983.ogg,Aves,16.27428125
yebsee1,yebsee1/XC695904.ogg,4.5,-16.0538,-49.604,birdclef-2025/train_audio/yebsee1/XC695904.ogg,Aves,12.59103125
yebsee1,yebsee1/XC705287.ogg,4.0,-3.7446,-47.5005,birdclef-2025/train_audio/yebsee1/XC705287.ogg,Aves,17.03184375
yebsee1,yebsee1/XC708053.ogg,5.0,-16.631,-48.6674,birdclef-2025/train_audio/yebsee1/XC708053.ogg,Aves,8.4114375
yebsee1,yebsee1/XC768800.ogg,4.0,-6.561,-47.4611,birdclef-2025/train_audio/yebsee1/XC768800.ogg,Aves,2.97796875
yebsee1,yebsee1/XC768804.ogg,5.0,-6.561,-47.4611,birdclef-2025/train_audio/yebsee1/XC768804.ogg,Aves,10.47509375
yebsee1,yebsee1/XC769548.ogg,5.0,-6.3761,-47.1085,birdclef-2025/train_audio/yebsee1/XC769548.ogg,Aves,14.49796875
yebsee1,yebsee1/XC769549.ogg,4.0,-6.561,-47.4611,birdclef-2025/train_audio/yebsee1/XC769549.ogg,Aves,6.84409375
yebsee1,yebsee1/XC777933.ogg,4.5,-16.0538,-49.604,birdclef-2025/train_audio/yebsee1/XC777933.ogg,Aves,18.88653125
yebsee1,yebsee1/XC782331.ogg,5.0,-12.3726,-54.9346,birdclef-2025/train_audio/yebsee1/XC782331.ogg,Aves,5.877
yebsee1,yebsee1/XC782465.ogg,5.0,-12.3726,-54.9346,birdclef-2025/train_audio/yebsee1/XC782465.ogg,Aves,11.964
yebsee1,yebsee1/XC784123.ogg,4.0,-6.0565,-77.8973,birdclef-2025/train_audio/yebsee1/XC784123.ogg,Aves,18.040875
yebsee1,yebsee1/XC788959.ogg,4.0,-13.3558,-47.2809,birdclef-2025/train_audio/yebsee1/XC788959.ogg,Aves,12.1991875
yebsee1,yebsee1/XC800279.ogg,5.0,-16.4727,-49.4959,birdclef-2025/train_audio/yebsee1/XC800279.ogg,Aves,2.6645
yebsee1,yebsee1/XC84738.ogg,5.0,-12.5111,-41.3556,birdclef-2025/train_audio/yebsee1/XC84738.ogg,Aves,13.06121875
yebsee1,yebsee1/XC857536.ogg,5.0,-16.0781,-50.218,birdclef-2025/train_audio/yebsee1/XC857536.ogg,Aves,7.209
yebsee1,yebsee1/XC912261.ogg,5.0,5.123,-74.256,birdclef-2025/train_audio/yebsee1/XC912261.ogg,Aves,2.88078125
yebsee1,yebsee1/XC914713.ogg,5.0,5.05,-75.4775,birdclef-2025/train_audio/yebsee1/XC914713.ogg,Aves,19.3013125
yebsee1,yebsee1/XC924679.ogg,5.0,-16.4353,-49.3948,birdclef-2025/train_audio/yebsee1/XC924679.ogg,Aves,9.456
yebsee1,yebsee1/XC946232.ogg,4.0,3.5026,-76.3552,birdclef-2025/train_audio/yebsee1/XC946232.ogg,Aves,2.68715625
yebsee1,yebsee1/XC946233.ogg,4.0,3.5026,-76.3552,birdclef-2025/train_audio/yebsee1/XC946233.ogg,Aves,3.12946875
yebsee1,yebsee1/XC946234.ogg,4.0,3.5026,-76.3552,birdclef-2025/train_audio/yebsee1/XC946234.ogg,Aves,9.08309375
yebsee1,yebsee1/XC963350.ogg,4.5,-16.5108,-49.2939,birdclef-2025/train_audio/yebsee1/XC963350.ogg,Aves,15.046
yecspi2,yecspi2/XC114239.ogg,4.0,-20.79,-42.8882,birdclef-2025/train_audio/yecspi2/XC114239.ogg,Aves,13.87103125
yecspi2,yecspi2/XC131395.ogg,4.0,-22.4508,-42.7735,birdclef-2025/train_audio/yecspi2/XC131395.ogg,Aves,11.808
yecspi2,yecspi2/XC146678.ogg,4.0,-31.1136,-50.8582,birdclef-2025/train_audio/yecspi2/XC146678.ogg,Aves,6.9746875
yecspi2,yecspi2/XC165883.ogg,4.0,-15.355,-38.982,birdclef-2025/train_audio/yecspi2/XC165883.ogg,Aves,15.15103125
yecspi2,yecspi2/XC169968.ogg,4.0,-19.2204,-42.4832,birdclef-2025/train_audio/yecspi2/XC169968.ogg,Aves,19.35675
yecspi2,yecspi2/XC173048.ogg,4.0,-23.0256,-43.4709,birdclef-2025/train_audio/yecspi2/XC173048.ogg,Aves,4.85878125
yecspi2,yecspi2/XC173395.ogg,4.0,-26.9879,-50.0147,birdclef-2025/train_audio/yecspi2/XC173395.ogg,Aves,8.15021875
yecspi2,yecspi2/XC197475.ogg,4.0,7.3682,-69.4407,birdclef-2025/train_audio/yecspi2/XC197475.ogg,Aves,11.85959375
yecspi2,yecspi2/XC260217.ogg,4.0,-28.6884,-57.3129,birdclef-2025/train_audio/yecspi2/XC260217.ogg,Aves,9.16896875
yecspi2,yecspi2/XC269907.ogg,5.0,-22.4508,-42.7735,birdclef-2025/train_audio/yecspi2/XC269907.ogg,Aves,5.198375
yecspi2,yecspi2/XC286694.ogg,4.0,-22.4508,-42.7735,birdclef-2025/train_audio/yecspi2/XC286694.ogg,Aves,16.82284375
yecspi2,yecspi2/XC335178.ogg,4.0,6.0462,-74.282,birdclef-2025/train_audio/yecspi2/XC335178.ogg,Aves,8.3591875
yecspi2,yecspi2/XC342773.ogg,4.0,-10.7253,-49.8445,birdclef-2025/train_audio/yecspi2/XC342773.ogg,Aves,7.44
yecspi2,yecspi2/XC342848.ogg,4.0,-20.0834,-55.9501,birdclef-2025/train_audio/yecspi2/XC342848.ogg,Aves,11.07590625
yecspi2,yecspi2/XC343908.ogg,4.0,-19.0216,-57.4984,birdclef-2025/train_audio/yecspi2/XC343908.ogg,Aves,2.481625
yecspi2,yecspi2/XC345211.ogg,4.0,-9.3133,-49.9759,birdclef-2025/train_audio/yecspi2/XC345211.ogg,Aves,13.60978125
yecspi2,yecspi2/XC358755.ogg,4.0,-5.2036,-48.371,birdclef-2025/train_audio/yecspi2/XC358755.ogg,Aves,4.25796875
yecspi2,yecspi2/XC387340.ogg,4.0,-11.3784,-49.666,birdclef-2025/train_audio/yecspi2/XC387340.ogg,Aves,15.9608125
yecspi2,yecspi2/XC414192.ogg,4.0,-16.5728,-49.3122,birdclef-2025/train_audio/yecspi2/XC414192.ogg,Aves,16.1436875
yecspi2,yecspi2/XC427190.ogg,4.0,-10.7348,-49.8553,birdclef-2025/train_audio/yecspi2/XC427190.ogg,Aves,7.44
yecspi2,yecspi2/XC435973.ogg,4.0,-22.7036,-47.6068,birdclef-2025/train_audio/yecspi2/XC435973.ogg,Aves,4.02284375
yecspi2,yecspi2/XC48944.ogg,5.0,-34.2342,-58.8861,birdclef-2025/train_audio/yecspi2/XC48944.ogg,Aves,18.0245
yecspi2,yecspi2/XC504762.ogg,5.0,-9.2594,-35.8457,birdclef-2025/train_audio/yecspi2/XC504762.ogg,Aves,8.48978125
yecspi2,yecspi2/XC513242.ogg,4.0,5.3328,-74.7286,birdclef-2025/train_audio/yecspi2/XC513242.ogg,Aves,7.653875
yecspi2,yecspi2/XC52050.ogg,4.0,-22.1931,-63.9445,birdclef-2025/train_audio/yecspi2/XC52050.ogg,Aves,6.66121875
yecspi2,yecspi2/XC52051.ogg,4.0,-22.1931,-63.9445,birdclef-2025/train_audio/yecspi2/XC52051.ogg,Aves,7.758375
yecspi2,yecspi2/XC522730.ogg,4.0,-9.2098,-49.9543,birdclef-2025/train_audio/yecspi2/XC522730.ogg,Aves,14.49796875
yecspi2,yecspi2/XC524941.ogg,5.0,-8.27,-49.2466,birdclef-2025/train_audio/yecspi2/XC524941.ogg,Aves,15.64734375
yecspi2,yecspi2/XC583589.ogg,4.0,4.9242,-52.3328,birdclef-2025/train_audio/yecspi2/XC583589.ogg,Aves,10.161625
yecspi2,yecspi2/XC704830.ogg,4.0,-9.5035,-50.0924,birdclef-2025/train_audio/yecspi2/XC704830.ogg,Aves,4.20571875
yecspi2,yecspi2/XC720790.ogg,4.0,-9.2856,-50.0142,birdclef-2025/train_audio/yecspi2/XC720790.ogg,Aves,5.06775
yecspi2,yecspi2/XC728830.ogg,4.0,-9.7504,-50.1926,birdclef-2025/train_audio/yecspi2/XC728830.ogg,Aves,4.72815625
yecspi2,yecspi2/XC794818.ogg,4.0,-9.2856,-50.0142,birdclef-2025/train_audio/yecspi2/XC794818.ogg,Aves,3.3519375
yecspi2,yecspi2/XC799758.ogg,4.0,-9.2856,-50.0142,birdclef-2025/train_audio/yecspi2/XC799758.ogg,Aves,14.60025
yecspi2,yecspi2/XC803308.ogg,4.0,-9.2856,-50.0142,birdclef-2025/train_audio/yecspi2/XC803308.ogg,Aves,15.63153125
yecspi2,yecspi2/XC80774.ogg,4.0,-12.6167,-39.6667,birdclef-2025/train_audio/yecspi2/XC80774.ogg,Aves,10.63184375
yecspi2,yecspi2/XC808617.ogg,4.0,-9.5937,-50.1049,birdclef-2025/train_audio/yecspi2/XC808617.ogg,Aves,7.9351875
yecspi2,yecspi2/XC808618.ogg,4.0,-9.5937,-50.1049,birdclef-2025/train_audio/yecspi2/XC808618.ogg,Aves,14.53271875
yecspi2,yecspi2/XC808620.ogg,4.0,-9.5937,-50.1049,birdclef-2025/train_audio/yecspi2/XC808620.ogg,Aves,6.4085
yecspi2,yecspi2/XC808626.ogg,4.0,-9.5937,-50.1049,birdclef-2025/train_audio/yecspi2/XC808626.ogg,Aves,19.92871875
yecspi2,yecspi2/XC808628.ogg,4.0,-9.5937,-50.1049,birdclef-2025/train_audio/yecspi2/XC808628.ogg,Aves,17.95384375
yecspi2,yecspi2/XC834202.ogg,4.0,-9.5937,-50.1049,birdclef-2025/train_audio/yecspi2/XC834202.ogg,Aves,19.7365625
yecspi2,yecspi2/XC837913.ogg,4.0,-14.0858,-50.8244,birdclef-2025/train_audio/yecspi2/XC837913.ogg,Aves,2.74284375
yecspi2,yecspi2/XC859406.ogg,4.0,-16.6414,-39.1405,birdclef-2025/train_audio/yecspi2/XC859406.ogg,Aves,14.09975
yecspi2,yecspi2/XC932363.ogg,5.0,-24.1783,-46.9468,birdclef-2025/train_audio/yecspi2/XC932363.ogg,Aves,16.56590625
yectyr1,yectyr1/XC180630.ogg,4.0,-6.4159,-76.3179,birdclef-2025/train_audio/yectyr1/XC180630.ogg,Aves,17.44978125
yectyr1,yectyr1/XC180705.ogg,4.0,-6.7394,-76.2311,birdclef-2025/train_audio/yectyr1/XC180705.ogg,Aves,6.45225
yectyr1,yectyr1/XC2551.ogg,4.0,-17.1028,-64.7792,birdclef-2025/train_audio/yectyr1/XC2551.ogg,Aves,3.2653125
yectyr1,yectyr1/XC258693.ogg,5.0,-0.498,-76.373,birdclef-2025/train_audio/yectyr1/XC258693.ogg,Aves,14.91590625
yectyr1,yectyr1/XC2717.ogg,4.0,-10.8709,-65.9167,birdclef-2025/train_audio/yectyr1/XC2717.ogg,Aves,8.62040625
yectyr1,yectyr1/XC275421.ogg,5.0,0.883,-78.8,birdclef-2025/train_audio/yectyr1/XC275421.ogg,Aves,7.88896875
yectyr1,yectyr1/XC343797.ogg,4.0,-6.6961,-48.1078,birdclef-2025/train_audio/yectyr1/XC343797.ogg,Aves,11.78121875
yectyr1,yectyr1/XC358571.ogg,4.0,-5.2036,-48.371,birdclef-2025/train_audio/yectyr1/XC358571.ogg,Aves,7.1053125
yectyr1,yectyr1/XC358763.ogg,4.0,-5.2036,-48.371,birdclef-2025/train_audio/yectyr1/XC358763.ogg,Aves,8.2808125
yectyr1,yectyr1/XC423119.ogg,4.0,4.371,-75.2307,birdclef-2025/train_audio/yectyr1/XC423119.ogg,Aves,2.544
yectyr1,yectyr1/XC479436.ogg,4.0,-9.642,-70.037,birdclef-2025/train_audio/yectyr1/XC479436.ogg,Aves,8.75103125
yectyr1,yectyr1/XC484691.ogg,4.0,9.4939,-84.048,birdclef-2025/train_audio/yectyr1/XC484691.ogg,Aves,14.26284375
yectyr1,yectyr1/XC521128.ogg,4.0,0.4986,-72.6194,birdclef-2025/train_audio/yectyr1/XC521128.ogg,Aves,11.04978125
yectyr1,yectyr1/XC532441.ogg,4.0,5.2461,-75.6853,birdclef-2025/train_audio/yectyr1/XC532441.ogg,Aves,9.97878125
yectyr1,yectyr1/XC560165.ogg,5.0,4.351,-74.652,birdclef-2025/train_audio/yectyr1/XC560165.ogg,Aves,14.856
yectyr1,yectyr1/XC583601.ogg,4.0,5.0901,-52.5698,birdclef-2025/train_audio/yectyr1/XC583601.ogg,Aves,16.24815625
yectyr1,yectyr1/XC605711.ogg,4.0,3.6282,-76.4497,birdclef-2025/train_audio/yectyr1/XC605711.ogg,Aves,4.5975625
yectyr1,yectyr1/XC71456.ogg,4.0,0.2578,-79.192,birdclef-2025/train_audio/yectyr1/XC71456.ogg,Aves,6.4
yectyr1,yectyr1/XC821690.ogg,4.0,-8.3146,-63.8886,birdclef-2025/train_audio/yectyr1/XC821690.ogg,Aves,12.721625
yectyr1,yectyr1/XC8224.ogg,4.0,10.6001,-62.5334,birdclef-2025/train_audio/yectyr1/XC8224.ogg,Aves,7.810625
yectyr1,yectyr1/XC824297.ogg,4.0,5.4617,-55.2283,birdclef-2025/train_audio/yectyr1/XC824297.ogg,Aves,15.87959375
yectyr1,yectyr1/XC824298.ogg,4.0,5.4617,-55.2283,birdclef-2025/train_audio/yectyr1/XC824298.ogg,Aves,15.87959375
yectyr1,yectyr1/XC941659.ogg,5.0,9.4738,-84.0682,birdclef-2025/train_audio/yectyr1/XC941659.ogg,Aves,19.824
yehbla2,yehbla2/XC296598.ogg,5.0,-4.3025,-73.2867,birdclef-2025/train_audio/yehbla2/XC296598.ogg,Aves,4.10121875
yehbla2,yehbla2/XC296599.ogg,5.0,-4.3025,-73.2867,birdclef-2025/train_audio/yehbla2/XC296599.ogg,Aves,18.80815625
yehbla2,yehbla2/XC303346.ogg,5.0,4.6274,-74.161,birdclef-2025/train_audio/yehbla2/XC303346.ogg,Aves,7.512
yehbla2,yehbla2/XC303472.ogg,5.0,4.6274,-74.161,birdclef-2025/train_audio/yehbla2/XC303472.ogg,Aves,14.64
yehbla2,yehbla2/XC304261.ogg,4.0,4.6907,-74.2753,birdclef-2025/train_audio/yehbla2/XC304261.ogg,Aves,5.352
yehbla2,yehbla2/XC325972.ogg,4.0,-2.6119,-57.8664,birdclef-2025/train_audio/yehbla2/XC325972.ogg,Aves,8.64
yehbla2,yehbla2/XC483636.ogg,5.0,4.7297,-74.1357,birdclef-2025/train_audio/yehbla2/XC483636.ogg,Aves,17.2408125
yehbla2,yehbla2/XC483637.ogg,5.0,4.7297,-74.1357,birdclef-2025/train_audio/yehbla2/XC483637.ogg,Aves,13.5575625
yehbla2,yehbla2/XC523823.ogg,4.0,5.0667,-74.8008,birdclef-2025/train_audio/yehbla2/XC523823.ogg,Aves,13.19184375
yehbla2,yehbla2/XC523824.ogg,4.0,5.0667,-74.8008,birdclef-2025/train_audio/yehbla2/XC523824.ogg,Aves,11.72896875
yehbla2,yehbla2/XC523827.ogg,4.0,5.0667,-74.8008,birdclef-2025/train_audio/yehbla2/XC523827.ogg,Aves,10.65796875
yehbla2,yehbla2/XC585883.ogg,5.0,4.93,-52.2858,birdclef-2025/train_audio/yehbla2/XC585883.ogg,Aves,8.112
yehbla2,yehbla2/XC617296.ogg,4.0,5.7699,-73.1176,birdclef-2025/train_audio/yehbla2/XC617296.ogg,Aves,11.544
yehbla2,yehbla2/XC771580.ogg,4.0,3.2342,-76.5313,birdclef-2025/train_audio/yehbla2/XC771580.ogg,Aves,12.721625
yehbla2,yehbla2/XC946044.ogg,4.0,3.5026,-76.3552,birdclef-2025/train_audio/yehbla2/XC946044.ogg,Aves,2.75575
yehbla2,yehbla2/XC946045.ogg,4.0,3.5026,-76.3552,birdclef-2025/train_audio/yehbla2/XC946045.ogg,Aves,2.455625
yehbla2,yehbla2/XC946046.ogg,4.0,3.5026,-76.3552,birdclef-2025/train_audio/yehbla2/XC946046.ogg,Aves,3.4529375
yehcar1,yehcar1/XC113950.ogg,5.0,-20.79,-42.8882,birdclef-2025/train_audio/yehcar1/XC113950.ogg,Aves,3.44815625
yehcar1,yehcar1/XC116102.ogg,5.0,5.1304,-68.3063,birdclef-2025/train_audio/yehcar1/XC116102.ogg,Aves,18.20734375
yehcar1,yehcar1/XC127590.ogg,4.0,4.1809,-72.9136,birdclef-2025/train_audio/yehcar1/XC127590.ogg,Aves,8.2285625
yehcar1,yehcar1/XC127964.ogg,5.0,4.1809,-72.9136,birdclef-2025/train_audio/yehcar1/XC127964.ogg,Aves,10.44896875
yehcar1,yehcar1/XC130920.ogg,4.0,-20.79,-42.8882,birdclef-2025/train_audio/yehcar1/XC130920.ogg,Aves,19.8008125
yehcar1,yehcar1/XC148395.ogg,5.0,4.5167,-68.0833,birdclef-2025/train_audio/yehcar1/XC148395.ogg,Aves,15.124
yehcar1,yehcar1/XC148396.ogg,5.0,4.5167,-68.0833,birdclef-2025/train_audio/yehcar1/XC148396.ogg,Aves,18.181
yehcar1,yehcar1/XC148397.ogg,5.0,4.5167,-68.0833,birdclef-2025/train_audio/yehcar1/XC148397.ogg,Aves,15.072
yehcar1,yehcar1/XC148398.ogg,5.0,4.5167,-68.0833,birdclef-2025/train_audio/yehcar1/XC148398.ogg,Aves,12.094
yehcar1,yehcar1/XC148399.ogg,5.0,4.5167,-68.0833,birdclef-2025/train_audio/yehcar1/XC148399.ogg,Aves,11.232
yehcar1,yehcar1/XC148400.ogg,5.0,4.5167,-68.0833,birdclef-2025/train_audio/yehcar1/XC148400.ogg,Aves,11.284
yehcar1,yehcar1/XC148402.ogg,5.0,4.5167,-68.0833,birdclef-2025/train_audio/yehcar1/XC148402.ogg,Aves,15.281
yehcar1,yehcar1/XC151433.ogg,5.0,5.0901,-52.5698,birdclef-2025/train_audio/yehcar1/XC151433.ogg,Aves,19.9053125
yehcar1,yehcar1/XC157348.ogg,5.0,6.141,-75.6167,birdclef-2025/train_audio/yehcar1/XC157348.ogg,Aves,6.11265625
yehcar1,yehcar1/XC157407.ogg,4.0,-26.4581,-52.3411,birdclef-2025/train_audio/yehcar1/XC157407.ogg,Aves,7.23590625
yehcar1,yehcar1/XC164790.ogg,4.0,9.3241,-80.0024,birdclef-2025/train_audio/yehcar1/XC164790.ogg,Aves,4.83265625
yehcar1,yehcar1/XC166318.ogg,4.0,10.1434,-85.0428,birdclef-2025/train_audio/yehcar1/XC166318.ogg,Aves,6.8963125
yehcar1,yehcar1/XC187116.ogg,4.0,-28.6301,-49.5073,birdclef-2025/train_audio/yehcar1/XC187116.ogg,Aves,1.43675
yehcar1,yehcar1/XC204714.ogg,4.0,9.9039,-71.1039,birdclef-2025/train_audio/yehcar1/XC204714.ogg,Aves,10.1355
yehcar1,yehcar1/XC211160.ogg,5.0,-23.6866,-46.7013,birdclef-2025/train_audio/yehcar1/XC211160.ogg,Aves,4.78040625
yehcar1,yehcar1/XC317795.ogg,4.0,8.8667,-75.7859,birdclef-2025/train_audio/yehcar1/XC317795.ogg,Aves,4.91103125
yehcar1,yehcar1/XC347917.ogg,5.0,-24.2056,-46.9164,birdclef-2025/train_audio/yehcar1/XC347917.ogg,Aves,10.00490625
yehcar1,yehcar1/XC352983.ogg,4.0,-3.77,-73.2747,birdclef-2025/train_audio/yehcar1/XC352983.ogg,Aves,2.95184375
yehcar1,yehcar1/XC359462.ogg,4.0,9.4984,-75.3505,birdclef-2025/train_audio/yehcar1/XC359462.ogg,Aves,17.3191875
yehcar1,yehcar1/XC363104.ogg,4.0,-26.8109,-59.597,birdclef-2025/train_audio/yehcar1/XC363104.ogg,Aves,19.128
yehcar1,yehcar1/XC388112.ogg,4.0,-22.4508,-42.7735,birdclef-2025/train_audio/yehcar1/XC388112.ogg,Aves,13.464
yehcar1,yehcar1/XC414820.ogg,4.5,-15.7773,-48.8222,birdclef-2025/train_audio/yehcar1/XC414820.ogg,Aves,13.24409375
yehcar1,yehcar1/XC447980.ogg,4.0,-22.8842,-48.4442,birdclef-2025/train_audio/yehcar1/XC447980.ogg,Aves,2.925
yehcar1,yehcar1/XC447990.ogg,5.0,-22.8842,-48.4442,birdclef-2025/train_audio/yehcar1/XC447990.ogg,Aves,9.586
yehcar1,yehcar1/XC459236.ogg,5.0,4.843,-75.8187,birdclef-2025/train_audio/yehcar1/XC459236.ogg,Aves,9.92653125
yehcar1,yehcar1/XC466222.ogg,5.0,-23.9152,-46.321,birdclef-2025/train_audio/yehcar1/XC466222.ogg,Aves,1.64571875
yehcar1,yehcar1/XC493251.ogg,4.5,-6.7455,-46.9907,birdclef-2025/train_audio/yehcar1/XC493251.ogg,Aves,4.12734375
yehcar1,yehcar1/XC493614.ogg,5.0,-6.3761,-47.1085,birdclef-2025/train_audio/yehcar1/XC493614.ogg,Aves,19.8791875
yehcar1,yehcar1/XC495078.ogg,4.0,-15.3512,-55.4578,birdclef-2025/train_audio/yehcar1/XC495078.ogg,Aves,9.816
yehcar1,yehcar1/XC504238.ogg,5.0,-16.6003,-49.2802,birdclef-2025/train_audio/yehcar1/XC504238.ogg,Aves,3.1869375
yehcar1,yehcar1/XC50736.ogg,4.0,-25.7168,-54.4146,birdclef-2025/train_audio/yehcar1/XC50736.ogg,Aves,7.88896875
yehcar1,yehcar1/XC538972.ogg,4.0,8.6372,-79.9003,birdclef-2025/train_audio/yehcar1/XC538972.ogg,Aves,15.576
yehcar1,yehcar1/XC549961.ogg,4.0,1.4898,-75.6801,birdclef-2025/train_audio/yehcar1/XC549961.ogg,Aves,14.472
yehcar1,yehcar1/XC664789.ogg,5.0,-26.6301,-54.0999,birdclef-2025/train_audio/yehcar1/XC664789.ogg,Aves,9.7436875
yehcar1,yehcar1/XC698621.ogg,5.0,-6.4818,-47.8109,birdclef-2025/train_audio/yehcar1/XC698621.ogg,Aves,4.728
yehcar1,yehcar1/XC702833.ogg,4.0,-13.7656,-66.1005,birdclef-2025/train_audio/yehcar1/XC702833.ogg,Aves,12.0
yehcar1,yehcar1/XC714613.ogg,5.0,-15.5509,-47.7033,birdclef-2025/train_audio/yehcar1/XC714613.ogg,Aves,12.3036875
yehcar1,yehcar1/XC737776.ogg,4.0,-16.6422,-49.2945,birdclef-2025/train_audio/yehcar1/XC737776.ogg,Aves,4.824
yehcar1,yehcar1/XC771673.ogg,4.0,4.843,-75.8187,birdclef-2025/train_audio/yehcar1/XC771673.ogg,Aves,8.96
yehcar1,yehcar1/XC771674.ogg,4.0,4.843,-75.8187,birdclef-2025/train_audio/yehcar1/XC771674.ogg,Aves,7.1836875
yehcar1,yehcar1/XC785059.ogg,5.0,5.0564,-75.4953,birdclef-2025/train_audio/yehcar1/XC785059.ogg,Aves,5.5430625
yehcar1,yehcar1/XC788936.ogg,4.0,-13.3558,-47.2809,birdclef-2025/train_audio/yehcar1/XC788936.ogg,Aves,2.16815625
yehcar1,yehcar1/XC797588.ogg,4.0,-14.625,-49.0051,birdclef-2025/train_audio/yehcar1/XC797588.ogg,Aves,11.546125
yehcar1,yehcar1/XC826234.ogg,4.0,5.0861,-74.7076,birdclef-2025/train_audio/yehcar1/XC826234.ogg,Aves,8.33421875
yehcar1,yehcar1/XC849996.ogg,4.0,-16.4353,-49.3948,birdclef-2025/train_audio/yehcar1/XC849996.ogg,Aves,4.64978125
yehcar1,yehcar1/XC85224.ogg,4.0,-23.6334,-45.8667,birdclef-2025/train_audio/yehcar1/XC85224.ogg,Aves,12.59103125
yehcar1,yehcar1/XC891590.ogg,5.0,7.0464,-73.3873,birdclef-2025/train_audio/yehcar1/XC891590.ogg,Aves,15.91425
yehcar1,yehcar1/XC946063.ogg,4.0,3.5026,-76.3552,birdclef-2025/train_audio/yehcar1/XC946063.ogg,Aves,14.56284375
yehcar1,yehcar1/XC946064.ogg,4.0,3.5026,-76.3552,birdclef-2025/train_audio/yehcar1/XC946064.ogg,Aves,12.00696875
yehcar1,yehcar1/XC946065.ogg,4.0,3.5026,-76.3552,birdclef-2025/train_audio/yehcar1/XC946065.ogg,Aves,15.490125
yehcar1,yehcar1/XC946066.ogg,4.0,3.5026,-76.3552,birdclef-2025/train_audio/yehcar1/XC946066.ogg,Aves,8.8431875
yehcar1,yehcar1/XC946067.ogg,4.0,3.5026,-76.3552,birdclef-2025/train_audio/yehcar1/XC946067.ogg,Aves,7.05325
yelori1,yelori1/XC212612.ogg,4.0,10.1638,-69.5227,birdclef-2025/train_audio/yelori1/XC212612.ogg,Aves,10.65796875
yelori1,yelori1/XC385502.ogg,4.0,9.9813,-69.5325,birdclef-2025/train_audio/yelori1/XC385502.ogg,Aves,17.4236875
yelori1,yelori1/XC468911.ogg,5.0,10.5906,-67.0568,birdclef-2025/train_audio/yelori1/XC468911.ogg,Aves,6.34775
yelori1,yelori1/XC615419.ogg,4.0,6.1513,-74.4957,birdclef-2025/train_audio/yelori1/XC615419.ogg,Aves,17.841625
yelori1,yelori1/XC826232.ogg,4.0,5.0861,-74.7076,birdclef-2025/train_audio/yelori1/XC826232.ogg,Aves,5.97528125
yelori1,yelori1/XC946123.ogg,4.0,3.5026,-76.3552,birdclef-2025/train_audio/yelori1/XC946123.ogg,Aves,7.61796875
yelori1,yelori1/XC946124.ogg,4.0,3.5026,-76.3552,birdclef-2025/train_audio/yelori1/XC946124.ogg,Aves,5.7743125
yelori1,yelori1/XC946126.ogg,4.0,3.5026,-76.3552,birdclef-2025/train_audio/yelori1/XC946126.ogg,Aves,8.92890625
yelori1,yelori1/XC946127.ogg,4.0,3.5026,-76.3552,birdclef-2025/train_audio/yelori1/XC946127.ogg,Aves,2.76078125
yelori1,yelori1/XC946128.ogg,4.0,3.5026,-76.3552,birdclef-2025/train_audio/yelori1/XC946128.ogg,Aves,6.16278125
yeofly1,yeofly1/XC115302.ogg,4.0,-21.765,-43.3488,birdclef-2025/train_audio/yeofly1/XC115302.ogg,Aves,9.01225
yeofly1,yeofly1/XC121248.ogg,4.0,-6.3262,-48.539,birdclef-2025/train_audio/yeofly1/XC121248.ogg,Aves,14.52
yeofly1,yeofly1/XC125754.ogg,4.0,17.2226,-89.6237,birdclef-2025/train_audio/yeofly1/XC125754.ogg,Aves,17.73715625
yeofly1,yeofly1/XC126527.ogg,4.0,17.006,-89.721,birdclef-2025/train_audio/yeofly1/XC126527.ogg,Aves,3.813875
yeofly1,yeofly1/XC126529.ogg,4.0,17.006,-89.721,birdclef-2025/train_audio/yeofly1/XC126529.ogg,Aves,12.1730625
yeofly1,yeofly1/XC130301.ogg,5.0,-9.5981,-55.932,birdclef-2025/train_audio/yeofly1/XC130301.ogg,Aves,6.936
yeofly1,yeofly1/XC131601.ogg,5.0,15.3067,-88.3974,birdclef-2025/train_audio/yeofly1/XC131601.ogg,Aves,9.36
yeofly1,yeofly1/XC141755.ogg,4.0,-15.8555,-56.0704,birdclef-2025/train_audio/yeofly1/XC141755.ogg,Aves,10.50121875
yeofly1,yeofly1/XC145572.ogg,4.0,-23.245,-46.912,birdclef-2025/train_audio/yeofly1/XC145572.ogg,Aves,7.88896875
yeofly1,yeofly1/XC147115.ogg,4.0,16.87,-93.12,birdclef-2025/train_audio/yeofly1/XC147115.ogg,Aves,10.8
yeofly1,yeofly1/XC165279.ogg,4.0,-22.4334,-44.6334,birdclef-2025/train_audio/yeofly1/XC165279.ogg,Aves,9.40409375
yeofly1,yeofly1/XC166972.ogg,5.0,-26.4895,-52.2009,birdclef-2025/train_audio/yeofly1/XC166972.ogg,Aves,5.12
yeofly1,yeofly1/XC170038.ogg,4.0,-19.2204,-42.4832,birdclef-2025/train_audio/yeofly1/XC170038.ogg,Aves,17.2930625
yeofly1,yeofly1/XC172578.ogg,5.0,-22.9691,-43.2424,birdclef-2025/train_audio/yeofly1/XC172578.ogg,Aves,19.6963125
yeofly1,yeofly1/XC176891.ogg,5.0,-26.995,-50.014,birdclef-2025/train_audio/yeofly1/XC176891.ogg,Aves,4.17959375
yeofly1,yeofly1/XC180580.ogg,4.0,-6.4515,-76.2909,birdclef-2025/train_audio/yeofly1/XC180580.ogg,Aves,2.87346875
yeofly1,yeofly1/XC180583.ogg,4.0,-6.4515,-76.2909,birdclef-2025/train_audio/yeofly1/XC180583.ogg,Aves,2.40325
yeofly1,yeofly1/XC187920.ogg,4.0,-23.9557,-46.6503,birdclef-2025/train_audio/yeofly1/XC187920.ogg,Aves,9.43021875
yeofly1,yeofly1/XC1946.ogg,5.0,-14.6112,-61.1928,birdclef-2025/train_audio/yeofly1/XC1946.ogg,Aves,15.9346875
yeofly1,yeofly1/XC198395.ogg,4.0,13.9292,-89.0469,birdclef-2025/train_audio/yeofly1/XC198395.ogg,Aves,6.672
yeofly1,yeofly1/XC198406.ogg,4.0,14.0601,-89.1343,birdclef-2025/train_audio/yeofly1/XC198406.ogg,Aves,12.0685625
yeofly1,yeofly1/XC212434.ogg,4.0,-23.43,-47.599,birdclef-2025/train_audio/yeofly1/XC212434.ogg,Aves,13.3746875
yeofly1,yeofly1/XC214580.ogg,4.0,-0.4714,-76.4603,birdclef-2025/train_audio/yeofly1/XC214580.ogg,Aves,19.59184375
yeofly1,yeofly1/XC245096.ogg,4.0,2.5828,-72.717,birdclef-2025/train_audio/yeofly1/XC245096.ogg,Aves,12.43428125
yeofly1,yeofly1/XC250350.ogg,4.0,-4.401,-79.854,birdclef-2025/train_audio/yeofly1/XC250350.ogg,Aves,5.95590625
yeofly1,yeofly1/XC250351.ogg,4.0,-4.401,-79.854,birdclef-2025/train_audio/yeofly1/XC250351.ogg,Aves,5.43346875
yeofly1,yeofly1/XC258818.ogg,5.0,-4.367,-79.917,birdclef-2025/train_audio/yeofly1/XC258818.ogg,Aves,11.31103125
yeofly1,yeofly1/XC258819.ogg,4.0,-1.7,-80.767,birdclef-2025/train_audio/yeofly1/XC258819.ogg,Aves,19.67021875
yeofly1,yeofly1/XC258821.ogg,5.0,-4.3,-80.033,birdclef-2025/train_audio/yeofly1/XC258821.ogg,Aves,18.28571875
yeofly1,yeofly1/XC260910.ogg,5.0,-0.724,-77.639,birdclef-2025/train_audio/yeofly1/XC260910.ogg,Aves,17.71103125
yeofly1,yeofly1/XC260911.ogg,5.0,-4.108,-78.964,birdclef-2025/train_audio/yeofly1/XC260911.ogg,Aves,17.60653125
yeofly1,yeofly1/XC268592.ogg,5.0,-19.7323,-41.8141,birdclef-2025/train_audio/yeofly1/XC268592.ogg,Aves,5.832
yeofly1,yeofly1/XC268593.ogg,5.0,-19.7323,-41.8141,birdclef-2025/train_audio/yeofly1/XC268593.ogg,Aves,5.52
yeofly1,yeofly1/XC268595.ogg,5.0,-19.7323,-41.8141,birdclef-2025/train_audio/yeofly1/XC268595.ogg,Aves,5.352
yeofly1,yeofly1/XC268842.ogg,5.0,-22.3926,-42.3662,birdclef-2025/train_audio/yeofly1/XC268842.ogg,Aves,6.08653125
yeofly1,yeofly1/XC269482.ogg,4.0,-22.4179,-42.7379,birdclef-2025/train_audio/yeofly1/XC269482.ogg,Aves,14.8636875
yeofly1,yeofly1/XC276588.ogg,5.0,-0.693,-77.605,birdclef-2025/train_audio/yeofly1/XC276588.ogg,Aves,12.85225
yeofly1,yeofly1/XC281948.ogg,4.0,18.0188,-94.4079,birdclef-2025/train_audio/yeofly1/XC281948.ogg,Aves,11.12815625
yeofly1,yeofly1/XC283251.ogg,5.0,-23.4693,-45.1695,birdclef-2025/train_audio/yeofly1/XC283251.ogg,Aves,9.14284375
yeofly1,yeofly1/XC299466.ogg,4.0,-22.4508,-42.7735,birdclef-2025/train_audio/yeofly1/XC299466.ogg,Aves,16.0391875
yeofly1,yeofly1/XC31697.ogg,4.0,6.6334,-73.3167,birdclef-2025/train_audio/yeofly1/XC31697.ogg,Aves,6.79184375
yeofly1,yeofly1/XC320037.ogg,4.0,-3.4458,-72.8503,birdclef-2025/train_audio/yeofly1/XC320037.ogg,Aves,7.728
yeofly1,yeofly1/XC32355.ogg,5.0,-23.758,-64.851,birdclef-2025/train_audio/yeofly1/XC32355.ogg,Aves,17.1624375
yeofly1,yeofly1/XC32357.ogg,5.0,-23.5334,-64.5501,birdclef-2025/train_audio/yeofly1/XC32357.ogg,Aves,18.96490625
yeofly1,yeofly1/XC323866.ogg,5.0,-6.0667,-49.9167,birdclef-2025/train_audio/yeofly1/XC323866.ogg,Aves,19.14775
yeofly1,yeofly1/XC328506.ogg,5.0,-3.117,-60.3826,birdclef-2025/train_audio/yeofly1/XC328506.ogg,Aves,15.096
yeofly1,yeofly1/XC330555.ogg,4.0,-19.6536,-42.8723,birdclef-2025/train_audio/yeofly1/XC330555.ogg,Aves,11.664
yeofly1,yeofly1/XC340520.ogg,5.0,16.9903,-89.6715,birdclef-2025/train_audio/yeofly1/XC340520.ogg,Aves,8.928
yeofly1,yeofly1/XC343979.ogg,4.0,-6.7163,-47.7601,birdclef-2025/train_audio/yeofly1/XC343979.ogg,Aves,6.76571875
yeofly1,yeofly1/XC345009.ogg,4.0,-10.2784,-48.1641,birdclef-2025/train_audio/yeofly1/XC345009.ogg,Aves,19.3045
yeofly1,yeofly1/XC375809.ogg,4.0,10.471,-84.646,birdclef-2025/train_audio/yeofly1/XC375809.ogg,Aves,9.6391875
yeofly1,yeofly1/XC375962.ogg,4.0,10.8333,-85.6667,birdclef-2025/train_audio/yeofly1/XC375962.ogg,Aves,11.598375
yeofly1,yeofly1/XC378085.ogg,4.0,18.2135,-94.8365,birdclef-2025/train_audio/yeofly1/XC378085.ogg,Aves,11.04978125
yeofly1,yeofly1/XC385773.ogg,4.0,-15.1274,-56.6437,birdclef-2025/train_audio/yeofly1/XC385773.ogg,Aves,19.6963125
yeofly1,yeofly1/XC391756.ogg,4.0,16.7251,-93.0939,birdclef-2025/train_audio/yeofly1/XC391756.ogg,Aves,4.824
yeofly1,yeofly1/XC393155.ogg,4.0,-15.568,-56.0665,birdclef-2025/train_audio/yeofly1/XC393155.ogg,Aves,6.34775
yeofly1,yeofly1/XC393562.ogg,5.0,-15.6503,-56.0622,birdclef-2025/train_audio/yeofly1/XC393562.ogg,Aves,15.438375
yeofly1,yeofly1/XC402633.ogg,5.0,-22.8842,-48.4442,birdclef-2025/train_audio/yeofly1/XC402633.ogg,Aves,15.41225
yeofly1,yeofly1/XC409594.ogg,4.0,-3.0615,-64.8545,birdclef-2025/train_audio/yeofly1/XC409594.ogg,Aves,6.456
yeofly1,yeofly1/XC425544.ogg,4.0,5.9002,-74.8485,birdclef-2025/train_audio/yeofly1/XC425544.ogg,Aves,17.92
yeofly1,yeofly1/XC428099.ogg,4.0,-15.3915,-39.5643,birdclef-2025/train_audio/yeofly1/XC428099.ogg,Aves,5.7730625
yeofly1,yeofly1/XC428101.ogg,4.0,-20.1391,-46.3814,birdclef-2025/train_audio/yeofly1/XC428101.ogg,Aves,11.57225
yeofly1,yeofly1/XC433573.ogg,5.0,6.5574,-75.8604,birdclef-2025/train_audio/yeofly1/XC433573.ogg,Aves,7.704
yeofly1,yeofly1/XC436503.ogg,5.0,-16.5631,-49.285,birdclef-2025/train_audio/yeofly1/XC436503.ogg,Aves,4.5975625
yeofly1,yeofly1/XC436970.ogg,5.0,-4.2889,-70.2948,birdclef-2025/train_audio/yeofly1/XC436970.ogg,Aves,9.22121875
yeofly1,yeofly1/XC436982.ogg,4.0,-4.2889,-70.2948,birdclef-2025/train_audio/yeofly1/XC436982.ogg,Aves,11.85959375
yeofly1,yeofly1/XC444717.ogg,4.0,20.3566,-87.3589,birdclef-2025/train_audio/yeofly1/XC444717.ogg,Aves,17.554
yeofly1,yeofly1/XC444718.ogg,5.0,20.3566,-87.3589,birdclef-2025/train_audio/yeofly1/XC444718.ogg,Aves,8.306
yeofly1,yeofly1/XC444833.ogg,4.0,20.3566,-87.3589,birdclef-2025/train_audio/yeofly1/XC444833.ogg,Aves,5.328
yeofly1,yeofly1/XC456230.ogg,4.0,3.3821,-61.4464,birdclef-2025/train_audio/yeofly1/XC456230.ogg,Aves,11.376
yeofly1,yeofly1/XC456885.ogg,5.0,8.9945,-79.5461,birdclef-2025/train_audio/yeofly1/XC456885.ogg,Aves,10.63184375
yeofly1,yeofly1/XC459338.ogg,4.5,-16.6003,-49.2802,birdclef-2025/train_audio/yeofly1/XC459338.ogg,Aves,7.262
yeofly1,yeofly1/XC461346.ogg,4.0,-21.05,-56.563,birdclef-2025/train_audio/yeofly1/XC461346.ogg,Aves,14.184
yeofly1,yeofly1/XC46766.ogg,5.0,-25.7168,-54.4146,birdclef-2025/train_audio/yeofly1/XC46766.ogg,Aves,18.5469375
yeofly1,yeofly1/XC469256.ogg,4.0,-25.2401,-48.759,birdclef-2025/train_audio/yeofly1/XC469256.ogg,Aves,9.6130625
yeofly1,yeofly1/XC476479.ogg,4.0,-16.6003,-49.2802,birdclef-2025/train_audio/yeofly1/XC476479.ogg,Aves,4.3363125
yeofly1,yeofly1/XC479866.ogg,4.5,-16.6869,-49.2648,birdclef-2025/train_audio/yeofly1/XC479866.ogg,Aves,18.5469375
yeofly1,yeofly1/XC483489.ogg,4.0,-16.6869,-49.2648,birdclef-2025/train_audio/yeofly1/XC483489.ogg,Aves,6.504
yeofly1,yeofly1/XC486467.ogg,4.0,14.9033,-87.9534,birdclef-2025/train_audio/yeofly1/XC486467.ogg,Aves,5.688
yeofly1,yeofly1/XC495081.ogg,4.0,-15.3512,-55.4578,birdclef-2025/train_audio/yeofly1/XC495081.ogg,Aves,12.552
yeofly1,yeofly1/XC504624.ogg,5.0,-3.2231,-59.8664,birdclef-2025/train_audio/yeofly1/XC504624.ogg,Aves,19.382
yeofly1,yeofly1/XC507872.ogg,5.0,-18.3949,-52.6654,birdclef-2025/train_audio/yeofly1/XC507872.ogg,Aves,14.34121875
yeofly1,yeofly1/XC51045.ogg,4.0,-22.1931,-63.9445,birdclef-2025/train_audio/yeofly1/XC51045.ogg,Aves,6.5045
yeofly1,yeofly1/XC51047.ogg,4.0,-22.1931,-63.9445,birdclef-2025/train_audio/yeofly1/XC51047.ogg,Aves,8.3591875
yeofly1,yeofly1/XC51048.ogg,4.0,-22.1931,-63.9445,birdclef-2025/train_audio/yeofly1/XC51048.ogg,Aves,14.96815625
yeofly1,yeofly1/XC512409.ogg,5.0,-23.7791,-45.9722,birdclef-2025/train_audio/yeofly1/XC512409.ogg,Aves,10.7624375
yeofly1,yeofly1/XC512927.ogg,4.0,-9.2114,-35.8771,birdclef-2025/train_audio/yeofly1/XC512927.ogg,Aves,8.1763125
yeofly1,yeofly1/XC516240.ogg,4.0,9.5278,-75.3653,birdclef-2025/train_audio/yeofly1/XC516240.ogg,Aves,4.824
yeofly1,yeofly1/XC521274.ogg,4.0,4.5646,-74.9392,birdclef-2025/train_audio/yeofly1/XC521274.ogg,Aves,8.976
yeofly1,yeofly1/XC532165.ogg,5.0,4.351,-74.652,birdclef-2025/train_audio/yeofly1/XC532165.ogg,Aves,5.6424375
yeofly1,yeofly1/XC532166.ogg,5.0,4.351,-74.652,birdclef-2025/train_audio/yeofly1/XC532166.ogg,Aves,3.709375
yeofly1,yeofly1/XC548396.ogg,5.0,-26.519,-53.9887,birdclef-2025/train_audio/yeofly1/XC548396.ogg,Aves,7.1575625
yeofly1,yeofly1/XC550397.ogg,5.0,-16.7546,-56.8859,birdclef-2025/train_audio/yeofly1/XC550397.ogg,Aves,7.0269375
yeofly1,yeofly1/XC556648.ogg,4.0,-22.4376,-44.6088,birdclef-2025/train_audio/yeofly1/XC556648.ogg,Aves,8.064
yeofly1,yeofly1/XC557252.ogg,5.0,4.351,-74.652,birdclef-2025/train_audio/yeofly1/XC557252.ogg,Aves,15.768
yeofly1,yeofly1/XC583769.ogg,4.0,-9.1992,-35.8871,birdclef-2025/train_audio/yeofly1/XC583769.ogg,Aves,5.7208125
yeofly1,yeofly1/XC591185.ogg,5.0,1.4898,-75.6801,birdclef-2025/train_audio/yeofly1/XC591185.ogg,Aves,11.70284375
yeofly1,yeofly1/XC591186.ogg,5.0,1.4898,-75.6801,birdclef-2025/train_audio/yeofly1/XC591186.ogg,Aves,12.32978125
yeofly1,yeofly1/XC607971.ogg,5.0,-16.8402,-49.3158,birdclef-2025/train_audio/yeofly1/XC607971.ogg,Aves,12.773875
yeofly1,yeofly1/XC611394.ogg,4.0,-23.2307,-46.9732,birdclef-2025/train_audio/yeofly1/XC611394.ogg,Aves,13.19184375
yeofly1,yeofly1/XC616609.ogg,5.0,-9.2144,-35.8726,birdclef-2025/train_audio/yeofly1/XC616609.ogg,Aves,3.1608125
yeofly1,yeofly1/XC64289.ogg,4.0,-13.5538,-61.0087,birdclef-2025/train_audio/yeofly1/XC64289.ogg,Aves,12.276
yeofly1,yeofly1/XC643129.ogg,5.0,-32.144,-53.728,birdclef-2025/train_audio/yeofly1/XC643129.ogg,Aves,5.17225
yeofly1,yeofly1/XC643164.ogg,4.0,-13.2317,-38.9484,birdclef-2025/train_audio/yeofly1/XC643164.ogg,Aves,18.25959375
yeofly1,yeofly1/XC657447.ogg,4.0,9.1154,-79.695,birdclef-2025/train_audio/yeofly1/XC657447.ogg,Aves,18.24
yeofly1,yeofly1/XC663853.ogg,4.0,-8.7175,-35.8405,birdclef-2025/train_audio/yeofly1/XC663853.ogg,Aves,18.88653125
yeofly1,yeofly1/XC664438.ogg,4.0,4.4615,-75.0514,birdclef-2025/train_audio/yeofly1/XC664438.ogg,Aves,10.42284375
yeofly1,yeofly1/XC664439.ogg,4.0,4.4615,-75.0514,birdclef-2025/train_audio/yeofly1/XC664439.ogg,Aves,6.84
yeofly1,yeofly1/XC677766.ogg,5.0,-22.3879,-44.5473,birdclef-2025/train_audio/yeofly1/XC677766.ogg,Aves,10.9453125
yeofly1,yeofly1/XC698578.ogg,5.0,-12.5475,-46.3924,birdclef-2025/train_audio/yeofly1/XC698578.ogg,Aves,17.568
yeofly1,yeofly1/XC703847.ogg,4.0,-14.7306,-64.947,birdclef-2025/train_audio/yeofly1/XC703847.ogg,Aves,7.056
yeofly1,yeofly1/XC706946.ogg,5.0,-16.0538,-49.604,birdclef-2025/train_audio/yeofly1/XC706946.ogg,Aves,7.601625
yeofly1,yeofly1/XC707638.ogg,5.0,-20.4593,-55.7819,birdclef-2025/train_audio/yeofly1/XC707638.ogg,Aves,4.25796875
yeofly1,yeofly1/XC725146.ogg,5.0,-26.5872,-49.3283,birdclef-2025/train_audio/yeofly1/XC725146.ogg,Aves,13.244
yeofly1,yeofly1/XC741079.ogg,5.0,-16.5456,-49.1572,birdclef-2025/train_audio/yeofly1/XC741079.ogg,Aves,3.735
yeofly1,yeofly1/XC745519.ogg,5.0,-17.7396,-48.6279,birdclef-2025/train_audio/yeofly1/XC745519.ogg,Aves,4.3624375
yeofly1,yeofly1/XC758793.ogg,4.5,-16.4609,-41.7359,birdclef-2025/train_audio/yeofly1/XC758793.ogg,Aves,6.71346875
yeofly1,yeofly1/XC764126.ogg,4.0,-6.7396,-76.354,birdclef-2025/train_audio/yeofly1/XC764126.ogg,Aves,8.15
yeofly1,yeofly1/XC796988.ogg,4.0,17.1543,-88.8522,birdclef-2025/train_audio/yeofly1/XC796988.ogg,Aves,9.00453125
yeofly1,yeofly1/XC796990.ogg,4.0,17.1543,-88.8522,birdclef-2025/train_audio/yeofly1/XC796990.ogg,Aves,4.66046875
yeofly1,yeofly1/XC800210.ogg,5.0,-16.4727,-49.4959,birdclef-2025/train_audio/yeofly1/XC800210.ogg,Aves,12.0424375
yeofly1,yeofly1/XC803705.ogg,5.0,-16.4727,-49.4959,birdclef-2025/train_audio/yeofly1/XC803705.ogg,Aves,14.31509375
yeofly1,yeofly1/XC811930.ogg,5.0,-16.9039,-49.2218,birdclef-2025/train_audio/yeofly1/XC811930.ogg,Aves,13.68815625
yeofly1,yeofly1/XC817183.ogg,5.0,-6.7131,-47.017,birdclef-2025/train_audio/yeofly1/XC817183.ogg,Aves,10.03103125
yeofly1,yeofly1/XC818328.ogg,4.5,-16.0538,-49.604,birdclef-2025/train_audio/yeofly1/XC818328.ogg,Aves,13.4791875
yeofly1,yeofly1/XC824301.ogg,5.0,5.8001,-55.1167,birdclef-2025/train_audio/yeofly1/XC824301.ogg,Aves,12.182625
yeofly1,yeofly1/XC826348.ogg,4.0,-22.9296,-42.9846,birdclef-2025/train_audio/yeofly1/XC826348.ogg,Aves,7.0
yeofly1,yeofly1/XC830185.ogg,5.0,-6.0697,-50.0627,birdclef-2025/train_audio/yeofly1/XC830185.ogg,Aves,10.161
yeofly1,yeofly1/XC843446.ogg,5.0,-25.627,-54.453,birdclef-2025/train_audio/yeofly1/XC843446.ogg,Aves,2.638
yeofly1,yeofly1/XC843599.ogg,4.0,17.7289,-96.3308,birdclef-2025/train_audio/yeofly1/XC843599.ogg,Aves,8.08778125
yeofly1,yeofly1/XC844035.ogg,4.0,-21.1101,-56.5887,birdclef-2025/train_audio/yeofly1/XC844035.ogg,Aves,14.56803125
yeofly1,yeofly1/XC844036.ogg,4.0,-21.1101,-56.5887,birdclef-2025/train_audio/yeofly1/XC844036.ogg,Aves,5.37565625
yeofly1,yeofly1/XC863912.ogg,4.5,-18.9287,-51.679,birdclef-2025/train_audio/yeofly1/XC863912.ogg,Aves,18.729
yeofly1,yeofly1/XC8867.ogg,4.0,20.491,-87.7315,birdclef-2025/train_audio/yeofly1/XC8867.ogg,Aves,7.706
yeofly1,yeofly1/XC897985.ogg,5.0,-27.4589,-55.1618,birdclef-2025/train_audio/yeofly1/XC897985.ogg,Aves,9.216
yeofly1,yeofly1/XC898297.ogg,5.0,-13.7349,-46.3569,birdclef-2025/train_audio/yeofly1/XC898297.ogg,Aves,8.907
yeofly1,yeofly1/XC898429.ogg,5.0,-12.3747,-44.9552,birdclef-2025/train_audio/yeofly1/XC898429.ogg,Aves,8.411
yeofly1,yeofly1/XC898433.ogg,5.0,-12.3747,-44.9552,birdclef-2025/train_audio/yeofly1/XC898433.ogg,Aves,2.873
yeofly1,yeofly1/XC898452.ogg,5.0,-12.4133,-45.0003,birdclef-2025/train_audio/yeofly1/XC898452.ogg,Aves,8.176
yeofly1,yeofly1/XC901362.ogg,5.0,-13.8891,-50.1832,birdclef-2025/train_audio/yeofly1/XC901362.ogg,Aves,11.952
yeofly1,yeofly1/XC911058.ogg,4.0,5.0647,-75.5922,birdclef-2025/train_audio/yeofly1/XC911058.ogg,Aves,8.592
yeofly1,yeofly1/XC917553.ogg,4.5,-16.527,-49.1213,birdclef-2025/train_audio/yeofly1/XC917553.ogg,Aves,9.639
yeofly1,yeofly1/XC923639.ogg,5.0,5.123,-74.256,birdclef-2025/train_audio/yeofly1/XC923639.ogg,Aves,4.03346875
yeofly1,yeofly1/XC927002.ogg,4.5,-26.7756,-48.7144,birdclef-2025/train_audio/yeofly1/XC927002.ogg,Aves,15.934
yeofly1,yeofly1/XC927096.ogg,5.0,-26.7756,-48.7144,birdclef-2025/train_audio/yeofly1/XC927096.ogg,Aves,6.87
yeofly1,yeofly1/XC932693.ogg,5.0,-15.8751,-48.9345,birdclef-2025/train_audio/yeofly1/XC932693.ogg,Aves,10.814
yeofly1,yeofly1/XC934355.ogg,4.0,17.3138,-88.5573,birdclef-2025/train_audio/yeofly1/XC934355.ogg,Aves,9.59684375
yeofly1,yeofly1/XC950857.ogg,4.0,-23.6156,-45.7744,birdclef-2025/train_audio/yeofly1/XC950857.ogg,Aves,5.976
yeofly1,yeofly1/XC955438.ogg,4.0,9.8328,-83.5635,birdclef-2025/train_audio/yeofly1/XC955438.ogg,Aves,5.64
yeofly1,yeofly1/XC963315.ogg,5.0,-16.5108,-49.2939,birdclef-2025/train_audio/yeofly1/XC963315.ogg,Aves,5.25
yercac1,yercac1/XC10487.ogg,4.0,9.1334,-79.6501,birdclef-2025/train_audio/yercac1/XC10487.ogg,Aves,9.743
yercac1,yercac1/XC10491.ogg,4.0,9.1334,-79.6501,birdclef-2025/train_audio/yercac1/XC10491.ogg,Aves,11.102
yercac1,yercac1/XC118600.ogg,4.0,6.1132,-67.7137,birdclef-2025/train_audio/yercac1/XC118600.ogg,Aves,8.54203125
yercac1,yercac1/XC127212.ogg,4.0,4.1809,-72.9136,birdclef-2025/train_audio/yercac1/XC127212.ogg,Aves,12.46040625
yercac1,yercac1/XC144471.ogg,4.0,-14.315,-38.995,birdclef-2025/train_audio/yercac1/XC144471.ogg,Aves,15.77796875
yercac1,yercac1/XC151354.ogg,4.0,-15.355,-38.982,birdclef-2025/train_audio/yercac1/XC151354.ogg,Aves,15.333875
yercac1,yercac1/XC170553.ogg,4.0,-12.2417,-60.7141,birdclef-2025/train_audio/yercac1/XC170553.ogg,Aves,13.728
yercac1,yercac1/XC180585.ogg,4.0,-6.4515,-76.2909,birdclef-2025/train_audio/yercac1/XC180585.ogg,Aves,12.38203125
yercac1,yercac1/XC180586.ogg,4.0,-6.4515,-76.2909,birdclef-2025/train_audio/yercac1/XC180586.ogg,Aves,12.721625
yercac1,yercac1/XC180708.ogg,4.0,-6.7394,-76.2311,birdclef-2025/train_audio/yercac1/XC180708.ogg,Aves,5.8514375
yercac1,yercac1/XC181079.ogg,4.0,-6.004,-77.2675,birdclef-2025/train_audio/yercac1/XC181079.ogg,Aves,13.79265625
yercac1,yercac1/XC208714.ogg,4.0,-0.3445,-76.9941,birdclef-2025/train_audio/yercac1/XC208714.ogg,Aves,8.4114375
yercac1,yercac1/XC212908.ogg,4.0,-2.6834,-60.7501,birdclef-2025/train_audio/yercac1/XC212908.ogg,Aves,18.07675
yercac1,yercac1/XC250554.ogg,4.0,-4.3,-78.683,birdclef-2025/train_audio/yercac1/XC250554.ogg,Aves,18.99103125
yercac1,yercac1/XC259947.ogg,5.0,-1.035,-77.399,birdclef-2025/train_audio/yercac1/XC259947.ogg,Aves,18.20734375
yercac1,yercac1/XC259953.ogg,5.0,-0.498,-76.373,birdclef-2025/train_audio/yercac1/XC259953.ogg,Aves,16.27428125
yercac1,yercac1/XC259955.ogg,5.0,-0.472,-76.459,birdclef-2025/train_audio/yercac1/XC259955.ogg,Aves,16.770625
yercac1,yercac1/XC259957.ogg,5.0,-2.427,-79.605,birdclef-2025/train_audio/yercac1/XC259957.ogg,Aves,19.56571875
yercac1,yercac1/XC259959.ogg,5.0,-2.159,-80.037,birdclef-2025/train_audio/yercac1/XC259959.ogg,Aves,9.14284375
yercac1,yercac1/XC259960.ogg,5.0,-2.159,-80.037,birdclef-2025/train_audio/yercac1/XC259960.ogg,Aves,18.78203125
yercac1,yercac1/XC264891.ogg,5.0,-2.159,-80.037,birdclef-2025/train_audio/yercac1/XC264891.ogg,Aves,14.8375625
yercac1,yercac1/XC275788.ogg,5.0,-2.159,-80.037,birdclef-2025/train_audio/yercac1/XC275788.ogg,Aves,16.1175625
yercac1,yercac1/XC282565.ogg,5.0,-2.15,-80.05,birdclef-2025/train_audio/yercac1/XC282565.ogg,Aves,11.31103125
yercac1,yercac1/XC303092.ogg,4.0,1.4787,-62.2446,birdclef-2025/train_audio/yercac1/XC303092.ogg,Aves,14.328
yercac1,yercac1/XC355933.ogg,5.0,-3.8983,-80.087,birdclef-2025/train_audio/yercac1/XC355933.ogg,Aves,1.8546875
yercac1,yercac1/XC377883.ogg,5.0,-4.0735,-69.9952,birdclef-2025/train_audio/yercac1/XC377883.ogg,Aves,10.39675
yercac1,yercac1/XC417140.ogg,4.0,10.6216,-75.242,birdclef-2025/train_audio/yercac1/XC417140.ogg,Aves,18.0245
yercac1,yercac1/XC421355.ogg,4.0,-16.0845,-39.3405,birdclef-2025/train_audio/yercac1/XC421355.ogg,Aves,7.549375
yercac1,yercac1/XC440961.ogg,5.0,-11.9787,-49.8953,birdclef-2025/train_audio/yercac1/XC440961.ogg,Aves,11.36325
yercac1,yercac1/XC461404.ogg,4.5,-0.4714,-76.4603,birdclef-2025/train_audio/yercac1/XC461404.ogg,Aves,10.824
yercac1,yercac1/XC482632.ogg,5.0,-14.625,-49.0051,birdclef-2025/train_audio/yercac1/XC482632.ogg,Aves,19.069
yercac1,yercac1/XC493176.ogg,5.0,-7.0908,-48.2134,birdclef-2025/train_audio/yercac1/XC493176.ogg,Aves,18.91265625
yercac1,yercac1/XC508220.ogg,5.0,4.7216,-52.3073,birdclef-2025/train_audio/yercac1/XC508220.ogg,Aves,13.71428125
yercac1,yercac1/XC535891.ogg,4.0,-8.7512,-68.9938,birdclef-2025/train_audio/yercac1/XC535891.ogg,Aves,16.0130625
yercac1,yercac1/XC549877.ogg,5.0,1.4898,-75.6801,birdclef-2025/train_audio/yercac1/XC549877.ogg,Aves,9.072
yercac1,yercac1/XC591265.ogg,5.0,-16.5631,-49.285,birdclef-2025/train_audio/yercac1/XC591265.ogg,Aves,18.88653125
yercac1,yercac1/XC63199.ogg,4.0,-11.8667,-71.3667,birdclef-2025/train_audio/yercac1/XC63199.ogg,Aves,19.836
yercac1,yercac1/XC690992.ogg,5.0,1.4898,-75.6801,birdclef-2025/train_audio/yercac1/XC690992.ogg,Aves,11.0236875
yercac1,yercac1/XC691977.ogg,5.0,-16.0538,-49.604,birdclef-2025/train_audio/yercac1/XC691977.ogg,Aves,10.29225
yercac1,yercac1/XC693002.ogg,4.0,-1.6779,-80.7952,birdclef-2025/train_audio/yercac1/XC693002.ogg,Aves,10.848
yercac1,yercac1/XC695658.ogg,5.0,9.1368,-79.7236,birdclef-2025/train_audio/yercac1/XC695658.ogg,Aves,13.488
yercac1,yercac1/XC731560.ogg,4.0,-14.625,-49.0051,birdclef-2025/train_audio/yercac1/XC731560.ogg,Aves,3.578
yercac1,yercac1/XC743223.ogg,4.5,-16.5456,-49.1572,birdclef-2025/train_audio/yercac1/XC743223.ogg,Aves,6.11265625
yercac1,yercac1/XC745534.ogg,4.0,-17.7396,-48.6279,birdclef-2025/train_audio/yercac1/XC745534.ogg,Aves,5.27675
yercac1,yercac1/XC754963.ogg,4.0,-11.586,-55.3988,birdclef-2025/train_audio/yercac1/XC754963.ogg,Aves,8.56815625
yercac1,yercac1/XC755208.ogg,5.0,-11.7519,-55.638,birdclef-2025/train_audio/yercac1/XC755208.ogg,Aves,4.93715625
yercac1,yercac1/XC761498.ogg,5.0,-16.0538,-49.604,birdclef-2025/train_audio/yercac1/XC761498.ogg,Aves,4.15346875
yercac1,yercac1/XC767421.ogg,5.0,-1.0685,-80.8879,birdclef-2025/train_audio/yercac1/XC767421.ogg,Aves,14.184
yercac1,yercac1/XC803726.ogg,5.0,-16.4727,-49.4959,birdclef-2025/train_audio/yercac1/XC803726.ogg,Aves,9.5085625
yercac1,yercac1/XC821804.ogg,4.0,-8.3146,-63.8886,birdclef-2025/train_audio/yercac1/XC821804.ogg,Aves,5.041625
yercac1,yercac1/XC837929.ogg,5.0,-14.0858,-50.8244,birdclef-2025/train_audio/yercac1/XC837929.ogg,Aves,2.87346875
yercac1,yercac1/XC838052.ogg,4.5,-14.0858,-50.8244,birdclef-2025/train_audio/yercac1/XC838052.ogg,Aves,15.59509375
yercac1,yercac1/XC838421.ogg,4.0,-18.9287,-51.679,birdclef-2025/train_audio/yercac1/XC838421.ogg,Aves,8.881625
yercac1,yercac1/XC939899.ogg,5.0,1.8299,-61.1451,birdclef-2025/train_audio/yercac1/XC939899.ogg,Aves,6.53
yercac1,yercac1/XC952284.ogg,5.0,-1.9928,-80.423,birdclef-2025/train_audio/yercac1/XC952284.ogg,Aves,7.59471875
yercac1,yercac1/XC962435.ogg,4.0,-12.5358,-69.0499,birdclef-2025/train_audio/yercac1/XC962435.ogg,Aves,19.464
ywcpar,ywcpar/XC129921.ogg,5.0,-9.5981,-55.932,birdclef-2025/train_audio/ywcpar/XC129921.ogg,Aves,19.56
ywcpar,ywcpar/XC151953.ogg,5.0,-4.5778,-56.3338,birdclef-2025/train_audio/ywcpar/XC151953.ogg,Aves,16.032
ywcpar,ywcpar/XC221598.ogg,5.0,7.5637,-69.4968,birdclef-2025/train_audio/ywcpar/XC221598.ogg,Aves,13.68815625
ywcpar,ywcpar/XC257693.ogg,4.0,-0.498,-76.373,birdclef-2025/train_audio/ywcpar/XC257693.ogg,Aves,16.24815625
ywcpar,ywcpar/XC358764.ogg,4.0,-5.2036,-48.371,birdclef-2025/train_audio/ywcpar/XC358764.ogg,Aves,14.94203125
ywcpar,ywcpar/XC382456.ogg,4.0,9.9261,-75.1074,birdclef-2025/train_audio/ywcpar/XC382456.ogg,Aves,14.376
ywcpar,ywcpar/XC382486.ogg,5.0,9.9261,-75.1074,birdclef-2025/train_audio/ywcpar/XC382486.ogg,Aves,13.944
ywcpar,ywcpar/XC407235.ogg,5.0,1.483,-61.0109,birdclef-2025/train_audio/ywcpar/XC407235.ogg,Aves,14.112
ywcpar,ywcpar/XC425945.ogg,5.0,4.4297,-75.1893,birdclef-2025/train_audio/ywcpar/XC425945.ogg,Aves,5.28
ywcpar,ywcpar/XC439450.ogg,5.0,9.4788,-68.6019,birdclef-2025/train_audio/ywcpar/XC439450.ogg,Aves,18.5730625
ywcpar,ywcpar/XC465869.ogg,4.0,9.4788,-68.6019,birdclef-2025/train_audio/ywcpar/XC465869.ogg,Aves,3.866125
ywcpar,ywcpar/XC493187.ogg,4.5,-7.0908,-48.2134,birdclef-2025/train_audio/ywcpar/XC493187.ogg,Aves,17.65878125
ywcpar,ywcpar/XC521305.ogg,4.5,-9.5981,-55.932,birdclef-2025/train_audio/ywcpar/XC521305.ogg,Aves,19.43509375
ywcpar,ywcpar/XC525463.ogg,5.0,0.2131,-72.4236,birdclef-2025/train_audio/ywcpar/XC525463.ogg,Aves,14.55021875
ywcpar,ywcpar/XC535878.ogg,4.0,-8.7512,-68.9938,birdclef-2025/train_audio/ywcpar/XC535878.ogg,Aves,14.23675
ywcpar,ywcpar/XC536666.ogg,5.0,-8.7512,-68.9938,birdclef-2025/train_audio/ywcpar/XC536666.ogg,Aves,6.373875
ywcpar,ywcpar/XC541592.ogg,5.0,8.6137,-79.7438,birdclef-2025/train_audio/ywcpar/XC541592.ogg,Aves,9.221
ywcpar,ywcpar/XC558278.ogg,4.0,4.7619,-74.1038,birdclef-2025/train_audio/ywcpar/XC558278.ogg,Aves,5.424
ywcpar,ywcpar/XC602762.ogg,4.0,-13.493,-61.0984,birdclef-2025/train_audio/ywcpar/XC602762.ogg,Aves,10.992
ywcpar,ywcpar/XC821651.ogg,5.0,-8.482,-63.9555,birdclef-2025/train_audio/ywcpar/XC821651.ogg,Aves,11.650625
ywcpar,ywcpar/XC837296.ogg,5.0,3.6543,-61.4191,birdclef-2025/train_audio/ywcpar/XC837296.ogg,Aves,13.056
ywcpar,ywcpar/XC84854.ogg,5.0,-9.5981,-55.932,birdclef-2025/train_audio/ywcpar/XC84854.ogg,Aves,13.81878125
ywcpar,ywcpar/XC84856.ogg,4.0,-4.5167,-56.3001,birdclef-2025/train_audio/ywcpar/XC84856.ogg,Aves,6.87021875
ywcpar,ywcpar/XC863679.ogg,4.0,9.9855,-69.2486,birdclef-2025/train_audio/ywcpar/XC863679.ogg,Aves,17.031
ywcpar,ywcpar/XC893653.ogg,5.0,5.3395,-72.3831,birdclef-2025/train_audio/ywcpar/XC893653.ogg,Aves,15.048
ywcpar,ywcpar/XC939934.ogg,5.0,1.7914,-61.1375,birdclef-2025/train_audio/ywcpar/XC939934.ogg,Aves,17.188
